Qtd_Retangulos,Greedy_Verts,Greedy_Rects,Greedy_Rects_and_Verts,Greedy_Neighbors,Constraints Propagation,Constraint Programming,Integer Programming,Dynamic Programming,Extended Solution (D=1),Extended Solution (D=2)
1,1.2636184692382812e-05,1.8358230590820312e-05,1.4781951904296875e-05,1.7404556274414062e-05,0.0016436576843261719,0.026988506317138672,0.1043705940246582,3.409385681152344e-05
1,1.621246337890625e-05,2.0265579223632812e-05,1.52587890625e-05,1.9311904907226562e-05,0.0002453327178955078,0.004063606262207031,0.0038416385650634766,2.8848648071289062e-05
1,1.4781951904296875e-05,1.7404556274414062e-05,1.3828277587890625e-05,2.09808349609375e-05,0.0002543926239013672,0.0039370059967041016,0.0065882205963134766,3.2901763916015625e-05
1,1.6450881958007812e-05,1.9073486328125e-05,1.33514404296875e-05,2.193450927734375e-05,0.00024390220642089844,0.0038857460021972656,0.0034546852111816406,2.86102294921875e-05
1,1.4066696166992188e-05,1.811981201171875e-05,9.5367431640625e-06,1.6689300537109375e-05,0.00029659271240234375,0.0044748783111572266,0.004402637481689453,3.409385681152344e-05
1,1.4543533325195312e-05,1.8835067749023438e-05,1.3589859008789062e-05,2.2172927856445312e-05,0.00023365020751953125,0.0044629573822021484,0.003994464874267578,3.24249267578125e-05
1,1.5497207641601562e-05,1.7881393432617188e-05,1.4543533325195312e-05,3.409385681152344e-05,0.00025773048400878906,0.003954887390136719,0.0051572322845458984,7.843971252441406e-05
1,1.3828277587890625e-05,1.8835067749023438e-05,1.430511474609375e-05,2.09808349609375e-05,0.0002257823944091797,0.004517555236816406,0.005079030990600586,2.9087066650390625e-05
1,1.7404556274414062e-05,2.0265579223632812e-05,1.5735626220703125e-05,2.4080276489257812e-05,0.0002295970916748047,0.004564762115478516,0.003676176071166992,0.00012564659118652344
1,2.4080276489257812e-05,3.2901763916015625e-05,1.9550323486328125e-05,2.6226043701171875e-05,0.0002720355987548828,0.003908395767211914,0.00386810302734375,2.956390380859375e-05
2,1.7881393432617188e-05,2.384185791015625e-05,1.621246337890625e-05,2.6464462280273438e-05,0.00039696693420410156,0.004942178726196289,0.0041904449462890625,3.504753112792969e-05
2,1.9550323486328125e-05,2.5510787963867188e-05,1.6927719116210938e-05,2.8371810913085938e-05,0.0008370876312255859,0.005957603454589844,0.004253387451171875,3.695487976074219e-05
2,2.4557113647460938e-05,2.6464462280273438e-05,2.2649765014648438e-05,2.3365020751953125e-05,0.0008141994476318359,0.00536346435546875,0.004289865493774414,3.7670135498046875e-05
2,2.4318695068359375e-05,3.123283386230469e-05,1.7642974853515625e-05,2.4318695068359375e-05,0.0004987716674804688,0.0046863555908203125,0.0047817230224609375,4.673004150390625e-05
2,1.8596649169921875e-05,2.1219253540039062e-05,1.7881393432617188e-05,3.24249267578125e-05,0.0003845691680908203,0.0060808658599853516,0.003562450408935547,4.601478576660156e-05
2,2.3126602172851562e-05,2.4557113647460938e-05,1.811981201171875e-05,3.0279159545898438e-05,0.0005903244018554688,0.010159492492675781,0.0042629241943359375,4.839897155761719e-05
2,1.7881393432617188e-05,2.574920654296875e-05,1.5020370483398438e-05,2.8371810913085938e-05,0.0003795623779296875,0.007586240768432617,0.004606962203979492,4.6253204345703125e-05
2,2.2172927856445312e-05,2.5272369384765625e-05,1.7642974853515625e-05,2.956390380859375e-05,0.0004456043243408203,0.004775285720825195,0.0046269893646240234,4.744529724121094e-05
2,2.574920654296875e-05,3.218650817871094e-05,2.193450927734375e-05,4.172325134277344e-05,0.0008325576782226562,0.005300283432006836,0.005638837814331055,3.0994415283203125e-05
2,2.193450927734375e-05,2.6941299438476562e-05,1.621246337890625e-05,2.9087066650390625e-05,0.000782012939453125,0.00468754768371582,0.005345582962036133,3.218650817871094e-05
3,2.2411346435546875e-05,2.288818359375e-05,1.8358230590820312e-05,4.6253204345703125e-05,0.0009286403656005859,0.006600379943847656,0.0047876834869384766,4.124641418457031e-05
3,3.981590270996094e-05,4.792213439941406e-05,3.3855438232421875e-05,7.200241088867188e-05,0.0011458396911621094,0.00549626350402832,0.0052678585052490234,5.9604644775390625e-05
3,7.343292236328125e-05,0.00027942657470703125,4.029273986816406e-05,0.0002009868621826172,0.0018007755279541016,0.006386280059814453,0.006548166275024414,5.650520324707031e-05
3,1.33514404296875e-05,1.811981201171875e-05,1.2874603271484375e-05,1.7404556274414062e-05,0.0009388923645019531,0.006036043167114258,0.00372314453125,3.457069396972656e-05
3,3.457069396972656e-05,3.24249267578125e-05,2.8848648071289062e-05,5.6743621826171875e-05,0.000629425048828125,0.006211280822753906,0.0046312808990478516,5.245208740234375e-05
3,1.1205673217773438e-05,1.7881393432617188e-05,8.821487426757812e-06,1.6450881958007812e-05,0.0005626678466796875,0.004404544830322266,0.004103422164916992,3.5762786865234375e-05
3,2.3365020751953125e-05,2.5272369384765625e-05,2.1457672119140625e-05,5.078315734863281e-05,0.0005924701690673828,0.00503230094909668,0.0048313140869140625,3.719329833984375e-05
3,1.5974044799804688e-05,2.2172927856445312e-05,1.5974044799804688e-05,1.5020370483398438e-05,0.0007417201995849609,0.003502368927001953,0.004574775695800781,3.528594970703125e-05
3,2.4557113647460938e-05,2.4318695068359375e-05,2.384185791015625e-05,4.267692565917969e-05,0.0009915828704833984,0.006776094436645508,0.00573420524597168,5.745887756347656e-05
3,4.4345855712890625e-05,3.9577484130859375e-05,3.123283386230469e-05,5.745887756347656e-05,0.0008306503295898438,0.006047964096069336,0.0067098140716552734,3.981590270996094e-05
4,3.528594970703125e-05,3.552436828613281e-05,3.552436828613281e-05,6.842613220214844e-05,0.001687765121459961,0.0069580078125,0.005263805389404297,4.6253204345703125e-05
4,1.8835067749023438e-05,2.9087066650390625e-05,1.8596649169921875e-05,2.5033950805664062e-05,0.000881195068359375,0.006560087203979492,0.003548145294189453,6.103515625e-05
4,2.8848648071289062e-05,3.933906555175781e-05,2.8371810913085938e-05,3.62396240234375e-05,0.00180816650390625,0.006665468215942383,0.003901243209838867,3.218650817871094e-05
4,5.626678466796875e-05,3.933906555175781e-05,3.886222839355469e-05,7.43865966796875e-05,0.0009233951568603516,0.005500078201293945,0.006622791290283203,7.295608520507812e-05
4,4.1961669921875e-05,4.124641418457031e-05,3.314018249511719e-05,5.364418029785156e-05,0.0016472339630126953,0.0058193206787109375,0.005328655242919922,8.392333984375e-05
4,1.7404556274414062e-05,2.3126602172851562e-05,1.9550323486328125e-05,2.5987625122070312e-05,0.0008132457733154297,0.005138874053955078,0.003316640853881836,7.05718994140625e-05
4,1.9788742065429688e-05,2.193450927734375e-05,1.71661376953125e-05,3.337860107421875e-05,0.0012173652648925781,0.0067157745361328125,0.004065990447998047,4.410743713378906e-05
4,2.002716064453125e-05,3.814697265625e-05,1.9550323486328125e-05,2.6226043701171875e-05,0.0017545223236083984,0.005319833755493164,0.004221916198730469,3.910064697265625e-05
4,4.649162292480469e-05,3.886222839355469e-05,2.8133392333984375e-05,6.29425048828125e-05,0.0008816719055175781,0.00564265251159668,0.006346702575683594,4.863739013671875e-05
4,5.1975250244140625e-05,4.0531158447265625e-05,0.00016427040100097656,7.43865966796875e-05,0.0008690357208251953,0.007063865661621094,0.005501985549926758,8.273124694824219e-05
5,4.1484832763671875e-05,4.506111145019531e-05,3.1948089599609375e-05,0.00010156631469726562,0.0020182132720947266,0.008626699447631836,0.004656791687011719,0.00016951560974121094
5,7.128715515136719e-05,4.9114227294921875e-05,5.030632019042969e-05,0.0001163482666015625,0.001617431640625,0.0057942867279052734,0.005616903305053711,6.628036499023438e-05
5,1.9550323486328125e-05,2.6464462280273438e-05,2.288818359375e-05,3.24249267578125e-05,0.001176595687866211,0.004776954650878906,0.004427671432495117,3.910064697265625e-05
5,4.482269287109375e-05,3.3855438232421875e-05,3.552436828613281e-05,8.153915405273438e-05,0.0013418197631835938,0.007706880569458008,0.004508256912231445,0.00012135505676269531
5,2.9325485229492188e-05,3.790855407714844e-05,2.9087066650390625e-05,4.506111145019531e-05,0.0034923553466796875,0.006598234176635742,0.004512786865234375,4.673004150390625e-05
5,2.86102294921875e-05,3.337860107421875e-05,2.9802322387695312e-05,4.57763671875e-05,0.0013408660888671875,0.006510734558105469,0.003408193588256836,0.0003337860107421875
5,9.775161743164062e-05,3.337860107421875e-05,3.123283386230469e-05,4.839897155761719e-05,0.0010800361633300781,0.009063005447387695,0.004374980926513672,8.344650268554688e-05
5,1.9788742065429688e-05,5.2928924560546875e-05,2.0503997802734375e-05,2.9325485229492188e-05,0.0010237693786621094,0.004048824310302734,0.0032930374145507812,3.1948089599609375e-05
5,1.811981201171875e-05,2.2411346435546875e-05,1.8596649169921875e-05,2.7418136596679688e-05,0.0015919208526611328,0.006095409393310547,0.0046694278717041016,6.723403930664062e-05
5,3.266334533691406e-05,4.506111145019531e-05,3.62396240234375e-05,4.291534423828125e-05,0.006661176681518555,0.007302522659301758,0.009900331497192383,3.6716461181640625e-05
6,3.7670135498046875e-05,3.266334533691406e-05,3.0040740966796875e-05,6.175041198730469e-05,0.0014748573303222656,0.006551265716552734,0.0057163238525390625,8.916854858398438e-05
6,2.574920654296875e-05,3.600120544433594e-05,2.2411346435546875e-05,3.790855407714844e-05,0.0016753673553466797,0.004367351531982422,0.0042266845703125,3.886222839355469e-05
6,2.3365020751953125e-05,2.6226043701171875e-05,2.2411346435546875e-05,3.409385681152344e-05,0.0013747215270996094,0.005166530609130859,0.0034742355346679688,7.62939453125e-05
6,2.574920654296875e-05,3.838539123535156e-05,2.7894973754882812e-05,4.744529724121094e-05,0.0019931793212890625,0.005068302154541016,0.0063629150390625,5.2928924560546875e-05
6,3.981590270996094e-05,4.57763671875e-05,3.814697265625e-05,6.246566772460938e-05,0.001215219497680664,0.006731986999511719,0.004288673400878906,0.00021195411682128906
6,2.2649765014648438e-05,2.4080276489257812e-05,2.0503997802734375e-05,3.504753112792969e-05,0.0012547969818115234,0.004431724548339844,0.003802776336669922,4.553794860839844e-05
6,7.390975952148438e-05,0.0001671314239501953,5.078315734863281e-05,6.0558319091796875e-05,0.002913236618041992,0.009908437728881836,0.006315469741821289,5.793571472167969e-05
6,2.5033950805664062e-05,2.6941299438476562e-05,2.6226043701171875e-05,3.457069396972656e-05,0.0018215179443359375,0.00560307502746582,0.009083986282348633,9.5367431640625e-05
6,2.2411346435546875e-05,2.6226043701171875e-05,2.3365020751953125e-05,3.504753112792969e-05,0.0012166500091552734,0.0047168731689453125,0.003774404525756836,4.887580871582031e-05
6,2.1219253540039062e-05,2.4318695068359375e-05,1.9550323486328125e-05,3.0040740966796875e-05,0.0018885135650634766,0.006047487258911133,0.003576993942260742,4.4345855712890625e-05
7,4.7206878662109375e-05,4.100799560546875e-05,3.814697265625e-05,9.250640869140625e-05,0.0016696453094482422,0.007966756820678711,0.006356000900268555,0.0001678466796875
7,3.647804260253906e-05,3.647804260253906e-05,3.409385681152344e-05,5.221366882324219e-05,0.0017626285552978516,0.008010387420654297,0.005583286285400391,6.651878356933594e-05
7,3.2901763916015625e-05,3.1948089599609375e-05,2.288818359375e-05,3.9577484130859375e-05,0.0019826889038085938,0.007927179336547852,0.006176948547363281,7.62939453125e-05
7,4.3392181396484375e-05,3.4809112548828125e-05,3.0517578125e-05,7.510185241699219e-05,0.0018606185913085938,0.009699821472167969,0.005345344543457031,0.0001723766326904297
7,4.553794860839844e-05,3.743171691894531e-05,3.790855407714844e-05,8.153915405273438e-05,0.00182342529296875,0.011877298355102539,0.012300729751586914,0.0002315044403076172
7,3.409385681152344e-05,3.075599670410156e-05,2.765655517578125e-05,4.4345855712890625e-05,0.002103567123413086,0.006159067153930664,0.005561113357543945,6.413459777832031e-05
7,4.792213439941406e-05,3.8623809814453125e-05,3.4332275390625e-05,6.532669067382812e-05,0.0035560131072998047,0.0102996826171875,0.004952907562255859,0.00018167495727539062
7,2.8848648071289062e-05,3.170967102050781e-05,2.5033950805664062e-05,4.38690185546875e-05,0.0028536319732666016,0.006231069564819336,0.004484415054321289,8.034706115722656e-05
7,5.7220458984375e-05,3.552436828613281e-05,3.62396240234375e-05,7.343292236328125e-05,0.0018155574798583984,0.008021116256713867,0.006753683090209961,0.00018739700317382812
7,5.2928924560546875e-05,3.910064697265625e-05,3.528594970703125e-05,7.486343383789062e-05,0.002006053924560547,0.010699748992919922,0.0052716732025146484,0.00019884109497070312
8,6.461143493652344e-05,5.3882598876953125e-05,4.792213439941406e-05,0.0001163482666015625,0.0027697086334228516,0.011643648147583008,0.006721019744873047,0.00037980079650878906
8,3.24249267578125e-05,3.314018249511719e-05,3.0994415283203125e-05,5.5789947509765625e-05,0.004895448684692383,0.007025718688964844,0.005985260009765625,0.0002009868621826172
8,3.719329833984375e-05,4.0531158447265625e-05,3.886222839355469e-05,6.508827209472656e-05,0.002482175827026367,0.010210752487182617,0.008029937744140625,0.0002837181091308594
8,4.315376281738281e-05,4.267692565917969e-05,4.100799560546875e-05,5.817413330078125e-05,0.0021185874938964844,0.007738351821899414,0.004477262496948242,0.00010323524475097656
8,3.5762786865234375e-05,4.0531158447265625e-05,3.218650817871094e-05,5.5789947509765625e-05,0.002386331558227539,0.005077362060546875,0.004944801330566406,0.00011134147644042969
8,3.886222839355469e-05,3.933906555175781e-05,3.1948089599609375e-05,5.459785461425781e-05,0.0028820037841796875,0.00928354263305664,0.006127119064331055,0.0005164146423339844
8,6.723403930664062e-05,7.390975952148438e-05,6.556510925292969e-05,0.00016427040100097656,0.003603219985961914,0.009418010711669922,0.004944562911987305,0.00015974044799804688
8,3.314018249511719e-05,3.695487976074219e-05,3.0517578125e-05,5.0067901611328125e-05,0.002171039581298828,0.01050424575805664,0.004165172576904297,0.00016450881958007812
8,3.62396240234375e-05,3.7670135498046875e-05,3.170967102050781e-05,5.626678466796875e-05,0.0026056766510009766,0.009578466415405273,0.008106708526611328,0.0002281665802001953
8,5.602836608886719e-05,4.8160552978515625e-05,4.1484832763671875e-05,9.465217590332031e-05,0.0025980472564697266,0.014523506164550781,0.005564689636230469,0.0006506443023681641
9,7.081031799316406e-05,5.459785461425781e-05,5.054473876953125e-05,0.0001068115234375,0.0032808780670166016,0.016967058181762695,0.008299112319946289,0.0008459091186523438
9,7.987022399902344e-05,4.8160552978515625e-05,4.9591064453125e-05,0.00010323524475097656,0.004397392272949219,0.016968488693237305,0.007128238677978516,0.0012922286987304688
9,5.841255187988281e-05,6.508827209472656e-05,6.031990051269531e-05,0.00012302398681640625,0.0032176971435546875,0.007684946060180664,0.006337642669677734,0.00022602081298828125
9,7.43865966796875e-05,5.2928924560546875e-05,4.9591064453125e-05,9.965896606445312e-05,0.009316205978393555,0.009583473205566406,0.0059185028076171875,0.00058746337890625
9,3.886222839355469e-05,3.552436828613281e-05,3.504753112792969e-05,5.984306335449219e-05,0.0023763179779052734,0.007101774215698242,0.004799842834472656,0.0001583099365234375
9,4.6253204345703125e-05,4.1961669921875e-05,3.4809112548828125e-05,6.628036499023438e-05,0.002521991729736328,0.0072634220123291016,0.005516767501831055,0.0001652240753173828
9,6.198883056640625e-05,4.172325134277344e-05,3.981590270996094e-05,9.942054748535156e-05,0.0034341812133789062,0.009698629379272461,0.0059337615966796875,0.0005822181701660156
9,3.457069396972656e-05,3.528594970703125e-05,3.337860107421875e-05,5.817413330078125e-05,0.005214214324951172,0.007992744445800781,0.005243062973022461,0.0002453327178955078
9,3.4332275390625e-05,3.5762786865234375e-05,3.24249267578125e-05,5.602836608886719e-05,0.002409219741821289,0.007528543472290039,0.004446744918823242,0.0001583099365234375
9,3.24249267578125e-05,3.4809112548828125e-05,2.9325485229492188e-05,5.1021575927734375e-05,0.0028142929077148438,0.006959199905395508,0.005082368850708008,0.0001728534698486328
10,4.291534423828125e-05,4.839897155761719e-05,3.314018249511719e-05,5.555152893066406e-05,0.002959012985229492,0.004638671875,0.004135608673095703,0.00017142295837402344
10,7.319450378417969e-05,4.57763671875e-05,4.38690185546875e-05,0.00010061264038085938,0.003366231918334961,0.010369300842285156,0.0055277347564697266,0.000989675521850586
10,4.315376281738281e-05,4.291534423828125e-05,3.719329833984375e-05,7.987022399902344e-05,0.0030515193939208984,0.007381916046142578,0.005160093307495117,0.00028014183044433594
10,6.365776062011719e-05,4.673004150390625e-05,4.482269287109375e-05,0.0001068115234375,0.004428386688232422,0.019832134246826172,0.01083230972290039,0.001222372055053711
10,7.62939453125e-05,4.5299530029296875e-05,5.030632019042969e-05,0.00010538101196289062,0.004540205001831055,0.011842727661132812,0.0045740604400634766,0.0010936260223388672
10,0.0001475811004638672,8.797645568847656e-05,9.632110595703125e-05,0.0002582073211669922,0.006600856781005859,0.01617264747619629,0.00758814811706543,0.0011661052703857422
10,7.653236389160156e-05,5.14984130859375e-05,4.482269287109375e-05,0.00010848045349121094,0.006034135818481445,0.010999202728271484,0.004851341247558594,0.0019965171813964844
10,8.416175842285156e-05,6.699562072753906e-05,5.555152893066406e-05,0.00011444091796875,0.004307746887207031,0.009671688079833984,0.007428169250488281,0.0015988349914550781
10,4.649162292480469e-05,3.9577484130859375e-05,3.457069396972656e-05,6.771087646484375e-05,0.004691600799560547,0.00842905044555664,0.005997419357299805,0.0002465248107910156
10,0.0001049041748046875,6.318092346191406e-05,5.817413330078125e-05,0.00013256072998046875,0.006578922271728516,0.011371850967407227,0.005849361419677734,0.002058267593383789
11,8.273124694824219e-05,6.771087646484375e-05,7.200241088867188e-05,0.00010800361633300781,0.007103443145751953,0.006747722625732422,0.004678249359130859,0.0002956390380859375
11,7.152557373046875e-05,5.054473876953125e-05,5.245208740234375e-05,0.00010013580322265625,0.00503087043762207,0.011262178421020508,0.005453824996948242,0.0005640983581542969
11,6.175041198730469e-05,5.2928924560546875e-05,4.172325134277344e-05,9.489059448242188e-05,0.004007577896118164,0.00974130630493164,0.006479501724243164,0.0006475448608398438
11,4.5299530029296875e-05,3.933906555175781e-05,3.504753112792969e-05,6.794929504394531e-05,0.0037844181060791016,0.00698089599609375,0.00557708740234375,0.0005645751953125
11,5.245208740234375e-05,4.291534423828125e-05,3.743171691894531e-05,7.367134094238281e-05,0.0036444664001464844,0.008368968963623047,0.00482940673828125,0.0004942417144775391
11,4.792213439941406e-05,4.363059997558594e-05,3.719329833984375e-05,8.320808410644531e-05,0.003337860107421875,0.0072438716888427734,0.007256984710693359,0.00048065185546875
11,8.130073547363281e-05,0.0001163482666015625,5.173683166503906e-05,0.0002498626708984375,0.003485441207885742,0.010200262069702148,0.005754947662353516,0.003151416778564453
11,5.936622619628906e-05,4.1484832763671875e-05,4.38690185546875e-05,8.869171142578125e-05,0.0041446685791015625,0.00853872299194336,0.005269527435302734,0.0006394386291503906
11,4.935264587402344e-05,3.981590270996094e-05,3.504753112792969e-05,6.723403930664062e-05,0.003816843032836914,0.00711369514465332,0.004625558853149414,0.0003287792205810547
11,6.365776062011719e-05,5.125999450683594e-05,4.553794860839844e-05,0.00012230873107910156,0.004244565963745117,0.01122140884399414,0.005145549774169922,0.0025587081909179688
12,5.507469177246094e-05,4.410743713378906e-05,4.220008850097656e-05,7.82012939453125e-05,0.003969907760620117,0.006816864013671875,0.004730224609375,0.0006172657012939453
12,8.58306884765625e-05,5.555152893066406e-05,6.127357482910156e-05,0.00012063980102539062,0.007794618606567383,0.0175778865814209,0.006073713302612305,0.0041005611419677734
12,5.078315734863281e-05,4.00543212890625e-05,3.933906555175781e-05,0.00013709068298339844,0.004300832748413086,0.008782148361206055,0.004208803176879883,0.0006878376007080078
12,8.296966552734375e-05,4.863739013671875e-05,5.1021575927734375e-05,0.00012993812561035156,0.006242513656616211,0.01267552375793457,0.00658416748046875,0.00480961799621582
12,5.5789947509765625e-05,4.482269287109375e-05,4.601478576660156e-05,0.00010251998901367188,0.008356571197509766,0.011976003646850586,0.006076335906982422,0.0018198490142822266
12,5.5789947509765625e-05,9.322166442871094e-05,4.57763671875e-05,9.894371032714844e-05,0.006207466125488281,0.010218381881713867,0.00709986686706543,0.0009326934814453125
12,5.269050598144531e-05,3.981590270996094e-05,4.076957702636719e-05,8.440017700195312e-05,0.005582571029663086,0.011795759201049805,0.007085084915161133,0.0009639263153076172
12,5.245208740234375e-05,5.7220458984375e-05,4.1484832763671875e-05,8.225440979003906e-05,0.00612187385559082,0.007851839065551758,0.004770517349243164,0.0006511211395263672
12,5.1021575927734375e-05,4.291534423828125e-05,4.100799560546875e-05,7.081031799316406e-05,0.006172895431518555,0.0062410831451416016,0.004411935806274414,0.0004172325134277344
12,6.29425048828125e-05,4.935264587402344e-05,4.553794860839844e-05,9.560585021972656e-05,0.005186319351196289,0.015493631362915039,0.005131721496582031,0.0009734630584716797
13,0.0001506805419921875,0.00010013580322265625,6.198883056640625e-05,0.00014257431030273438,0.006373405456542969,0.01031184196472168,0.006927013397216797,0.00816655158996582
13,8.487701416015625e-05,5.245208740234375e-05,5.3882598876953125e-05,0.00014662742614746094,0.007300138473510742,0.010432958602905273,0.00580906867980957,0.0073359012603759766
13,0.00010800361633300781,5.841255187988281e-05,5.650520324707031e-05,0.0001418590545654297,0.004834413528442383,0.010589838027954102,0.0059468746185302734,0.007660865783691406
13,0.00010514259338378906,5.793571472167969e-05,5.507469177246094e-05,0.00013303756713867188,0.03181290626525879,0.011481761932373047,0.005251169204711914,0.0063266754150390625
13,0.00010442733764648438,6.079673767089844e-05,5.817413330078125e-05,0.0002033710479736328,0.0059320926666259766,0.012319087982177734,0.006099224090576172,0.007913351058959961
13,0.00010585784912109375,5.626678466796875e-05,5.888938903808594e-05,0.00014066696166992188,0.004525899887084961,0.01041722297668457,0.005161285400390625,0.008402585983276367
13,5.888938903808594e-05,4.38690185546875e-05,4.315376281738281e-05,9.298324584960938e-05,0.005072355270385742,0.007870674133300781,0.005208253860473633,0.001459360122680664
13,6.389617919921875e-05,4.673004150390625e-05,4.482269287109375e-05,8.726119995117188e-05,0.004287242889404297,0.009009122848510742,0.005610942840576172,0.0016274452209472656
13,6.461143493652344e-05,4.315376281738281e-05,4.935264587402344e-05,0.00010156631469726562,0.004669904708862305,0.0119171142578125,0.0055997371673583984,0.0021860599517822266
13,6.127357482910156e-05,4.887580871582031e-05,3.743171691894531e-05,9.322166442871094e-05,0.01256704330444336,0.008513450622558594,0.004963874816894531,0.002092123031616211
14,0.000110626220703125,5.888938903808594e-05,5.6743621826171875e-05,0.0002276897430419922,0.0101165771484375,0.014833927154541016,0.0069887638092041016,0.016506195068359375
14,9.417533874511719e-05,6.246566772460938e-05,6.556510925292969e-05,0.0001380443572998047,0.007279157638549805,0.010112762451171875,0.0086822509765625,0.0033721923828125
14,0.00011444091796875,0.00013947486877441406,7.796287536621094e-05,0.0002117156982421875,0.03723263740539551,0.01477956771850586,0.009848594665527344,0.007328510284423828
14,9.72747802734375e-05,4.6253204345703125e-05,4.172325134277344e-05,9.274482727050781e-05,0.007007122039794922,0.008427143096923828,0.0052642822265625,0.0025818347930908203
14,6.175041198730469e-05,4.673004150390625e-05,4.696846008300781e-05,8.440017700195312e-05,0.00553131103515625,0.0067141056060791016,0.004878044128417969,0.001848459243774414
14,6.914138793945312e-05,4.76837158203125e-05,4.744529724121094e-05,0.00010752677917480469,0.005343198776245117,0.011648178100585938,0.007008552551269531,0.004652500152587891
14,6.890296936035156e-05,4.9114227294921875e-05,5.245208740234375e-05,0.00011897087097167969,0.010804414749145508,0.018923521041870117,0.005814313888549805,0.003943443298339844
14,7.748603820800781e-05,4.696846008300781e-05,4.935264587402344e-05,0.000118255615234375,0.00571131706237793,0.011110305786132812,0.005890369415283203,0.003134012222290039
14,7.867813110351562e-05,5.459785461425781e-05,5.316734313964844e-05,0.00010251998901367188,0.008130788803100586,0.021311521530151367,0.004525899887084961,0.0050945281982421875
14,7.176399230957031e-05,4.553794860839844e-05,4.673004150390625e-05,0.00010442733764648438,0.012871503829956055,0.010035514831542969,0.004318714141845703,0.003462076187133789
15,7.390975952148438e-05,5.054473876953125e-05,5.0067901611328125e-05,0.00011515617370605469,0.010558128356933594,0.011159420013427734,0.008301973342895508,0.005177497863769531
15,8.463859558105469e-05,4.982948303222656e-05,5.340576171875e-05,0.00012254714965820312,0.012971162796020508,0.01050710678100586,0.004425764083862305,0.00883936882019043
15,0.00011038780212402344,6.985664367675781e-05,7.581710815429688e-05,0.0001747608184814453,0.009103059768676758,0.012927532196044922,0.008511543273925781,0.008097171783447266
15,0.00012946128845214844,6.461143493652344e-05,6.461143493652344e-05,0.00016427040100097656,0.007052898406982422,0.01759958267211914,0.0062830448150634766,0.031638145446777344
15,7.677078247070312e-05,4.982948303222656e-05,5.0067901611328125e-05,0.00010657310485839844,0.0060214996337890625,0.009462118148803711,0.006505250930786133,0.004919528961181641
15,8.344650268554688e-05,4.887580871582031e-05,4.8160552978515625e-05,0.00010228157043457031,0.019886493682861328,0.010033130645751953,0.008506536483764648,0.005827188491821289
15,0.00011539459228515625,6.103515625e-05,6.103515625e-05,0.000148773193359375,0.0066602230072021484,0.01367640495300293,0.006609201431274414,0.03718900680541992
15,9.632110595703125e-05,5.364418029785156e-05,4.57763671875e-05,0.00010037422180175781,0.006155729293823242,0.010916471481323242,0.006021261215209961,0.00401616096496582
15,9.72747802734375e-05,6.031990051269531e-05,6.079673767089844e-05,0.00016736984252929688,0.005904436111450195,0.012263298034667969,0.00822305679321289,0.011404037475585938
15,9.608268737792969e-05,5.745887756347656e-05,5.3882598876953125e-05,0.0001277923583984375,0.014514446258544922,0.01042485237121582,0.005949974060058594,0.005934953689575195
16,8.344650268554688e-05,5.936622619628906e-05,5.7697296142578125e-05,0.00011587142944335938,0.007031440734863281,0.010115861892700195,0.005582571029663086,0.009088516235351562
16,0.0001323223114013672,6.842613220214844e-05,7.271766662597656e-05,0.00020766258239746094,0.01244974136352539,0.015593767166137695,0.00858306884765625,0.024010419845581055
16,0.00010585784912109375,6.461143493652344e-05,6.270408630371094e-05,0.0001239776611328125,0.019683361053466797,0.01800990104675293,0.004844188690185547,0.01624608039855957
16,0.0001385211944580078,7.128715515136719e-05,7.843971252441406e-05,0.0002129077911376953,0.012145519256591797,0.013063192367553711,0.007691383361816406,0.014525413513183594
16,0.00017404556274414062,8.296966552734375e-05,7.724761962890625e-05,0.00018525123596191406,0.007810354232788086,0.011940717697143555,0.007876157760620117,0.062232255935668945
16,0.00010061264038085938,5.507469177246094e-05,5.507469177246094e-05,0.00014281272888183594,0.006356239318847656,0.013689517974853516,0.008543252944946289,0.016642332077026367
16,9.822845458984375e-05,5.5789947509765625e-05,4.744529724121094e-05,9.799003601074219e-05,0.008264541625976562,0.00864720344543457,0.0037429332733154297,0.006938457489013672
16,9.632110595703125e-05,6.413459777832031e-05,5.936622619628906e-05,0.00012731552124023438,0.01141810417175293,0.009978771209716797,0.005449056625366211,0.011931896209716797
16,8.368492126464844e-05,6.175041198730469e-05,5.459785461425781e-05,0.00011920928955078125,0.007456064224243164,0.010478496551513672,0.005568981170654297,0.01249241828918457
16,7.867813110351562e-05,5.53131103515625e-05,5.269050598144531e-05,0.0001323223114013672,0.007764101028442383,0.011036157608032227,0.0050504207611083984,0.011201858520507812
17,0.00017213821411132812,7.939338684082031e-05,7.963180541992188e-05,0.0002002716064453125,0.012513160705566406,0.01455998420715332,0.006955385208129883,0.09513092041015625
17,0.00016832351684570312,9.369850158691406e-05,9.393692016601562e-05,0.0003604888916015625,0.015949487686157227,0.012732982635498047,0.008079767227172852,0.03078913688659668
17,0.00011730194091796875,7.963180541992188e-05,6.413459777832031e-05,0.0001399517059326172,0.009131431579589844,0.01210927963256836,0.005201816558837891,0.02467799186706543
17,0.00016355514526367188,6.67572021484375e-05,6.532669067382812e-05,0.00019311904907226562,0.008724689483642578,0.012552499771118164,0.006910085678100586,0.1072385311126709
17,0.0001068115234375,6.103515625e-05,6.246566772460938e-05,0.00015497207641601562,0.0077762603759765625,0.014109373092651367,0.006350517272949219,0.02722644805908203
17,0.00010037422180175781,5.888938903808594e-05,5.793571472167969e-05,0.00010442733764648438,0.0088653564453125,0.012068748474121094,0.003773212432861328,0.020238161087036133
17,0.00012946128845214844,7.271766662597656e-05,7.843971252441406e-05,0.000179290771484375,0.008823871612548828,0.013203144073486328,0.006537199020385742,0.032477378845214844
17,0.00018715858459472656,0.0002110004425048828,0.00011086463928222656,0.00028133392333984375,0.010383844375610352,0.013141870498657227,0.009882450103759766,0.057700395584106445
17,0.00010275840759277344,6.222724914550781e-05,6.103515625e-05,0.00015020370483398438,0.013356208801269531,0.011931896209716797,0.007004499435424805,0.03573942184448242
17,9.441375732421875e-05,6.365776062011719e-05,6.389617919921875e-05,0.0001373291015625,0.010738134384155273,0.01052999496459961,0.006445169448852539,0.02521204948425293
18,0.00011777877807617188,7.200241088867188e-05,6.914138793945312e-05,0.00014543533325195312,0.009021520614624023,0.010894060134887695,0.00601649284362793,0.03511166572570801
18,0.0001246929168701172,6.4849853515625e-05,6.127357482910156e-05,0.00014257431030273438,0.015444517135620117,0.013243675231933594,0.005404472351074219,0.049141645431518555
18,0.000118255615234375,6.890296936035156e-05,6.580352783203125e-05,0.0002033710479736328,0.010169506072998047,0.00808095932006836,0.004805564880371094,0.03620123863220215
18,0.00012731552124023438,7.081031799316406e-05,6.365776062011719e-05,0.00013446807861328125,0.0530400276184082,0.010613203048706055,0.005107402801513672,0.04097580909729004
18,0.0001285076141357422,6.699562072753906e-05,6.175041198730469e-05,0.00013685226440429688,0.008085250854492188,0.01315927505493164,0.0071561336517333984,0.053131103515625
18,0.00011730194091796875,6.270408630371094e-05,6.747245788574219e-05,0.0001533031463623047,0.013173341751098633,0.010526895523071289,0.006390571594238281,0.04897451400756836
18,0.00010752677917480469,5.936622619628906e-05,6.222724914550781e-05,0.00012922286987304688,0.015088081359863281,0.009191036224365234,0.004944562911987305,0.030985116958618164
18,0.00010466575622558594,6.079673767089844e-05,6.4849853515625e-05,0.00016832351684570312,0.0072383880615234375,0.01763463020324707,0.006529808044433594,0.0742182731628418
18,0.00016927719116210938,9.34600830078125e-05,9.083747863769531e-05,0.00018358230590820312,0.011136770248413086,0.011746644973754883,0.007445096969604492,0.031993865966796875
18,0.00012135505676269531,7.176399230957031e-05,6.556510925292969e-05,0.00016045570373535156,0.014637947082519531,0.013258934020996094,0.0070416927337646484,0.048354387283325195
19,0.0002377033233642578,7.843971252441406e-05,9.226799011230469e-05,0.0002505779266357422,0.013387203216552734,0.014931201934814453,0.006167888641357422,0.42046475410461426
19,0.00014066696166992188,6.937980651855469e-05,6.747245788574219e-05,0.00017261505126953125,0.00966787338256836,0.012467622756958008,0.009807825088500977,0.11190152168273926
19,0.00011539459228515625,7.104873657226562e-05,6.699562072753906e-05,0.00017833709716796875,0.01263427734375,0.015108585357666016,0.006125211715698242,0.0736398696899414
19,0.00010824203491210938,6.246566772460938e-05,6.604194641113281e-05,0.000141143798828125,0.010836124420166016,0.009964942932128906,0.004691123962402344,0.06573486328125
19,0.00013065338134765625,7.867813110351562e-05,7.43865966796875e-05,0.00021219253540039062,0.0713193416595459,0.01427006721496582,0.006413698196411133,0.11936712265014648
19,0.00012946128845214844,7.009506225585938e-05,7.43865966796875e-05,0.00039196014404296875,0.012102603912353516,0.011463165283203125,0.009285449981689453,0.10836362838745117
19,0.00014710426330566406,6.866455078125e-05,7.605552673339844e-05,0.0001780986785888672,0.01706719398498535,0.01155710220336914,0.007261514663696289,0.14961671829223633
19,0.00016832351684570312,9.059906005859375e-05,9.107589721679688e-05,0.00022482872009277344,0.012392997741699219,0.013120889663696289,0.006066799163818359,0.09439444541931152
19,0.00015115737915039062,7.510185241699219e-05,0.0001971721649169922,0.00018334388732910156,0.013777732849121094,0.01253819465637207,0.006643772125244141,0.10747051239013672
19,0.0001361370086669922,0.00014448165893554688,0.0002155303955078125,0.0001480579376220703,0.03667426109313965,0.011981010437011719,0.005668163299560547,0.08246397972106934
20,0.00020742416381835938,8.368492126464844e-05,8.344650268554688e-05,0.00022292137145996094,0.0984642505645752,0.02632737159729004,0.006826639175415039,0.7775967121124268
20,0.00014853477478027344,0.0001659393310546875,7.963180541992188e-05,0.00018215179443359375,0.02349400520324707,0.012662887573242188,0.005980730056762695,0.15541696548461914
20,0.00012826919555664062,7.05718994140625e-05,6.723403930664062e-05,0.00015664100646972656,0.013901233673095703,0.010483026504516602,0.005880117416381836,0.14736104011535645
20,0.00021600723266601562,7.700920104980469e-05,8.273124694824219e-05,0.0002503395080566406,0.017796993255615234,0.01956772804260254,0.00682520866394043,0.7132687568664551
20,0.00015115737915039062,7.390975952148438e-05,6.437301635742188e-05,0.000148773193359375,0.012084484100341797,0.011344432830810547,0.006121158599853516,0.1233675479888916
20,0.00014662742614746094,9.107589721679688e-05,0.0018455982208251953,0.0007147789001464844,0.026575326919555664,0.01528167724609375,0.008056163787841797,0.20833277702331543
20,0.00017523765563964844,7.557868957519531e-05,7.43865966796875e-05,0.000164031982421875,0.010374307632446289,0.016361474990844727,0.005386829376220703,0.19748854637145996
20,0.00014925003051757812,7.939338684082031e-05,7.367134094238281e-05,0.0001671314239501953,0.015117406845092773,0.015756607055664062,0.0055468082427978516,0.1648728847503662
20,0.0001423358917236328,7.605552673339844e-05,8.130073547363281e-05,0.00018072128295898438,0.02362227439880371,0.01888895034790039,0.006803750991821289,0.19673514366149902
20,0.0001327991485595703,8.225440979003906e-05,7.367134094238281e-05,0.0001678466796875,0.016778945922851562,0.014059305191040039,0.005923032760620117,0.14421510696411133
21,0.00022125244140625,8.988380432128906e-05,8.702278137207031e-05,0.0002377033233642578,0.010900020599365234,0.018062114715576172,0.0065555572509765625,1.5651273727416992
21,0.00013375282287597656,7.319450378417969e-05,7.653236389160156e-05,0.00017261505126953125,0.014087915420532227,0.0100555419921875,0.005707502365112305,0.23726272583007812
21,0.0001614093780517578,8.082389831542969e-05,7.653236389160156e-05,0.00023674964904785156,0.017043352127075195,0.012500286102294922,0.00984811782836914,0.7366178035736084
21,0.00013971328735351562,7.724761962890625e-05,8.869171142578125e-05,0.00017309188842773438,0.01806497573852539,0.012896299362182617,0.005548000335693359,0.34317922592163086
21,0.0001373291015625,7.843971252441406e-05,7.891654968261719e-05,0.00018143653869628906,0.021226882934570312,0.01052546501159668,0.005703449249267578,0.2556581497192383
21,0.0001430511474609375,8.797645568847656e-05,0.0002357959747314453,0.0002071857452392578,0.0218355655670166,0.011929750442504883,0.009859085083007812,0.3460102081298828
21,0.00021195411682128906,8.320808410644531e-05,7.843971252441406e-05,0.0002727508544921875,0.011569023132324219,0.014784812927246094,0.007589578628540039,1.476203203201294
21,0.00015664100646972656,8.440017700195312e-05,7.82012939453125e-05,0.000209808349609375,0.013745307922363281,0.011883258819580078,0.005965709686279297,0.2643313407897949
21,0.00015544891357421875,7.843971252441406e-05,7.677078247070312e-05,0.00020384788513183594,0.026433706283569336,0.01571059226989746,0.0062808990478515625,0.4756288528442383
21,0.00014066696166992188,7.939338684082031e-05,7.390975952148438e-05,0.0001633167266845703,0.06337094306945801,0.015000104904174805,0.005421638488769531,0.29442930221557617
22,0.00022864341735839844,0.00012159347534179688,9.012222290039062e-05,0.0003516674041748047,0.014305591583251953,0.018366575241088867,0.008481264114379883,2.8232014179229736
22,0.0001823902130126953,0.00012731552124023438,0.00013709068298339844,0.0002014636993408203,0.014741182327270508,0.01291966438293457,0.007562875747680664,0.5382068157196045
22,0.00029754638671875,0.00010991096496582031,8.893013000488281e-05,0.00019311904907226562,0.01297760009765625,0.011588335037231445,0.0069773197174072266,0.6325008869171143
22,0.0001418590545654297,8.20159912109375e-05,7.486343383789062e-05,0.00017189979553222656,0.01983642578125,0.012858390808105469,0.006190299987792969,0.5739500522613525
22,0.0001785755157470703,9.608268737792969e-05,0.00014352798461914062,0.0001838207244873047,0.023700475692749023,0.013556718826293945,0.00791621208190918,0.5478708744049072
22,0.0001590251922607422,8.0108642578125e-05,7.724761962890625e-05,0.0002086162567138672,0.10393404960632324,0.012806177139282227,0.01027226448059082,0.7822058200836182
22,0.0001926422119140625,0.00013303756713867188,7.510185241699219e-05,0.0001964569091796875,0.017849445343017578,0.014035463333129883,0.006470918655395508,0.6775388717651367
22,0.0001590251922607422,0.0001266002655029297,8.249282836914062e-05,0.00021076202392578125,0.019514083862304688,0.016248464584350586,0.007352113723754883,0.6581234931945801
22,0.0001556873321533203,8.559226989746094e-05,8.130073547363281e-05,0.00018668174743652344,0.021226882934570312,0.017115116119384766,0.00580906867980957,0.48754072189331055
22,0.0002086162567138672,9.179115295410156e-05,0.0001125335693359375,0.00021839141845703125,0.017533063888549805,0.01628851890563965,0.013918876647949219,0.727637767791748
23,0.0002734661102294922,9.012222290039062e-05,0.00011730194091796875,0.0003440380096435547,0.012416601181030273,0.020726442337036133,0.008674383163452148,6.472798585891724
23,0.000209808349609375,8.368492126464844e-05,7.796287536621094e-05,0.00023889541625976562,0.014624834060668945,0.014099836349487305,0.006625175476074219,1.2608211040496826
23,0.0002300739288330078,8.988380432128906e-05,8.225440979003906e-05,0.0001971721649169922,0.01753830909729004,0.013400793075561523,0.006886720657348633,1.9919772148132324
23,0.00018405914306640625,0.00017571449279785156,9.34600830078125e-05,0.00033736228942871094,0.017481088638305664,0.01488637924194336,0.007127285003662109,1.4060122966766357
23,0.0001647472381591797,0.00010132789611816406,8.535385131835938e-05,0.0002040863037109375,0.020292282104492188,0.014787673950195312,0.008794784545898438,1.2893896102905273
23,0.00021314620971679688,8.916854858398438e-05,8.702278137207031e-05,0.0002300739288330078,0.0124359130859375,0.020631074905395508,0.009737253189086914,1.7133913040161133
23,0.0001900196075439453,8.440017700195312e-05,8.463859558105469e-05,0.00026345252990722656,0.04511594772338867,0.014280557632446289,0.008124828338623047,1.3624207973480225
23,0.000213623046875,9.250640869140625e-05,9.179115295410156e-05,0.00022840499877929688,0.017048358917236328,0.0140838623046875,0.00900411605834961,1.7113819122314453
23,0.0001704692840576172,8.273124694824219e-05,8.845329284667969e-05,0.00024247169494628906,0.015529632568359375,0.017456769943237305,0.0081939697265625,1.24080491065979
23,0.0002474784851074219,0.00010943412780761719,9.965896606445312e-05,0.0002932548522949219,0.016609668731689453,0.013591289520263672,0.009545087814331055,1.124795913696289
24,0.00026702880859375,0.00010657310485839844,0.00010275840759277344,0.0002532005310058594,0.038636207580566406,0.026958703994750977,0.00727081298828125,7.3909759521484375e-06
24,0.0002079010009765625,8.96453857421875e-05,0.00014853477478027344,0.0004673004150390625,0.015302896499633789,0.012633323669433594,0.006650447845458984,6.4373016357421875e-06
24,0.00018262863159179688,9.036064147949219e-05,9.202957153320312e-05,0.0002079010009765625,0.03749370574951172,0.013100862503051758,0.009845256805419922,6.4373016357421875e-06
24,0.00025463104248046875,0.00010919570922851562,0.00011348724365234375,0.0003085136413574219,0.0178525447845459,0.017664670944213867,0.011046171188354492,6.4373016357421875e-06
24,0.00020647048950195312,0.0002129077911376953,0.0001246929168701172,0.00024247169494628906,0.019019126892089844,0.013970613479614258,0.007062673568725586,6.9141387939453125e-06
24,0.00026988983154296875,0.00012230873107910156,0.00010943412780761719,0.00030732154846191406,0.04047060012817383,0.0360112190246582,0.00853586196899414,5.9604644775390625e-06
24,0.00022554397583007812,0.00018024444580078125,9.393692016601562e-05,0.000354766845703125,0.08460664749145508,0.014758825302124023,0.0064334869384765625,8.58306884765625e-06
24,0.00021386146545410156,0.00010538101196289062,0.00028324127197265625,0.00026297569274902344,0.015989303588867188,0.018531322479248047,0.0068662166595458984,1.0251998901367188e-05
24,0.00020742416381835938,9.870529174804688e-05,9.465217590332031e-05,0.0002651214599609375,0.07880878448486328,0.013324499130249023,0.011390447616577148,7.62939453125e-06
24,0.0004832744598388672,9.465217590332031e-05,0.00010204315185546875,0.00031876564025878906,0.024459362030029297,0.01876997947692871,0.012987136840820312,9.059906005859375e-06
25,0.0002675056457519531,8.988380432128906e-05,9.226799011230469e-05,0.00020933151245117188,0.028832435607910156,0.01578044891357422,0.008863687515258789,1.8596649169921875e-05
25,0.0004582405090332031,9.989738464355469e-05,0.0001270771026611328,0.0003757476806640625,0.02289271354675293,0.016417980194091797,0.007538318634033203,6.4373016357421875e-06
25,0.00019621849060058594,9.012222290039062e-05,8.940696716308594e-05,0.0002143383026123047,0.017185449600219727,0.01739954948425293,0.008901357650756836,7.152557373046875e-06
25,0.0003333091735839844,0.00012874603271484375,0.00014710426330566406,0.00040078163146972656,0.10608267784118652,0.030228376388549805,0.011844635009765625,7.152557373046875e-06
25,0.0002148151397705078,9.608268737792969e-05,9.846687316894531e-05,0.0002675056457519531,0.0452580451965332,0.013626575469970703,0.006842613220214844,6.198883056640625e-06
25,0.00020694732666015625,9.393692016601562e-05,9.274482727050781e-05,0.00021147727966308594,0.020659446716308594,0.016299962997436523,0.006400585174560547,6.9141387939453125e-06
25,0.0002262592315673828,8.7738037109375e-05,9.107589721679688e-05,0.0002155303955078125,0.03379249572753906,0.014661073684692383,0.0053746700286865234,7.3909759521484375e-06
25,0.00021076202392578125,9.560585021972656e-05,9.584426879882812e-05,0.00029349327087402344,0.02341604232788086,0.013455867767333984,0.006403684616088867,6.9141387939453125e-06
25,0.00019478797912597656,8.940696716308594e-05,8.940696716308594e-05,0.00021123886108398438,0.02540278434753418,0.013997077941894531,0.00636744499206543,7.62939453125e-06
25,0.00023365020751953125,9.369850158691406e-05,9.512901306152344e-05,0.00023984909057617188,0.020190000534057617,0.01565694808959961,0.006371498107910156,7.62939453125e-06
26,0.0002315044403076172,0.00010204315185546875,0.00010061264038085938,0.0002357959747314453,0.13710618019104004,0.017717599868774414,0.0064697265625,7.3909759521484375e-06
26,0.00023818016052246094,0.00014734268188476562,0.00010585784912109375,0.0003292560577392578,0.03238391876220703,0.017502307891845703,0.007964611053466797,7.152557373046875e-06
26,0.00020837783813476562,9.751319885253906e-05,9.703636169433594e-05,0.0002777576446533203,0.022287845611572266,0.014925956726074219,0.007905006408691406,7.3909759521484375e-06
26,0.0003306865692138672,0.00012445449829101562,0.00010418891906738281,0.00024580955505371094,0.01842975616455078,0.0152130126953125,0.007856607437133789,6.198883056640625e-06
26,0.00026035308837890625,9.608268737792969e-05,9.870529174804688e-05,0.0002574920654296875,0.0797266960144043,0.024207592010498047,0.008881330490112305,8.821487426757812e-06
26,0.0002696514129638672,0.00010037422180175781,0.0001049041748046875,0.0003070831298828125,0.0301663875579834,0.01981949806213379,0.010178565979003906,6.4373016357421875e-06
26,0.0003528594970703125,0.0001087188720703125,0.0001583099365234375,0.00028014183044433594,0.023769855499267578,0.014687776565551758,0.008504867553710938,6.67572021484375e-06
26,0.0002562999725341797,9.989738464355469e-05,0.00011873245239257812,0.0002601146697998047,0.07657980918884277,0.0242919921875,0.00966787338256836,6.9141387939453125e-06
26,0.0002448558807373047,8.535385131835938e-05,9.083747863769531e-05,0.0002238750457763672,0.04754781723022461,0.012227773666381836,0.00646519660949707,5.9604644775390625e-06
26,0.00025177001953125,0.00010466575622558594,0.00010251998901367188,0.0002655982971191406,0.0224459171295166,0.013919830322265625,0.007542848587036133,7.867813110351562e-06
27,0.0002384185791015625,9.822845458984375e-05,0.00010251998901367188,0.00023055076599121094,0.05512070655822754,0.014774322509765625,0.00751042366027832,5.9604644775390625e-06
27,0.00028133392333984375,0.00011277198791503906,0.00014638900756835938,0.0002884864807128906,0.019254446029663086,0.016519784927368164,0.008624553680419922,6.198883056640625e-06
27,0.0002224445343017578,9.584426879882812e-05,0.0001125335693359375,0.0002033710479736328,0.0276949405670166,0.0183260440826416,0.008158445358276367,5.9604644775390625e-06
27,0.0002455711364746094,0.00011706352233886719,0.00010609626770019531,0.000293731689453125,0.020489931106567383,0.015411138534545898,0.0069122314453125,6.198883056640625e-06
27,0.00042748451232910156,0.00024318695068359375,0.00011301040649414062,0.0002589225769042969,0.05144762992858887,0.01652979850769043,0.010214567184448242,6.9141387939453125e-06
27,0.00022840499877929688,9.322166442871094e-05,9.989738464355469e-05,0.00028133392333984375,0.02994680404663086,0.01931309700012207,0.011391878128051758,6.9141387939453125e-06
27,0.0005645751953125,0.00011157989501953125,0.0001354217529296875,0.0003535747528076172,0.04123353958129883,0.02079153060913086,0.012094736099243164,7.152557373046875e-06
27,0.00024890899658203125,0.00010895729064941406,0.00011134147644042969,0.0003116130828857422,0.03260684013366699,0.02020716667175293,0.010538578033447266,7.152557373046875e-06
27,0.00027179718017578125,0.00011301040649414062,0.00011110305786132812,0.00028443336486816406,0.0291597843170166,0.015505313873291016,0.006535530090332031,6.67572021484375e-06
27,0.0003235340118408203,0.00012063980102539062,0.00026607513427734375,0.0002655982971191406,0.05972909927368164,0.013444900512695312,0.006846904754638672,5.4836273193359375e-06
28,0.0003094673156738281,0.00011277198791503906,0.00012230873107910156,0.00030159950256347656,0.023894786834716797,0.018860816955566406,0.007700920104980469,6.198883056640625e-06
28,0.0002682209014892578,0.00010919570922851562,0.00010633468627929688,0.000392913818359375,0.019858837127685547,0.018432140350341797,0.009053468704223633,6.9141387939453125e-06
28,0.00036835670471191406,0.0001342296600341797,0.0001590251922607422,0.00035452842712402344,0.029832124710083008,0.027685880661010742,0.010390996932983398,5.7220458984375e-06
28,0.0002791881561279297,0.00010561943054199219,0.00010609626770019531,0.0002663135528564453,0.03570222854614258,0.013912677764892578,0.009657859802246094,6.198883056640625e-06
28,0.0002837181091308594,0.00010800361633300781,0.00011134147644042969,0.0003178119659423828,0.07808375358581543,0.10646486282348633,0.011156797409057617,5.4836273193359375e-06
28,0.00024008750915527344,0.00010514259338378906,0.00011897087097167969,0.0002655982971191406,0.017683744430541992,0.013680696487426758,0.007079601287841797,6.67572021484375e-06
28,0.00023174285888671875,0.00010347366333007812,0.00010156631469726562,0.0002143383026123047,0.025304317474365234,0.014316082000732422,0.006456851959228516,7.3909759521484375e-06
28,0.00027108192443847656,0.00011134147644042969,0.00011754035949707031,0.0004382133483886719,0.044737815856933594,0.01883721351623535,0.008242368698120117,6.198883056640625e-06
28,0.000270843505859375,0.00011038780212402344,0.00013065338134765625,0.0003204345703125,0.028374195098876953,0.016614913940429688,0.009003400802612305,7.534027099609375e-05
28,0.0003769397735595703,0.00015401840209960938,0.000141143798828125,0.00029778480529785156,0.11655330657958984,0.027425765991210938,0.008880853652954102,5.9604644775390625e-06
29,0.0002777576446533203,0.00011420249938964844,0.00011849403381347656,0.00026869773864746094,0.02254772186279297,0.0182192325592041,0.006821393966674805,6.67572021484375e-06
29,0.0002779960632324219,0.00010704994201660156,0.00010800361633300781,0.00027751922607421875,0.025963783264160156,0.01999497413635254,0.008506298065185547,6.4373016357421875e-06
29,0.0002589225769042969,0.0001201629638671875,0.00012063980102539062,0.0002760887145996094,0.18818402290344238,0.028725624084472656,0.007829427719116211,7.152557373046875e-06
29,0.00026226043701171875,0.0001125335693359375,0.00010728836059570312,0.00029397010803222656,0.047781944274902344,0.01915740966796875,0.014866113662719727,7.152557373046875e-06
29,0.0003733634948730469,0.00013756752014160156,0.00013685226440429688,0.0003561973571777344,0.03177690505981445,0.017399072647094727,0.012215614318847656,6.67572021484375e-06
29,0.0003180503845214844,0.00010657310485839844,0.0001087188720703125,0.00027060508728027344,0.1431107521057129,0.01996469497680664,0.006272315979003906,6.198883056640625e-06
29,0.000286102294921875,0.00010800361633300781,0.00011992454528808594,0.0004544258117675781,0.03040313720703125,0.022306203842163086,0.011910676956176758,6.4373016357421875e-06
29,0.0003104209899902344,0.00012183189392089844,0.00011706352233886719,0.0002703666687011719,0.02374553680419922,0.017282962799072266,0.00890040397644043,6.4373016357421875e-06
29,0.00034427642822265625,0.0001246929168701172,0.0001304149627685547,0.0003750324249267578,0.05660200119018555,0.03109598159790039,0.007660865783691406,9.5367431640625e-06
29,0.0002720355987548828,0.0001049041748046875,0.00012040138244628906,0.00030612945556640625,0.030951976776123047,0.01961231231689453,0.010056495666503906,6.198883056640625e-06
30,0.00031375885009765625,0.00011849403381347656,0.00013709068298339844,0.0003097057342529297,0.025492429733276367,0.018540143966674805,0.009098291397094727,5.9604644775390625e-06
30,0.000263214111328125,0.00010824203491210938,0.00010514259338378906,0.0002562999725341797,0.025695323944091797,0.015979766845703125,0.00950932502746582,5.9604644775390625e-06
30,0.00027942657470703125,0.00011897087097167969,0.00011372566223144531,0.00031566619873046875,0.026990652084350586,0.018168926239013672,0.00826573371887207,7.3909759521484375e-06
30,0.00030612945556640625,0.00013518333435058594,0.00013065338134765625,0.00029850006103515625,0.10878229141235352,0.016294479370117188,0.008557558059692383,6.198883056640625e-06
30,0.0002980232238769531,0.00011491775512695312,0.00011134147644042969,0.00028133392333984375,0.028035640716552734,0.018880128860473633,0.008687257766723633,7.62939453125e-06
30,0.00029778480529785156,0.00011038780212402344,0.00014495849609375,0.00031638145446777344,0.05649518966674805,0.01712632179260254,0.09478592872619629,6.67572021484375e-06
30,0.00044155120849609375,0.00011610984802246094,0.000125885009765625,0.0002980232238769531,0.025944948196411133,0.022936105728149414,0.010892868041992188,9.5367431640625e-06
30,0.0004799365997314453,0.00015163421630859375,0.00016450881958007812,0.00041937828063964844,0.0981600284576416,0.026009559631347656,0.016909360885620117,8.821487426757812e-06
30,0.00047278404235839844,0.0001590251922607422,0.00016379356384277344,0.00044608116149902344,0.04428911209106445,0.026669979095458984,0.011037111282348633,6.67572021484375e-06
30,0.00033283233642578125,0.00013494491577148438,0.0001392364501953125,0.00032711029052734375,0.02125716209411621,0.021119356155395508,0.010016679763793945,5.9604644775390625e-06
31,0.0003178119659423828,0.00011920928955078125,0.0001933574676513672,0.00030875205993652344,0.027658939361572266,0.02228569984436035,0.007730245590209961,5.9604644775390625e-06
31,0.0003445148468017578,0.00014901161193847656,0.00012111663818359375,0.0002956390380859375,0.13185715675354004,0.01758551597595215,0.004831075668334961,9.775161743164062e-06
31,0.0003018379211425781,0.00010800361633300781,0.00011897087097167969,0.00028443336486816406,0.029169321060180664,0.014329671859741211,0.010990142822265625,6.67572021484375e-06
31,0.00028395652770996094,0.00012111663818359375,0.000125885009765625,0.00040030479431152344,0.04885530471801758,0.01765275001525879,0.010711431503295898,7.867813110351562e-06
31,0.00040602684020996094,0.00018858909606933594,0.0002562999725341797,0.0005826950073242188,0.02425217628479004,0.02341437339782715,0.012670040130615234,7.152557373046875e-06
31,0.0003638267517089844,0.000125885009765625,0.00016260147094726562,0.00032448768615722656,0.18470430374145508,0.0295565128326416,0.010201692581176758,7.867813110351562e-06
31,0.00030517578125,0.000118255615234375,0.00012254714965820312,0.0003070831298828125,0.02746415138244629,0.021409988403320312,0.010343790054321289,6.4373016357421875e-06
31,0.0003104209899902344,0.00011301040649414062,0.0001270771026611328,0.00041961669921875,0.08478569984436035,0.015857696533203125,0.009325027465820312,6.4373016357421875e-06
31,0.0004010200500488281,0.00014209747314453125,0.0001518726348876953,0.00038051605224609375,0.03085803985595703,0.02353191375732422,0.011530876159667969,6.4373016357421875e-06
31,0.00037360191345214844,0.00014281272888183594,0.0001277923583984375,0.0003094673156738281,0.09946227073669434,0.032379150390625,0.023413896560668945,6.67572021484375e-06
32,0.0003039836883544922,0.00010466575622558594,0.00012063980102539062,0.00036644935607910156,0.02712845802307129,0.025331497192382812,0.009545326232910156,5.9604644775390625e-06
32,0.0003693103790283203,0.00011897087097167969,0.00012493133544921875,0.00029587745666503906,0.3562626838684082,0.020452499389648438,0.008173942565917969,6.67572021484375e-06
32,0.0003743171691894531,0.0002429485321044922,0.00012612342834472656,0.00033926963806152344,0.08561873435974121,0.017002344131469727,0.009613990783691406,7.62939453125e-06
32,0.0003383159637451172,0.0001227855682373047,0.00011992454528808594,0.00032806396484375,0.027147293090820312,0.016705751419067383,0.010935068130493164,6.198883056640625e-06
32,0.00035762786865234375,0.00012493133544921875,0.00013184547424316406,0.0003173351287841797,0.1582341194152832,0.017113685607910156,0.007291316986083984,5.9604644775390625e-06
32,0.00034999847412109375,0.00012564659118652344,0.00011658668518066406,0.00033092498779296875,0.123199462890625,0.023334741592407227,0.007270336151123047,5.9604644775390625e-06
32,0.00042939186096191406,0.00013518333435058594,0.00016236305236816406,0.0004763603210449219,0.0281832218170166,0.09594082832336426,0.009853124618530273,6.67572021484375e-06
32,0.0003631114959716797,0.00020384788513183594,0.00013589859008789062,0.0003826618194580078,0.052582502365112305,0.026636600494384766,0.01894402503967285,7.3909759521484375e-06
32,0.0003094673156738281,0.00011324882507324219,0.00012254714965820312,0.0003185272216796875,0.22713756561279297,0.02221083641052246,0.007155656814575195,6.9141387939453125e-06
32,0.0004661083221435547,0.0001347064971923828,0.00014066696166992188,0.0003197193145751953,0.0758366584777832,0.023607492446899414,0.010456323623657227,6.9141387939453125e-06
33,0.0004100799560546875,0.00012946128845214844,0.00019550323486328125,0.00036215782165527344,0.15580534934997559,0.017621278762817383,0.008729934692382812,6.67572021484375e-06
33,0.0003788471221923828,0.00015115737915039062,0.0001628398895263672,0.0003235340118408203,0.044551849365234375,0.020159006118774414,0.009416341781616211,6.67572021484375e-06
33,0.0003654956817626953,0.0001277923583984375,0.00013113021850585938,0.00036907196044921875,0.14278197288513184,0.023714303970336914,0.009433507919311523,6.9141387939453125e-06
33,0.00043487548828125,0.00013875961303710938,0.00013756752014160156,0.0003554821014404297,0.16496610641479492,0.040392160415649414,0.011346817016601562,1.7404556274414062e-05
33,0.0004940032958984375,0.00014400482177734375,0.0001590251922607422,0.0003819465637207031,0.0413057804107666,0.021327972412109375,0.011236190795898438,6.198883056640625e-06
33,0.0003795623779296875,0.0002543926239013672,0.000263214111328125,0.0003457069396972656,0.029978275299072266,0.017602920532226562,0.00846242904663086,5.9604644775390625e-06
33,0.00042057037353515625,0.00016021728515625,0.000125885009765625,0.00028514862060546875,0.0323483943939209,0.01509714126586914,0.0070497989654541016,5.9604644775390625e-06
33,0.0003669261932373047,0.00012969970703125,0.0001513957977294922,0.0003077983856201172,0.04731273651123047,0.08013701438903809,0.009479761123657227,6.67572021484375e-06
33,0.00045680999755859375,0.0001342296600341797,0.0001366138458251953,0.00042247772216796875,0.08933234214782715,0.03982830047607422,0.010123491287231445,6.4373016357421875e-06
33,0.00035881996154785156,0.0001163482666015625,0.0001575946807861328,0.0003209114074707031,0.025473833084106445,0.022732019424438477,0.009897232055664062,7.152557373046875e-06
34,0.00045180320739746094,0.00013327598571777344,0.00013780593872070312,0.0003247261047363281,0.04834103584289551,0.017558574676513672,0.007636070251464844,7.62939453125e-06
34,0.0007293224334716797,0.0001800060272216797,0.00016188621520996094,0.00036072731018066406,0.05899643898010254,0.020320415496826172,0.010823965072631836,6.198883056640625e-06
34,0.0008380413055419922,0.00016307830810546875,0.00026297569274902344,0.0004916191101074219,0.0411074161529541,0.026758670806884766,0.009021759033203125,7.867813110351562e-06
34,0.0004544258117675781,0.00015664100646972656,0.00020265579223632812,0.0003654956817626953,0.09311866760253906,0.03361248970031738,0.011001348495483398,6.4373016357421875e-06
34,0.0003676414489746094,0.00024628639221191406,0.00013184547424316406,0.0003306865692138672,0.21505308151245117,0.022013187408447266,0.007452964782714844,7.867813110351562e-06
34,0.0003247261047363281,0.00012063980102539062,0.00012302398681640625,0.0003132820129394531,0.9019076824188232,0.023619651794433594,0.009619474411010742,6.198883056640625e-06
34,0.0005631446838378906,0.00019550323486328125,0.00022268295288085938,0.0005893707275390625,0.04079461097717285,0.023204803466796875,0.019153356552124023,5.4836273193359375e-06
34,0.0003676414489746094,0.00013065338134765625,0.0001316070556640625,0.00040268898010253906,0.03247261047363281,0.017436981201171875,0.010493040084838867,5.7220458984375e-06
34,0.0004105567932128906,0.00013756752014160156,0.00014257431030273438,0.00041675567626953125,0.02652716636657715,0.017464160919189453,0.00890040397644043,6.9141387939453125e-06
34,0.0004036426544189453,0.00012063980102539062,0.00012826919555664062,0.00037026405334472656,0.06900930404663086,0.03022289276123047,0.010224580764770508,6.67572021484375e-06
35,0.0003485679626464844,0.0001380443572998047,0.0001513957977294922,0.00030422210693359375,0.02924036979675293,0.02079153060913086,0.011441946029663086,5.7220458984375e-06
35,0.0004780292510986328,0.00014400482177734375,0.00016188621520996094,0.0003821849822998047,0.06718897819519043,0.021297216415405273,0.010151863098144531,5.9604644775390625e-06
35,0.0006361007690429688,0.000152587890625,0.00016927719116210938,0.0004265308380126953,0.02897024154663086,0.023010969161987305,0.010238409042358398,5.9604644775390625e-06
35,0.0003800392150878906,0.00013756752014160156,0.00014019012451171875,0.000335693359375,0.2454531192779541,0.03640460968017578,0.009624719619750977,6.67572021484375e-06
35,0.0005688667297363281,0.00014495849609375,0.00026607513427734375,0.0005254745483398438,0.03714609146118164,0.017051219940185547,0.006943225860595703,6.198883056640625e-06
35,0.0004112720489501953,0.00013971328735351562,0.0001595020294189453,0.00034308433532714844,0.043773651123046875,0.031699419021606445,0.007978677749633789,8.106231689453125e-06
35,0.000392913818359375,0.00013327598571777344,0.0001468658447265625,0.00040650367736816406,0.0316464900970459,0.02701568603515625,0.008523702621459961,1.7881393432617188e-05
35,0.0004620552062988281,0.00013208389282226562,0.000164031982421875,0.0003571510314941406,0.08016395568847656,0.12438273429870605,0.013460874557495117,8.106231689453125e-06
35,0.0005331039428710938,0.00014591217041015625,0.00014662742614746094,0.0003864765167236328,0.027007579803466797,0.022026777267456055,0.011274099349975586,5.7220458984375e-06
35,0.00039196014404296875,0.0001270771026611328,0.00013875961303710938,0.0003457069396972656,0.05322861671447754,0.12041330337524414,0.009744644165039062,6.67572021484375e-06
36,0.00038909912109375,0.0001366138458251953,0.0001373291015625,0.0003113746643066406,0.054920196533203125,0.021306991577148438,0.010733604431152344,6.67572021484375e-06
36,0.0004820823669433594,0.0001518726348876953,0.0001819133758544922,0.00038242340087890625,0.1477055549621582,0.02687692642211914,0.014789104461669922,6.4373016357421875e-06
36,0.0005185604095458984,0.00013566017150878906,0.00014925003051757812,0.0004038810729980469,0.20940613746643066,0.02823805809020996,0.008824348449707031,6.198883056640625e-06
36,0.0004801750183105469,0.00014543533325195312,0.00015044212341308594,0.0003635883331298828,0.0379023551940918,0.02883625030517578,0.012682676315307617,6.4373016357421875e-06
36,0.00044727325439453125,0.00013327598571777344,0.00016689300537109375,0.00041294097900390625,0.035003662109375,0.023618698120117188,0.013274431228637695,5.7220458984375e-06
36,0.0005285739898681641,0.0001647472381591797,0.00015854835510253906,0.0004229545593261719,0.2566845417022705,0.0339508056640625,0.013051748275756836,6.198883056640625e-06
36,0.0005214214324951172,0.0001430511474609375,0.00017261505126953125,0.00041103363037109375,0.03359198570251465,0.023600339889526367,0.010355472564697266,6.198883056640625e-06
36,0.0007274150848388672,0.0001621246337890625,0.00016760826110839844,0.0005514621734619141,0.2657203674316406,0.04373764991760254,0.014704704284667969,6.67572021484375e-06
36,0.0004355907440185547,0.000152587890625,0.00015354156494140625,0.0003859996795654297,0.05773353576660156,0.02955341339111328,0.011612415313720703,7.152557373046875e-06
36,0.00045037269592285156,0.00012612342834472656,0.00013971328735351562,0.00035643577575683594,0.236008882522583,0.03690910339355469,0.011545896530151367,6.4373016357421875e-06
37,0.0006582736968994141,0.00015425682067871094,0.0001609325408935547,0.0003485679626464844,0.03938937187194824,0.016170740127563477,0.011857748031616211,5.9604644775390625e-06
37,0.00043773651123046875,0.00015664100646972656,0.00014925003051757812,0.0003578662872314453,0.11146736145019531,0.025451183319091797,0.013787031173706055,6.198883056640625e-06
37,0.0005404949188232422,0.0001480579376220703,0.00018072128295898438,0.0004570484161376953,0.18777179718017578,0.039995431900024414,0.011172294616699219,5.7220458984375e-06
37,0.0005164146423339844,0.0001456737518310547,0.00017261505126953125,0.00040531158447265625,0.16067004203796387,0.04213380813598633,0.012900114059448242,5.7220458984375e-06
37,0.00044226646423339844,0.000152587890625,0.00017905235290527344,0.00040721893310546875,0.053826332092285156,0.03728485107421875,0.009798765182495117,7.867813110351562e-06
37,0.00041365623474121094,0.00014162063598632812,0.00021910667419433594,0.0005459785461425781,0.04404902458190918,0.030731916427612305,0.010175466537475586,7.3909759521484375e-06
37,0.0006005764007568359,0.00015854835510253906,0.00014519691467285156,0.0003845691680908203,0.04678034782409668,0.02720355987548828,0.012911081314086914,8.344650268554688e-06
37,0.0005087852478027344,0.00014472007751464844,0.0001666545867919922,0.0003943443298339844,0.10214591026306152,0.024355173110961914,0.011726617813110352,9.059906005859375e-06
37,0.0012137889862060547,0.00021195411682128906,0.0003859996795654297,0.0006270408630371094,0.054537296295166016,0.029969215393066406,0.01699519157409668,7.62939453125e-06
37,0.0004935264587402344,0.0002071857452392578,0.00021409988403320312,0.0004405975341796875,0.03699898719787598,0.11359620094299316,0.012069463729858398,8.106231689453125e-06
38,0.0004296302795410156,0.00014972686767578125,0.00020194053649902344,0.0003752708435058594,0.039258718490600586,0.01885676383972168,0.015322685241699219,6.4373016357421875e-06
38,0.0004780292510986328,0.0001437664031982422,0.0003063678741455078,0.0005035400390625,0.23511075973510742,0.0292510986328125,0.008863687515258789,5.9604644775390625e-06
38,0.0004546642303466797,0.00018525123596191406,0.0001583099365234375,0.0003578662872314453,0.04194450378417969,0.02195119857788086,0.01243281364440918,8.106231689453125e-06
38,0.0006539821624755859,0.00024247169494628906,0.00015974044799804688,0.0004038810729980469,0.06857609748840332,0.019029855728149414,0.012012243270874023,6.9141387939453125e-06
38,0.0005049705505371094,0.00014066696166992188,0.00014495849609375,0.00045418739318847656,0.16774630546569824,0.028487443923950195,0.012527227401733398,6.9141387939453125e-06
38,0.0005345344543457031,0.0004737377166748047,0.0001590251922607422,0.0004105567932128906,0.036522626876831055,0.029511690139770508,0.008810281753540039,7.3909759521484375e-06
38,0.000579833984375,0.0001773834228515625,0.00016188621520996094,0.0004379749298095703,0.21447014808654785,0.042005300521850586,0.013008356094360352,5.4836273193359375e-06
38,0.0008635520935058594,0.0001575946807861328,0.0006387233734130859,0.0006422996520996094,0.20150351524353027,0.03993391990661621,0.010416507720947266,5.7220458984375e-06
38,0.0006144046783447266,0.0001800060272216797,0.0002765655517578125,0.0004627704620361328,0.08318018913269043,0.022573232650756836,0.011777877807617188,5.7220458984375e-06
38,0.0005581378936767578,0.00015926361083984375,0.0001671314239501953,0.0003819465637207031,0.21679949760437012,0.033204078674316406,0.008684635162353516,6.67572021484375e-06
39,0.0005381107330322266,0.0001552104949951172,0.0001609325408935547,0.0003490447998046875,0.039927005767822266,0.024019479751586914,0.009006977081298828,5.7220458984375e-06
39,0.0004601478576660156,0.0001571178436279297,0.00020837783813476562,0.0003542900085449219,0.590651273727417,0.03482341766357422,0.012311697006225586,5.9604644775390625e-06
39,0.0006875991821289062,0.00019931793212890625,0.0001976490020751953,0.0005044937133789062,0.060674428939819336,0.02552938461303711,0.012583017349243164,6.9141387939453125e-06
39,0.0005736351013183594,0.0001609325408935547,0.00017309188842773438,0.00048279762268066406,0.32628726959228516,0.03918814659118652,0.014447927474975586,7.62939453125e-06
39,0.0004818439483642578,0.00014448165893554688,0.0008172988891601562,0.000431060791015625,0.054856300354003906,0.030768871307373047,0.011197566986083984,8.344650268554688e-06
39,0.0004980564117431641,0.0002608299255371094,0.00015616416931152344,0.0003883838653564453,0.06252074241638184,0.022901535034179688,0.011241674423217773,1.4066696166992188e-05
39,0.0007154941558837891,0.00015163421630859375,0.0001842975616455078,0.0004010200500488281,0.04656219482421875,0.04391980171203613,0.010404109954833984,6.67572021484375e-06
39,0.0005552768707275391,0.00015234947204589844,0.00020623207092285156,0.00043773651123046875,0.45163893699645996,0.13280701637268066,0.0136871337890625,7.152557373046875e-06
39,0.0007011890411376953,0.00015997886657714844,0.00017571449279785156,0.0004658699035644531,0.06822848320007324,0.058799028396606445,0.016120433807373047,5.7220458984375e-06
39,0.0005035400390625,0.0001609325408935547,0.00015544891357421875,0.00040650367736816406,0.12627172470092773,0.02695155143737793,0.011750221252441406,6.9141387939453125e-06
40,0.0005934238433837891,0.0001666545867919922,0.00023508071899414062,0.0004341602325439453,0.10549235343933105,0.0252530574798584,0.011460542678833008,6.198883056640625e-06
40,0.0006744861602783203,0.00040721893310546875,0.00019621849060058594,0.0005385875701904297,0.03832411766052246,0.03597855567932129,0.013567209243774414,6.9141387939453125e-06
40,0.0005414485931396484,0.00017404556274414062,0.0001742839813232422,0.0004143714904785156,0.06815719604492188,0.02870965003967285,0.010029315948486328,7.152557373046875e-06
40,0.0005841255187988281,0.00022029876708984375,0.00016260147094726562,0.0004374980926513672,0.06572604179382324,0.04624199867248535,0.012345552444458008,6.198883056640625e-06
40,0.0004839897155761719,0.0003864765167236328,0.00017523765563964844,0.0003528594970703125,0.045209407806396484,0.021886587142944336,0.008510112762451172,5.4836273193359375e-06
40,0.000621795654296875,0.00017547607421875,0.00017380714416503906,0.0004494190216064453,0.14237260818481445,0.023608922958374023,0.012974262237548828,6.198883056640625e-06
40,0.0006434917449951172,0.00015687942504882812,0.00017762184143066406,0.000591278076171875,0.19913673400878906,0.04505133628845215,0.011808633804321289,6.4373016357421875e-06
40,0.0005955696105957031,0.00016951560974121094,0.00015664100646972656,0.0003914833068847656,0.056638479232788086,0.024432659149169922,0.011176586151123047,6.67572021484375e-06
40,0.0006437301635742188,0.00016498565673828125,0.0001747608184814453,0.00048613548278808594,0.16965174674987793,0.027637481689453125,0.012189149856567383,6.4373016357421875e-06
40,0.0005311965942382812,0.00016736984252929688,0.00018072128295898438,0.00041103363037109375,0.0665285587310791,0.04005002975463867,0.015616416931152344,6.198883056640625e-06
41,0.0005521774291992188,0.0001537799835205078,0.0001583099365234375,0.00041747093200683594,0.18149447441101074,0.024210691452026367,0.011009454727172852,7.867813110351562e-06
41,0.0006074905395507812,0.0005507469177246094,0.0001761913299560547,0.0004909038543701172,0.06795763969421387,0.02783036231994629,0.01336359977722168,6.9141387939453125e-06
41,0.0006387233734130859,0.0001895427703857422,0.00017833709716796875,0.0004398822784423828,0.07498717308044434,0.021605968475341797,0.010408401489257812,7.152557373046875e-06
41,0.0007433891296386719,0.00018739700317382812,0.00018596649169921875,0.0004303455352783203,0.049152374267578125,0.04246783256530762,0.013434648513793945,6.4373016357421875e-06
41,0.0004887580871582031,0.00016355514526367188,0.00016927719116210938,0.0005340576171875,0.06360912322998047,0.021447420120239258,0.010929584503173828,6.198883056640625e-06
41,0.0006952285766601562,0.0002124309539794922,0.00020360946655273438,0.0005118846893310547,0.07182955741882324,0.03303694725036621,0.010842561721801758,7.152557373046875e-06
41,0.0006420612335205078,0.0001735687255859375,0.000171661376953125,0.00040459632873535156,0.2020266056060791,0.03197216987609863,0.01044011116027832,6.198883056640625e-06
41,0.0006489753723144531,0.00019979476928710938,0.00022792816162109375,0.0005617141723632812,0.05427145957946777,0.03761410713195801,0.018270492553710938,6.67572021484375e-06
41,0.0007283687591552734,0.00023293495178222656,0.0002791881561279297,0.0004868507385253906,0.09289860725402832,0.12331271171569824,0.01414799690246582,6.4373016357421875e-06
41,0.0006220340728759766,0.00017404556274414062,0.00018525123596191406,0.0004799365997314453,0.4112732410430908,0.03836560249328613,0.013790607452392578,6.198883056640625e-06
42,0.00057220458984375,0.00017142295837402344,0.0001697540283203125,0.0004088878631591797,0.05499124526977539,0.060799598693847656,0.010222196578979492,5.4836273193359375e-06
42,0.0007166862487792969,0.0001862049102783203,0.000202178955078125,0.000576019287109375,0.10313606262207031,0.03988146781921387,0.014706850051879883,1.4543533325195312e-05
42,0.0006015300750732422,0.00016951560974121094,0.0001773834228515625,0.0005476474761962891,0.04669022560119629,0.031108856201171875,0.014728784561157227,7.867813110351562e-06
42,0.0007421970367431641,0.00018835067749023438,0.00019884109497070312,0.0006098747253417969,0.07860445976257324,0.10801482200622559,0.012701988220214844,5.7220458984375e-06
42,0.0006322860717773438,0.00017142295837402344,0.00017523765563964844,0.00045299530029296875,0.22626304626464844,0.03047657012939453,0.013515710830688477,6.67572021484375e-06
42,0.0006604194641113281,0.00018286705017089844,0.0001895427703857422,0.0005571842193603516,0.06077218055725098,0.1282670497894287,0.015215396881103516,6.4373016357421875e-06
42,0.0010221004486083984,0.00034046173095703125,0.0002865791320800781,0.0007252693176269531,0.1237478256225586,0.028853178024291992,0.01405954360961914,6.9141387939453125e-06
42,0.0007801055908203125,0.00016880035400390625,0.0002067089080810547,0.0006945133209228516,0.040886640548706055,0.026857376098632812,0.013930559158325195,5.9604644775390625e-06
42,0.0005464553833007812,0.00020074844360351562,0.00017833709716796875,0.0004200935363769531,0.08004093170166016,0.02358269691467285,0.008657693862915039,8.344650268554688e-06
42,0.0005619525909423828,0.0001780986785888672,0.0001971721649169922,0.0004534721374511719,0.25738072395324707,0.03626227378845215,0.014676094055175781,7.62939453125e-06
43,0.0006227493286132812,0.00021147727966308594,0.00019049644470214844,0.0004942417144775391,0.09011340141296387,0.035448551177978516,0.010101079940795898,6.4373016357421875e-06
43,0.0006039142608642578,0.000179290771484375,0.00017452239990234375,0.00045108795166015625,0.05518221855163574,0.03806591033935547,0.010769128799438477,8.58306884765625e-06
43,0.0007181167602539062,0.00032067298889160156,0.00019550323486328125,0.0005068778991699219,0.05420351028442383,0.02797532081604004,0.012959003448486328,6.4373016357421875e-06
43,0.0007660388946533203,0.00019431114196777344,0.0001823902130126953,0.0004630088806152344,0.052211761474609375,0.020630598068237305,0.017425060272216797,6.4373016357421875e-06
43,0.0007572174072265625,0.00018167495727539062,0.0001876354217529297,0.0004220008850097656,0.6137549877166748,0.03343367576599121,0.010740518569946289,6.9141387939453125e-06
43,0.0006959438323974609,0.0001938343048095703,0.0001838207244873047,0.0005092620849609375,0.1536722183227539,0.044388771057128906,0.013324737548828125,6.9141387939453125e-06
43,0.0007033348083496094,0.00020122528076171875,0.000186920166015625,0.0004894733428955078,0.4639160633087158,0.037986040115356445,0.015829801559448242,1.7642974853515625e-05
43,0.0006771087646484375,0.00017690658569335938,0.00018024444580078125,0.0005755424499511719,0.04835224151611328,0.03854250907897949,0.012701988220214844,8.58306884765625e-06
43,0.0007710456848144531,0.0001678466796875,0.0001838207244873047,0.00043892860412597656,0.44158506393432617,0.042490482330322266,0.014047384262084961,6.198883056640625e-06
43,0.0006425380706787109,0.00016832351684570312,0.00018095970153808594,0.0004620552062988281,0.043354034423828125,0.03880620002746582,0.012274742126464844,6.198883056640625e-06
44,0.0006077289581298828,0.0001804828643798828,0.0002205371856689453,0.0004897117614746094,0.05349612236022949,0.025005578994750977,0.008820295333862305,6.9141387939453125e-06
44,0.0006711483001708984,0.0001735687255859375,0.0002982616424560547,0.0005173683166503906,0.1030268669128418,0.03365635871887207,0.009593725204467773,6.9141387939453125e-06
44,0.0008547306060791016,0.00022363662719726562,0.0002110004425048828,0.00048422813415527344,0.07659363746643066,0.02461838722229004,0.009757757186889648,6.9141387939453125e-06
44,0.0006585121154785156,0.00019097328186035156,0.0001780986785888672,0.0004394054412841797,0.13239812850952148,0.027796268463134766,0.009965658187866211,7.62939453125e-06
44,0.0007350444793701172,0.00017762184143066406,0.00018596649169921875,0.00048041343688964844,0.16702747344970703,0.021784543991088867,0.015237569808959961,7.867813110351562e-06
44,0.0006647109985351562,0.00018072128295898438,0.00018286705017089844,0.00047659873962402344,0.1441960334777832,0.030736207962036133,0.010602951049804688,7.152557373046875e-06
44,0.0007472038269042969,0.00018310546875,0.00018548965454101562,0.0007102489471435547,0.33676838874816895,0.1291522979736328,0.01237940788269043,7.152557373046875e-06
44,0.0010979175567626953,0.0002512931823730469,0.0002532005310058594,0.0006983280181884766,0.21883916854858398,0.05050969123840332,0.020108699798583984,1.7642974853515625e-05
44,0.0006666183471679688,0.00019288063049316406,0.00018024444580078125,0.0004990100860595703,1.2051808834075928,0.044632911682128906,0.01578807830810547,7.867813110351562e-06
44,0.0006270408630371094,0.00018668174743652344,0.0001971721649169922,0.0006453990936279297,0.07753109931945801,0.028848648071289062,0.014651775360107422,7.152557373046875e-06
45,0.0006875991821289062,0.0001976490020751953,0.00019073486328125,0.0004260540008544922,0.054389238357543945,0.02871537208557129,0.012636661529541016,6.67572021484375e-06
45,0.0006949901580810547,0.00019860267639160156,0.0002033710479736328,0.0005197525024414062,0.05133986473083496,0.0445401668548584,0.015781402587890625,6.4373016357421875e-06
45,0.0007970333099365234,0.00020313262939453125,0.0001823902130126953,0.0004582405090332031,0.15227937698364258,0.1164846420288086,0.013854026794433594,7.152557373046875e-06
45,0.0006494522094726562,0.00021314620971679688,0.00019073486328125,0.00042247772216796875,0.16567349433898926,0.019147634506225586,0.009949207305908203,7.3909759521484375e-06
45,0.0006175041198730469,0.0001704692840576172,0.00018477439880371094,0.0005013942718505859,0.23509955406188965,0.03402876853942871,0.012223482131958008,7.62939453125e-06
45,0.0006735324859619141,0.00018739700317382812,0.00017762184143066406,0.0004634857177734375,0.053466796875,0.04506397247314453,0.010931015014648438,6.4373016357421875e-06
45,0.0007920265197753906,0.00019598007202148438,0.00018668174743652344,0.00048065185546875,0.18944621086120605,0.049102783203125,0.015918254852294922,8.58306884765625e-06
45,0.0007185935974121094,0.0002033710479736328,0.00034737586975097656,0.0005357265472412109,0.054999589920043945,0.060057878494262695,0.010429143905639648,6.67572021484375e-06
45,0.0006670951843261719,0.00021004676818847656,0.0001926422119140625,0.0005757808685302734,0.09369683265686035,0.13895773887634277,0.01864337921142578,8.106231689453125e-06
45,0.0007569789886474609,0.00019097328186035156,0.00020194053649902344,0.0004930496215820312,0.05560946464538574,0.03984332084655762,0.01335000991821289,8.821487426757812e-06
46,0.0009815692901611328,0.00018787384033203125,0.00022602081298828125,0.00047969818115234375,0.051543235778808594,0.027139663696289062,0.01339864730834961,7.3909759521484375e-06
46,0.0008029937744140625,0.0005056858062744141,0.00021696090698242188,0.0005457401275634766,0.3026704788208008,0.023664236068725586,0.012768030166625977,8.106231689453125e-06
46,0.0006811618804931641,0.0001983642578125,0.00019168853759765625,0.0005154609680175781,0.04662513732910156,0.03624677658081055,0.01360464096069336,5.7220458984375e-06
46,0.0009183883666992188,0.0002052783966064453,0.00021147727966308594,0.0005750656127929688,0.8573720455169678,0.035819053649902344,0.01186990737915039,7.152557373046875e-06
46,0.0007715225219726562,0.0001976490020751953,0.00026416778564453125,0.0005402565002441406,0.06582307815551758,0.031320810317993164,0.018139362335205078,7.152557373046875e-06
46,0.0008172988891601562,0.00020194053649902344,0.00026726722717285156,0.0004820823669433594,0.15571236610412598,0.04000735282897949,0.010436058044433594,6.9141387939453125e-06
46,0.0007441043853759766,0.00019502639770507812,0.0001938343048095703,0.00047659873962402344,0.2752408981323242,0.15938925743103027,0.016440868377685547,6.9141387939453125e-06
46,0.0009560585021972656,0.00035452842712402344,0.00041484832763671875,0.0004980564117431641,0.061626434326171875,0.12133216857910156,0.00988912582397461,7.867813110351562e-06
46,0.0008971691131591797,0.0001926422119140625,0.00022649765014648438,0.0005776882171630859,0.34617018699645996,0.04618573188781738,0.014279842376708984,1.0013580322265625e-05
46,0.0007004737854003906,0.0001971721649169922,0.0001850128173828125,0.00045800209045410156,0.13383984565734863,0.025078535079956055,0.011064529418945312,7.62939453125e-06
47,0.0007193088531494141,0.00019812583923339844,0.0002110004425048828,0.0005156993865966797,0.16679692268371582,0.023607969284057617,0.012292861938476562,6.9141387939453125e-06
47,0.0007545948028564453,0.00020384788513183594,0.00020122528076171875,0.0005333423614501953,0.06161761283874512,0.043114423751831055,0.012371301651000977,5.7220458984375e-06
47,0.0007650852203369141,0.00018215179443359375,0.00021958351135253906,0.0005412101745605469,0.08375334739685059,0.12360072135925293,0.01317453384399414,6.67572021484375e-06
47,0.0009033679962158203,0.00022912025451660156,0.0002028942108154297,0.00046896934509277344,0.1397862434387207,0.0284881591796875,0.008947372436523438,1.0251998901367188e-05
47,0.0007872581481933594,0.00021314620971679688,0.0002713203430175781,0.0006272792816162109,0.06198763847351074,0.02408146858215332,0.013013362884521484,6.198883056640625e-06
47,0.0009064674377441406,0.00018644332885742188,0.00020360946655273438,0.0005047321319580078,0.10674524307250977,0.028597116470336914,0.012828588485717773,6.198883056640625e-06
47,0.0006787776947021484,0.00018453598022460938,0.0001811981201171875,0.0004296302795410156,0.05780816078186035,0.047371625900268555,0.015252828598022461,1.0251998901367188e-05
47,0.0009119510650634766,0.0002155303955078125,0.00022220611572265625,0.0005505084991455078,0.09039807319641113,0.14340567588806152,0.01565384864807129,1.0013580322265625e-05
47,0.0008292198181152344,0.00020122528076171875,0.0002067089080810547,0.0008754730224609375,0.5581202507019043,0.06426024436950684,0.013751029968261719,6.198883056640625e-06
47,0.0008006095886230469,0.00020265579223632812,0.00023746490478515625,0.0005791187286376953,0.3738415241241455,0.14718222618103027,0.015410900115966797,5.7220458984375e-06
48,0.0009236335754394531,0.00021219253540039062,0.0002086162567138672,0.0005266666412353516,0.28711628913879395,0.06645917892456055,0.018852710723876953,7.867813110351562e-06
48,0.0007884502410888672,0.0002162456512451172,0.00021886825561523438,0.0006494522094726562,0.2982957363128662,0.037020206451416016,0.024750471115112305,7.152557373046875e-06
48,0.0008494853973388672,0.0004057884216308594,0.00021839141845703125,0.0006310939788818359,0.213120698928833,0.056733131408691406,0.015457868576049805,8.106231689453125e-06
48,0.0009503364562988281,0.0002956390380859375,0.0003571510314941406,0.0006337165832519531,0.7275183200836182,0.0477747917175293,0.011327266693115234,6.67572021484375e-06
48,0.0008604526519775391,0.00022935867309570312,0.00020623207092285156,0.0004756450653076172,0.14873361587524414,0.029842376708984375,0.011442899703979492,6.67572021484375e-06
48,0.001251220703125,0.0002751350402832031,0.0003113746643066406,0.0008356571197509766,0.08505940437316895,0.06272029876708984,0.029372215270996094,7.62939453125e-06
48,0.0007991790771484375,0.000217437744140625,0.00024080276489257812,0.0005280971527099609,0.12859487533569336,0.05078887939453125,0.014734983444213867,6.9141387939453125e-06
48,0.0007860660552978516,0.0002052783966064453,0.00021219253540039062,0.0005085468292236328,0.7908594608306885,0.03915143013000488,0.016312837600708008,5.7220458984375e-06
48,0.0015413761138916016,0.00034880638122558594,0.0003390312194824219,0.0008018016815185547,0.15073895454406738,0.044802188873291016,0.016165494918823242,6.67572021484375e-06
48,0.0008695125579833984,0.00020599365234375,0.0002167224884033203,0.0005934238433837891,0.20373916625976562,0.03556060791015625,0.012340307235717773,6.4373016357421875e-06
49,0.0007562637329101562,0.00022029876708984375,0.000213623046875,0.0005638599395751953,0.4776613712310791,0.032556772232055664,0.011806249618530273,6.9141387939453125e-06
49,0.0008423328399658203,0.00024056434631347656,0.00021910667419433594,0.0005385875701904297,1.0735998153686523,0.025037050247192383,0.010649919509887695,6.9141387939453125e-06
49,0.0015513896942138672,0.00021958351135253906,0.00022268295288085938,0.0007448196411132812,0.05418062210083008,0.0495142936706543,0.013837337493896484,5.9604644775390625e-06
49,0.0008218288421630859,0.0002548694610595703,0.00022983551025390625,0.0005917549133300781,0.07242941856384277,0.05266523361206055,0.014713287353515625,7.152557373046875e-06
49,0.0009515285491943359,0.00024127960205078125,0.00021505355834960938,0.0005409717559814453,0.5408148765563965,0.07560610771179199,0.013110637664794922,6.4373016357421875e-06
49,0.0008084774017333984,0.00019478797912597656,0.00021123886108398438,0.0005311965942382812,0.134415864944458,0.1255042552947998,0.01444387435913086,6.9141387939453125e-06
49,0.0008540153503417969,0.00020194053649902344,0.00021123886108398438,0.0005354881286621094,0.12924742698669434,0.06267118453979492,0.017009973526000977,6.198883056640625e-06
49,0.0008993148803710938,0.0002257823944091797,0.0002219676971435547,0.0005433559417724609,0.25781702995300293,0.03896522521972656,0.01534581184387207,7.3909759521484375e-06
49,0.0008118152618408203,0.00023627281188964844,0.00022459030151367188,0.0006453990936279297,0.2545740604400635,0.0653231143951416,0.017659425735473633,1.6927719116210938e-05
49,0.0008611679077148438,0.0002357959747314453,0.0002167224884033203,0.0005733966827392578,0.06960463523864746,0.06938958168029785,0.01797175407409668,6.4373016357421875e-06
50,0.0008256435394287109,0.00021314620971679688,0.00021457672119140625,0.00060272216796875,0.1758289337158203,0.1280829906463623,0.015109062194824219,6.67572021484375e-06
50,0.0008485317230224609,0.0002262592315673828,0.00020933151245117188,0.00051116943359375,0.160966157913208,0.0386357307434082,0.009527444839477539,7.152557373046875e-06
50,0.0008509159088134766,0.0002391338348388672,0.00022649765014648438,0.0005791187286376953,0.24716615676879883,0.04525303840637207,0.015241861343383789,6.9141387939453125e-06
50,0.0008692741394042969,0.00024819374084472656,0.00021314620971679688,0.0005898475646972656,0.2082366943359375,0.13791346549987793,0.014223575592041016,6.67572021484375e-06
50,0.0009605884552001953,0.0002224445343017578,0.00022459030151367188,0.0005660057067871094,0.2715189456939697,0.058142900466918945,0.012764930725097656,8.106231689453125e-06
50,0.0009553432464599609,0.00023889541625976562,0.00022745132446289062,0.0005810260772705078,0.6611027717590332,0.05975747108459473,0.012289285659790039,6.198883056640625e-06
50,0.0008654594421386719,0.00020837783813476562,0.00021910667419433594,0.0005621910095214844,0.4069056510925293,0.034761905670166016,0.012348175048828125,6.4373016357421875e-06
50,0.0011410713195800781,0.0005342960357666016,0.0003871917724609375,0.0009214878082275391,0.30246615409851074,0.04184460639953613,0.019359111785888672,7.3909759521484375e-06
50,0.0008938312530517578,0.0002677440643310547,0.00022459030151367188,0.0005629062652587891,0.14242267608642578,0.03476858139038086,0.01677536964416504,7.3909759521484375e-06
50,0.0010559558868408203,0.0002713203430175781,0.00024366378784179688,0.0006546974182128906,0.46668219566345215,0.05350017547607422,0.014938831329345703,8.821487426757812e-06
51,0.0009443759918212891,0.0002415180206298828,0.0002269744873046875,0.0005550384521484375,0.07605838775634766,0.1466691493988037,0.017413616180419922,5.9604644775390625e-06
51,0.0009772777557373047,0.00023746490478515625,0.00026297569274902344,0.0007846355438232422,0.6423969268798828,0.06544923782348633,0.0168764591217041,6.4373016357421875e-06
51,0.001013040542602539,0.00030803680419921875,0.00024580955505371094,0.0005791187286376953,0.47309398651123047,0.036963701248168945,0.01308131217956543,6.67572021484375e-06
51,0.0008869171142578125,0.0002455711364746094,0.0002396106719970703,0.0006184577941894531,0.0812382698059082,0.06250452995300293,0.03066229820251465,7.152557373046875e-06
51,0.0009126663208007812,0.00025963783264160156,0.0002524852752685547,0.0007255077362060547,0.2066035270690918,0.1349928379058838,0.01786971092224121,7.62939453125e-06
51,0.0010068416595458984,0.0002193450927734375,0.0002231597900390625,0.0005595684051513672,0.21716523170471191,0.06583046913146973,0.017052412033081055,6.9141387939453125e-06
51,0.0009715557098388672,0.0002148151397705078,0.0002300739288330078,0.0005772113800048828,1.1333389282226562,0.13521981239318848,0.01961064338684082,6.198883056640625e-06
51,0.0009555816650390625,0.00022721290588378906,0.00022983551025390625,0.0005323886871337891,0.5048391819000244,0.043884992599487305,0.011470317840576172,6.9141387939453125e-06
51,0.0009183883666992188,0.00024127960205078125,0.0002288818359375,0.0005919933319091797,0.3412516117095947,0.03747725486755371,0.016413450241088867,7.62939453125e-06
51,0.0012459754943847656,0.0004115104675292969,0.0003216266632080078,0.0008282661437988281,0.1693418025970459,0.03980517387390137,0.01480722427368164,6.4373016357421875e-06
52,0.0013058185577392578,0.0003180503845214844,0.0002961158752441406,0.0007221698760986328,0.1070563793182373,0.07516598701477051,0.018831253051757812,7.152557373046875e-06
52,0.0009794235229492188,0.0003361701965332031,0.0002467632293701172,0.0006499290466308594,0.21717309951782227,0.04585123062133789,0.011660575866699219,7.152557373046875e-06
52,0.0007891654968261719,0.00021982192993164062,0.0002415180206298828,0.00055694580078125,0.2543807029724121,0.07851910591125488,0.020830154418945312,2.4080276489257812e-05
52,0.0008251667022705078,0.0002410411834716797,0.00021910667419433594,0.0005383491516113281,0.19149231910705566,0.049273014068603516,0.012617111206054688,7.62939453125e-06
52,0.000993967056274414,0.00023365020751953125,0.0002524852752685547,0.0006892681121826172,0.086212158203125,0.13865065574645996,0.0188295841217041,6.198883056640625e-06
52,0.0009324550628662109,0.00026988983154296875,0.00023794174194335938,0.0006344318389892578,0.15651154518127441,0.13787102699279785,0.013550043106079102,6.198883056640625e-06
52,0.0013589859008789062,0.00023555755615234375,0.0002529621124267578,0.0005915164947509766,0.06268143653869629,0.04267430305480957,0.014727592468261719,6.198883056640625e-06
52,0.000982522964477539,0.0002448558807373047,0.0002334117889404297,0.0005593299865722656,0.12902164459228516,0.045807600021362305,0.010966300964355469,6.4373016357421875e-06
52,0.0009410381317138672,0.00022268295288085938,0.00032329559326171875,0.0006115436553955078,0.28015923500061035,0.03655648231506348,0.0159149169921875,6.4373016357421875e-06
52,0.0009019374847412109,0.00023555755615234375,0.00022935867309570312,0.0005605220794677734,0.3887298107147217,0.14121150970458984,0.024194717407226562,5.9604644775390625e-06
53,0.0010881423950195312,0.0002353191375732422,0.0002593994140625,0.0006356239318847656,0.1891787052154541,0.17361116409301758,0.016862154006958008,6.67572021484375e-06
53,0.0012454986572265625,0.0002968311309814453,0.0003180503845214844,0.0007505416870117188,0.07857966423034668,0.14071273803710938,0.0175018310546875,6.4373016357421875e-06
53,0.0010445117950439453,0.00027251243591308594,0.00024008750915527344,0.0006268024444580078,0.3464789390563965,0.12502050399780273,0.017810821533203125,5.7220458984375e-06
53,0.0009169578552246094,0.0002574920654296875,0.00024890899658203125,0.0006301403045654297,0.11482477188110352,0.026402711868286133,0.013392210006713867,7.867813110351562e-06
53,0.000995635986328125,0.0002503395080566406,0.00024509429931640625,0.0006289482116699219,0.25690746307373047,0.036448001861572266,0.01927042007446289,6.67572021484375e-06
53,0.0009493827819824219,0.0002541542053222656,0.00023508071899414062,0.0006320476531982422,0.3595254421234131,0.09064888954162598,0.018931865692138672,5.9604644775390625e-06
53,0.0008702278137207031,0.0002703666687011719,0.0002701282501220703,0.0007262229919433594,0.11596345901489258,0.024642229080200195,0.013361930847167969,2.0742416381835938e-05
53,0.0010018348693847656,0.000255584716796875,0.00024271011352539062,0.0006353855133056641,0.06869983673095703,0.07266116142272949,0.016405344009399414,7.152557373046875e-06
53,0.0008819103240966797,0.00028133392333984375,0.0002486705780029297,0.0007054805755615234,0.12629342079162598,0.13679146766662598,0.015587806701660156,6.9141387939453125e-06
53,0.0009589195251464844,0.00023484230041503906,0.00023508071899414062,0.0005681514739990234,0.16618132591247559,0.12744998931884766,0.0189821720123291,7.62939453125e-06
54,0.0010361671447753906,0.00026154518127441406,0.0002467632293701172,0.0006213188171386719,0.1602773666381836,0.139373779296875,0.01395869255065918,8.106231689453125e-06
54,0.000978708267211914,0.0002818107604980469,0.000240325927734375,0.0006322860717773438,1.101578712463379,0.05479264259338379,0.019465208053588867,7.152557373046875e-06
54,0.0008883476257324219,0.00027632713317871094,0.00023412704467773438,0.0006935596466064453,0.14320945739746094,0.04178667068481445,0.01204061508178711,5.9604644775390625e-06
54,0.000986337661743164,0.0002446174621582031,0.00024509429931640625,0.0005688667297363281,1.2020032405853271,0.04299426078796387,0.01182699203491211,6.9141387939453125e-06
54,0.0009033679962158203,0.00028133392333984375,0.0003056526184082031,0.0006544589996337891,0.24369573593139648,0.1343681812286377,0.017641544342041016,9.059906005859375e-06
54,0.0009481906890869141,0.0002429485321044922,0.00026679039001464844,0.0006525516510009766,0.08600997924804688,0.027711153030395508,0.015758037567138672,8.106231689453125e-06
54,0.0010027885437011719,0.0002455711364746094,0.0002491474151611328,0.0006842613220214844,0.1118471622467041,0.044692039489746094,0.01222681999206543,6.4373016357421875e-06
54,0.0011446475982666016,0.00025153160095214844,0.0002579689025878906,0.0006330013275146484,0.3481900691986084,0.04033470153808594,0.016185283660888672,8.344650268554688e-06
54,0.0009350776672363281,0.0002460479736328125,0.00023674964904785156,0.0005338191986083984,0.21072649955749512,0.04087710380554199,0.012987852096557617,8.344650268554688e-06
54,0.0010924339294433594,0.0002627372741699219,0.00034928321838378906,0.0007140636444091797,0.11514449119567871,0.049485206604003906,0.01789712905883789,6.198883056640625e-06
55,0.0011608600616455078,0.0002551078796386719,0.0002627372741699219,0.0006248950958251953,0.09178400039672852,0.04582047462463379,0.01573944091796875,8.58306884765625e-06
55,0.0012784004211425781,0.0002949237823486328,0.0002894401550292969,0.0006861686706542969,2.6015114784240723,0.0684812068939209,0.013604879379272461,8.106231689453125e-06
55,0.0010068416595458984,0.00030040740966796875,0.0002582073211669922,0.0006699562072753906,0.19985198974609375,0.12895750999450684,0.013438224792480469,6.9141387939453125e-06
55,0.0013823509216308594,0.0003561973571777344,0.0003199577331542969,0.0006783008575439453,1.4663467407226562,0.043370962142944336,0.013125896453857422,7.3909759521484375e-06
55,0.0011360645294189453,0.0004029273986816406,0.0002944469451904297,0.0008180141448974609,0.25706911087036133,0.14319634437561035,0.019524335861206055,6.4373016357421875e-06
55,0.0010907649993896484,0.00024366378784179688,0.00023293495178222656,0.0006055831909179688,1.032134771347046,0.04698443412780762,0.014973163604736328,6.198883056640625e-06
55,0.0010569095611572266,0.0002830028533935547,0.0002567768096923828,0.0006437301635742188,0.2655305862426758,0.060137033462524414,0.01732015609741211,7.3909759521484375e-06
55,0.0010371208190917969,0.0002696514129638672,0.0002567768096923828,0.0007407665252685547,1.8308050632476807,0.05478048324584961,0.016016483306884766,6.67572021484375e-06
55,0.0011875629425048828,0.00025463104248046875,0.0002651214599609375,0.0006601810455322266,0.12170910835266113,0.14050674438476562,0.01785111427307129,6.198883056640625e-06
55,0.0010800361633300781,0.00024366378784179688,0.0003483295440673828,0.0007741451263427734,0.2248213291168213,0.15300798416137695,0.02100658416748047,5.245208740234375e-06
56,0.0012276172637939453,0.0003457069396972656,0.0003516674041748047,0.0009918212890625,0.0923004150390625,0.05722761154174805,0.01675868034362793,6.4373016357421875e-06
56,0.0011675357818603516,0.00030493736267089844,0.00030684471130371094,0.0007634162902832031,0.12221097946166992,0.04081296920776367,0.016973018646240234,9.226799011230469e-05
56,0.0012402534484863281,0.0003294944763183594,0.0003209114074707031,0.0008053779602050781,0.09965968132019043,0.08111238479614258,0.017444849014282227,7.3909759521484375e-06
56,0.0012347698211669922,0.000293731689453125,0.00027680397033691406,0.0007123947143554688,0.09351706504821777,0.029363393783569336,0.013634681701660156,7.867813110351562e-06
56,0.0010573863983154297,0.0002529621124267578,0.0002467632293701172,0.0006003379821777344,0.5156455039978027,0.07581186294555664,0.0137786865234375,6.67572021484375e-06
56,0.0011162757873535156,0.00027298927307128906,0.00025391578674316406,0.0006504058837890625,0.1221303939819336,0.04841971397399902,0.016059160232543945,5.4836273193359375e-06
56,0.0011615753173828125,0.0003256797790527344,0.0002760887145996094,0.0007314682006835938,0.31757092475891113,0.08915948867797852,0.01638484001159668,7.3909759521484375e-06
56,0.0010833740234375,0.0002512931823730469,0.0002593994140625,0.0006802082061767578,0.13819265365600586,0.055855512619018555,0.017374753952026367,5.7220458984375e-06
56,0.0010721683502197266,0.0002675056457519531,0.00026988983154296875,0.0007190704345703125,0.1260974407196045,0.14220237731933594,0.020449399948120117,5.4836273193359375e-06
56,0.0010738372802734375,0.0002636909484863281,0.0002593994140625,0.0006136894226074219,0.19060373306274414,0.06398892402648926,0.01673436164855957,6.4373016357421875e-06
57,0.0017311573028564453,0.0004153251647949219,0.0004134178161621094,0.0011229515075683594,0.08194708824157715,0.053420305252075195,0.02126789093017578,6.198883056640625e-06
57,0.0012068748474121094,0.0002422332763671875,0.0002689361572265625,0.0006425380706787109,0.09794950485229492,0.12216639518737793,0.01627516746520996,6.198883056640625e-06
57,0.0011348724365234375,0.00026702880859375,0.00026869773864746094,0.0006515979766845703,0.3309612274169922,0.1631603240966797,0.01734614372253418,1.4781951904296875e-05
57,0.0010633468627929688,0.0002613067626953125,0.0002689361572265625,0.0006258487701416016,0.10883021354675293,0.12975716590881348,0.017920970916748047,8.344650268554688e-06
57,0.0014281272888183594,0.0003151893615722656,0.0003790855407714844,0.000982046127319336,0.3186473846435547,0.09273386001586914,0.021976470947265625,6.67572021484375e-06
57,0.001108407974243164,0.0002613067626953125,0.00025725364685058594,0.0006275177001953125,0.3356311321258545,0.05723977088928223,0.016254186630249023,6.4373016357421875e-06
57,0.0012385845184326172,0.0002892017364501953,0.0002834796905517578,0.0007402896881103516,0.33778905868530273,0.037856340408325195,0.01803874969482422,5.7220458984375e-06
57,0.0012753009796142578,0.00025773048400878906,0.00027370452880859375,0.0008287429809570312,1.2713239192962646,0.09198331832885742,0.02289605140686035,5.7220458984375e-06
57,0.0011181831359863281,0.00028967857360839844,0.0002734661102294922,0.0007047653198242188,0.9419243335723877,0.11882257461547852,0.018471956253051758,6.9141387939453125e-06
57,0.0010614395141601562,0.00025582313537597656,0.00026798248291015625,0.000766754150390625,0.10248970985412598,0.052121639251708984,0.016423463821411133,5.9604644775390625e-06
58,0.00107574462890625,0.00027060508728027344,0.0002796649932861328,0.0006308555603027344,4.714382171630859,0.04597020149230957,0.01678776741027832,7.152557373046875e-06
58,0.0011506080627441406,0.000270843505859375,0.0002613067626953125,0.0006389617919921875,1.5468275547027588,0.035695552825927734,0.014122962951660156,8.58306884765625e-06
58,0.0011420249938964844,0.00035953521728515625,0.00026988983154296875,0.0007674694061279297,0.7298786640167236,0.06407380104064941,0.01322793960571289,6.9141387939453125e-06
58,0.0011687278747558594,0.00028228759765625,0.00025916099548339844,0.0006461143493652344,0.13518095016479492,0.1530895233154297,0.023490190505981445,6.9141387939453125e-06
58,0.0011456012725830078,0.0002701282501220703,0.00039649009704589844,0.0007445812225341797,0.48694324493408203,0.13312983512878418,0.014226198196411133,5.7220458984375e-06
58,0.00116729736328125,0.0002682209014892578,0.00027823448181152344,0.0007517337799072266,0.2594461441040039,0.15490317344665527,0.01743173599243164,6.4373016357421875e-06
58,0.0011293888092041016,0.00027489662170410156,0.0002913475036621094,0.0007331371307373047,0.40969347953796387,0.12854242324829102,0.017337560653686523,6.4373016357421875e-06
58,0.0011670589447021484,0.00027942657470703125,0.0003552436828613281,0.0006232261657714844,0.657562255859375,0.05970931053161621,0.01478123664855957,8.106231689453125e-06
58,0.0012395381927490234,0.0002808570861816406,0.000278472900390625,0.0007328987121582031,0.43242359161376953,0.16063976287841797,0.016553878784179688,6.67572021484375e-06
58,0.0011713504791259766,0.0002918243408203125,0.000293731689453125,0.0008234977722167969,0.2543344497680664,0.08098220825195312,0.017646312713623047,6.67572021484375e-06
59,0.0011854171752929688,0.00025081634521484375,0.0002593994140625,0.0006060600280761719,0.09047365188598633,0.0573728084564209,0.014099836349487305,6.4373016357421875e-06
59,0.0012233257293701172,0.000278472900390625,0.00028133392333984375,0.0007026195526123047,0.20501160621643066,0.044165849685668945,0.013728618621826172,7.152557373046875e-06
59,0.00113677978515625,0.0002765655517578125,0.0003476142883300781,0.0007545948028564453,2.5707857608795166,0.16451358795166016,0.023027896881103516,6.67572021484375e-06
59,0.0011494159698486328,0.0003104209899902344,0.00026607513427734375,0.0006852149963378906,0.3534736633300781,0.06681180000305176,0.017338991165161133,6.4373016357421875e-06
59,0.0012173652648925781,0.00028443336486816406,0.0002818107604980469,0.0007643699645996094,1.8973429203033447,0.16690826416015625,0.014437675476074219,6.198883056640625e-06
59,0.0011858940124511719,0.000270843505859375,0.0002741813659667969,0.0007164478302001953,0.22945713996887207,0.17958784103393555,0.016715526580810547,5.9604644775390625e-06
59,0.001378774642944336,0.00030303001403808594,0.000278472900390625,0.0007643699645996094,0.8645548820495605,0.17391085624694824,0.02106928825378418,6.67572021484375e-06
59,0.0012383460998535156,0.0002779960632324219,0.00028586387634277344,0.0007371902465820312,0.09231710433959961,0.15777873992919922,0.016928911209106445,6.67572021484375e-06
59,0.0012128353118896484,0.0002853870391845703,0.0002779960632324219,0.0006687641143798828,0.7712812423706055,0.07868432998657227,0.017690658569335938,6.4373016357421875e-06
59,0.0011930465698242188,0.00024771690368652344,0.000263214111328125,0.0006663799285888672,0.19413447380065918,0.1421060562133789,0.016893386840820312,6.67572021484375e-06
60,0.001157999038696289,0.00027632713317871094,0.000286102294921875,0.0006947517395019531,0.4184145927429199,0.04189872741699219,0.012874841690063477,7.152557373046875e-06
60,0.0012369155883789062,0.0002951622009277344,0.0002906322479248047,0.0009019374847412109,0.14753317832946777,0.10179424285888672,0.01800251007080078,6.198883056640625e-06
60,0.0012574195861816406,0.00029921531677246094,0.0002970695495605469,0.0008072853088378906,0.6383664608001709,0.05054950714111328,0.014582395553588867,7.152557373046875e-06
60,0.0014770030975341797,0.00031685829162597656,0.0005643367767333984,0.0009303092956542969,0.5938065052032471,0.09683108329772949,0.01775503158569336,6.9141387939453125e-06
60,0.0012655258178710938,0.0004248619079589844,0.0003192424774169922,0.0007607936859130859,0.296724796295166,0.045674800872802734,0.01865696907043457,7.3909759521484375e-06
60,0.0012850761413574219,0.0003008842468261719,0.0003063678741455078,0.0008101463317871094,1.1966760158538818,0.04882955551147461,0.02578878402709961,7.152557373046875e-06
60,0.0012466907501220703,0.0002899169921875,0.00034046173095703125,0.000766754150390625,0.14132213592529297,0.09826493263244629,0.02080988883972168,6.198883056640625e-06
60,0.0013189315795898438,0.0003063678741455078,0.00040841102600097656,0.000782012939453125,1.2241926193237305,0.06048583984375,0.016945838928222656,5.9604644775390625e-06
60,0.0012271404266357422,0.0003376007080078125,0.00027871131896972656,0.0007882118225097656,0.10852599143981934,0.11302351951599121,0.028314828872680664,6.67572021484375e-06
60,0.0014233589172363281,0.0002994537353515625,0.0003204345703125,0.000858306884765625,0.7098302841186523,0.12558317184448242,0.01766800880432129,1.049041748046875e-05
61,0.0012218952178955078,0.0003113746643066406,0.0003337860107421875,0.0007379055023193359,0.14267492294311523,0.04724454879760742,0.01671576499938965,6.4373016357421875e-06
61,0.0012562274932861328,0.00028967857360839844,0.00030684471130371094,0.0006775856018066406,4.430689096450806,0.1455223560333252,0.017199993133544922,1.3589859008789062e-05
61,0.0012829303741455078,0.0002837181091308594,0.0002887248992919922,0.0006952285766601562,0.20136117935180664,0.038896799087524414,0.01466989517211914,7.62939453125e-06
61,0.001279592514038086,0.00031113624572753906,0.00029587745666503906,0.0007634162902832031,0.20173954963684082,0.17869043350219727,0.026821613311767578,6.9141387939453125e-06
61,0.0014929771423339844,0.00030112266540527344,0.00032138824462890625,0.0008673667907714844,0.41127467155456543,0.09542179107666016,0.019014596939086914,7.3909759521484375e-06
61,0.0011641979217529297,0.0002951622009277344,0.0002853870391845703,0.0007631778717041016,0.3519582748413086,0.12626361846923828,0.02719402313232422,6.4373016357421875e-06
61,0.001293182373046875,0.0003001689910888672,0.00030732154846191406,0.0007915496826171875,0.4616408348083496,0.02901458740234375,0.017519712448120117,6.9141387939453125e-06
61,0.00131988525390625,0.0003018379211425781,0.0002903938293457031,0.0007357597351074219,0.6391806602478027,0.06590723991394043,0.01827716827392578,6.67572021484375e-06
61,0.0012362003326416016,0.0002906322479248047,0.0003046989440917969,0.0008444786071777344,1.4531216621398926,0.04602646827697754,0.015103816986083984,1.0251998901367188e-05
61,0.0012502670288085938,0.0003094673156738281,0.0002675056457519531,0.0007214546203613281,0.13154244422912598,0.12206387519836426,0.022621870040893555,5.9604644775390625e-06
62,0.0013968944549560547,0.00031566619873046875,0.00029850006103515625,0.0007293224334716797,0.8208949565887451,0.13442778587341309,0.025420427322387695,7.152557373046875e-06
62,0.00128936767578125,0.0004489421844482422,0.0004019737243652344,0.0007965564727783203,0.3206186294555664,0.18947839736938477,0.027466773986816406,1.3828277587890625e-05
62,0.0018177032470703125,0.0003998279571533203,0.00031757354736328125,0.0007219314575195312,0.07950544357299805,0.17845797538757324,0.01626110076904297,1.0251998901367188e-05
62,0.0014636516571044922,0.0003478527069091797,0.00032067298889160156,0.0008976459503173828,0.21799540519714355,0.10478329658508301,0.020496129989624023,5.9604644775390625e-06
62,0.0012314319610595703,0.0002837181091308594,0.000301361083984375,0.0008254051208496094,0.3260078430175781,0.15530705451965332,0.018680334091186523,6.4373016357421875e-06
62,0.001520395278930664,0.0005686283111572266,0.0003795623779296875,0.0008096694946289062,0.09879302978515625,0.07013487815856934,0.021868228912353516,6.4373016357421875e-06
62,0.0013132095336914062,0.00031113624572753906,0.0002970695495605469,0.0007929801940917969,0.5438995361328125,0.15400433540344238,0.01815056800842285,6.198883056640625e-06
62,0.0015397071838378906,0.0003662109375,0.0003325939178466797,0.0007669925689697266,0.17639660835266113,0.1297464370727539,0.017909526824951172,6.67572021484375e-06
62,0.0012981891632080078,0.0002987384796142578,0.00029850006103515625,0.0007383823394775391,0.19184064865112305,0.032892465591430664,0.013497114181518555,6.4373016357421875e-06
62,0.001384735107421875,0.00028228759765625,0.0003058910369873047,0.0007672309875488281,0.36238884925842285,0.054291725158691406,0.013921737670898438,7.3909759521484375e-06
63,0.0013206005096435547,0.00040531158447265625,0.0003616809844970703,0.0008039474487304688,6.748090982437134,0.1188359260559082,0.019021034240722656,7.62939453125e-06
63,0.0014994144439697266,0.0003287792205810547,0.00031375885009765625,0.0008161067962646484,0.08983874320983887,0.07748103141784668,0.017315149307250977,6.9141387939453125e-06
63,0.0017266273498535156,0.000335693359375,0.0005598068237304688,0.0007240772247314453,0.1417396068572998,0.04359602928161621,0.014505147933959961,9.298324584960938e-06
63,0.0015337467193603516,0.0003681182861328125,0.00032401084899902344,0.0008182525634765625,1.388969898223877,0.07377481460571289,0.016140222549438477,6.67572021484375e-06
63,0.0015778541564941406,0.00033664703369140625,0.000316619873046875,0.0007216930389404297,0.6501049995422363,0.1438899040222168,0.012892484664916992,6.4373016357421875e-06
63,0.0016655921936035156,0.00041675567626953125,0.0004367828369140625,0.0011279582977294922,0.8939695358276367,0.062299489974975586,0.023385286331176758,7.62939453125e-06
63,0.0016891956329345703,0.00033974647521972656,0.0003399848937988281,0.0008184909820556641,0.19621992111206055,0.03523111343383789,0.02160501480102539,6.198883056640625e-06
63,0.001293182373046875,0.0003135204315185547,0.00030303001403808594,0.0006873607635498047,6.136178493499756,0.07879042625427246,0.0163576602935791,8.106231689453125e-06
63,0.0014204978942871094,0.0003910064697265625,0.0003972053527832031,0.0007767677307128906,0.3046128749847412,0.056427717208862305,0.018639802932739258,6.9141387939453125e-06
63,0.0012786388397216797,0.0003333091735839844,0.0002923011779785156,0.0007171630859375,0.09251070022583008,0.15055274963378906,0.016345500946044922,6.4373016357421875e-06
64,0.001438140869140625,0.00032711029052734375,0.0004630088806152344,0.0007915496826171875,5.36497163772583,0.030779361724853516,0.016719341278076172,7.867813110351562e-06
64,0.0013730525970458984,0.0002951622009277344,0.0003066062927246094,0.0007982254028320312,0.6071598529815674,0.0922245979309082,0.020221948623657227,7.3909759521484375e-06
64,0.001695394515991211,0.00033664703369140625,0.0005795955657958984,0.0007534027099609375,1.0319936275482178,0.030188560485839844,0.013852596282958984,7.867813110351562e-06
64,0.0016443729400634766,0.0005397796630859375,0.0003998279571533203,0.004139423370361328,1.0849642753601074,0.12690186500549316,0.023705005645751953,6.198883056640625e-06
64,0.0014507770538330078,0.0003299713134765625,0.0003178119659423828,0.0008034706115722656,0.3177807331085205,0.05453014373779297,0.025964021682739258,7.62939453125e-06
64,0.0020492076873779297,0.0006017684936523438,0.00045561790466308594,0.001287221908569336,0.8256015777587891,0.06878542900085449,0.036435842514038086,6.4373016357421875e-06
64,0.0014922618865966797,0.0003726482391357422,0.0003180503845214844,0.0008141994476318359,0.08784294128417969,0.08086180686950684,0.015330791473388672,6.67572021484375e-06
64,0.0019714832305908203,0.0004475116729736328,0.0004646778106689453,0.0010845661163330078,0.43660759925842285,0.045018911361694336,0.025844335556030273,7.62939453125e-06
64,0.0014095306396484375,0.0003364086151123047,0.0003180503845214844,0.0008635520935058594,1.5643162727355957,0.09725332260131836,0.018062829971313477,6.67572021484375e-06
64,0.0014598369598388672,0.00037407875061035156,0.0004260540008544922,0.0008366107940673828,0.36594676971435547,0.05377388000488281,0.03069782257080078,6.9141387939453125e-06
65,0.0015115737915039062,0.0003247261047363281,0.0003485679626464844,0.000904083251953125,1.0676193237304688,0.0481870174407959,0.02188706398010254,6.9141387939453125e-06
65,0.0016260147094726562,0.0003464221954345703,0.0004398822784423828,0.0009307861328125,0.35690927505493164,0.07674694061279297,0.01985621452331543,6.67572021484375e-06
65,0.0017116069793701172,0.0003437995910644531,0.0003323554992675781,0.0007462501525878906,0.10137128829956055,0.07271981239318848,0.02217841148376465,6.9141387939453125e-06
65,0.0015835762023925781,0.0003287792205810547,0.0003256797790527344,0.0008356571197509766,1.7703375816345215,0.05263113975524902,0.01807379722595215,6.67572021484375e-06
65,0.0018644332885742188,0.00033593177795410156,0.00040602684020996094,0.0008885860443115234,0.7149591445922852,0.0649867057800293,0.021605491638183594,6.67572021484375e-06
65,0.00162506103515625,0.00031638145446777344,0.00034165382385253906,0.0008807182312011719,0.35155439376831055,0.09610104560852051,0.020650386810302734,1.049041748046875e-05
65,0.0016138553619384766,0.0005533695220947266,0.0003712177276611328,0.0011448860168457031,0.4142763614654541,0.05323505401611328,0.027892351150512695,7.62939453125e-06
65,0.0013554096221923828,0.0003361701965332031,0.00034928321838378906,0.0009491443634033203,0.14564299583435059,0.06817054748535156,0.02013373374938965,6.9141387939453125e-06
65,0.0013704299926757812,0.0003428459167480469,0.0003566741943359375,0.0008151531219482422,0.34173035621643066,0.04799985885620117,0.019738197326660156,6.4373016357421875e-06
65,0.001735687255859375,0.0003407001495361328,0.0004494190216064453,0.0011038780212402344,1.7093584537506104,0.05752849578857422,0.016196250915527344,6.4373016357421875e-06
66,0.0014030933380126953,0.00034427642822265625,0.0003287792205810547,0.0008969306945800781,0.13157105445861816,0.04593515396118164,0.017006635665893555,6.198883056640625e-06
66,0.0016968250274658203,0.00036144256591796875,0.0003712177276611328,0.0009133815765380859,1.3930420875549316,0.14955854415893555,0.01823568344116211,7.152557373046875e-06
66,0.001445770263671875,0.0003292560577392578,0.00031638145446777344,0.0007944107055664062,0.8168680667877197,0.045285701751708984,0.020460844039916992,7.152557373046875e-06
66,0.0015130043029785156,0.0003936290740966797,0.0003790855407714844,0.0008487701416015625,0.15557646751403809,0.13571715354919434,0.02281045913696289,5.7220458984375e-06
66,0.0016398429870605469,0.0003273487091064453,0.00035262107849121094,0.0009691715240478516,1.5936315059661865,0.04555010795593262,0.01471567153930664,6.198883056640625e-06
66,0.0015943050384521484,0.0003616809844970703,0.0003552436828613281,0.0008573532104492188,0.3448166847229004,0.09769058227539062,0.01825547218322754,6.4373016357421875e-06
66,0.0016360282897949219,0.0005304813385009766,0.0003566741943359375,0.0008115768432617188,0.3226504325866699,0.0849754810333252,0.02331376075744629,6.4373016357421875e-06
66,0.001556396484375,0.00033974647521972656,0.0003724098205566406,0.000896453857421875,1.1507501602172852,0.14505481719970703,0.014698505401611328,6.198883056640625e-06
66,0.0015320777893066406,0.00037479400634765625,0.0003604888916015625,0.0008714199066162109,1.8351364135742188,0.06661701202392578,0.016728639602661133,7.152557373046875e-06
66,0.0030875205993652344,0.0006747245788574219,0.0013155937194824219,0.0016605854034423828,2.1189303398132324,0.046591997146606445,0.028465986251831055,9.059906005859375e-06
67,0.0017125606536865234,0.00039958953857421875,0.00035262107849121094,0.0008513927459716797,0.7139673233032227,0.16408634185791016,0.020482301712036133,7.152557373046875e-06
67,0.0018274784088134766,0.0003788471221923828,0.0003399848937988281,0.0008819103240966797,1.9762897491455078,0.05174994468688965,0.019742250442504883,7.867813110351562e-06
67,0.0017533302307128906,0.0003662109375,0.00038909912109375,0.0008723735809326172,5.472474813461304,0.08585953712463379,0.018585205078125,8.106231689453125e-06
67,0.0026960372924804688,0.0005309581756591797,0.0005557537078857422,0.0013267993927001953,0.18557024002075195,0.15613913536071777,0.03717184066772461,7.152557373046875e-06
67,0.0018029212951660156,0.0003948211669921875,0.0003376007080078125,0.0008018016815185547,0.9604330062866211,0.0877542495727539,0.018931150436401367,6.9141387939453125e-06
67,0.0014903545379638672,0.00033926963806152344,0.0003228187561035156,0.000850677490234375,0.11634445190429688,0.15755772590637207,0.022272109985351562,6.9141387939453125e-06
67,0.0015716552734375,0.0004074573516845703,0.0004315376281738281,0.0008859634399414062,2.247588872909546,0.13823819160461426,0.021053075790405273,5.9604644775390625e-06
67,0.0027608871459960938,0.0005984306335449219,0.0004017353057861328,0.0010030269622802734,0.4259364604949951,0.08272409439086914,0.025439977645874023,6.67572021484375e-06
67,0.0022935867309570312,0.00046825408935546875,0.0005173683166503906,0.0009210109710693359,0.28954505920410156,0.18206048011779785,0.02767801284790039,6.198883056640625e-06
67,0.0019273757934570312,0.0004706382751464844,0.0004329681396484375,0.0012400150299072266,1.9280483722686768,0.04537081718444824,0.024795055389404297,8.821487426757812e-06
68,0.001665353775024414,0.0003612041473388672,0.00034356117248535156,0.000985860824584961,0.5895378589630127,0.1562199592590332,0.03639841079711914,1.0251998901367188e-05
68,0.0020186901092529297,0.00037026405334472656,0.0003619194030761719,0.0009272098541259766,0.8094592094421387,0.15257573127746582,0.028547048568725586,6.198883056640625e-06
68,0.0021822452545166016,0.00046896934509277344,0.0006198883056640625,0.0011413097381591797,0.25358104705810547,0.0725698471069336,0.020197153091430664,7.152557373046875e-06
68,0.001735687255859375,0.00034618377685546875,0.00039124488830566406,0.0008418560028076172,0.7730576992034912,0.12131929397583008,0.020667552947998047,7.3909759521484375e-06
68,0.002160310745239258,0.000583648681640625,0.0004665851593017578,0.0011286735534667969,1.0310273170471191,0.1425628662109375,0.03640913963317871,7.152557373046875e-06
68,0.0015211105346679688,0.0003676414489746094,0.0003142356872558594,0.0007810592651367188,1.3931891918182373,0.11429905891418457,0.01446986198425293,6.4373016357421875e-06
68,0.0015561580657958984,0.0003502368927001953,0.0003466606140136719,0.0008666515350341797,0.7127940654754639,0.05936074256896973,0.014206886291503906,9.059906005859375e-06
68,0.0015554428100585938,0.0003409385681152344,0.0003402233123779297,0.0010352134704589844,0.3757669925689697,0.06206083297729492,0.017277002334594727,9.5367431640625e-06
68,0.0015072822570800781,0.0003528594970703125,0.0003459453582763672,0.001005411148071289,0.10947537422180176,0.12292885780334473,0.0195770263671875,5.7220458984375e-06
68,0.0015876293182373047,0.0004420280456542969,0.00041794776916503906,0.0009758472442626953,0.17783617973327637,0.1696310043334961,0.0221405029296875,6.4373016357421875e-06
69,0.0017461776733398438,0.0003814697265625,0.0003886222839355469,0.0008921623229980469,4.061289548873901,0.0598759651184082,0.031926631927490234,7.152557373046875e-06
69,0.0018858909606933594,0.00036334991455078125,0.0006313323974609375,0.0016655921936035156,0.5529725551605225,0.12241363525390625,0.029453754425048828,5.7220458984375e-06
69,0.0016939640045166016,0.0004062652587890625,0.0003848075866699219,0.0008623600006103516,2.7607057094573975,0.16682147979736328,0.01879096031188965,7.152557373046875e-06
69,0.0018200874328613281,0.0003516674041748047,0.0004425048828125,0.0008957386016845703,0.3579699993133545,0.18567657470703125,0.023129940032958984,6.9141387939453125e-06
69,0.0016889572143554688,0.0003466606140136719,0.00036597251892089844,0.0008425712585449219,1.1091973781585693,0.07436752319335938,0.018906593322753906,7.3909759521484375e-06
69,0.001932382583618164,0.00042057037353515625,0.0007517337799072266,0.0011239051818847656,0.1297311782836914,0.10535669326782227,0.03247880935668945,6.4373016357421875e-06
69,0.0020325183868408203,0.0006227493286132812,0.0004999637603759766,0.001604318618774414,2.376642942428589,0.15186142921447754,0.036249399185180664,6.67572021484375e-06
69,0.0031614303588867188,0.0008022785186767578,0.0006966590881347656,0.0014941692352294922,0.5868182182312012,0.06265807151794434,0.02932000160217285,7.3909759521484375e-06
69,0.0019567012786865234,0.0003998279571533203,0.0005576610565185547,0.001438140869140625,0.08337640762329102,0.0615696907043457,0.026917695999145508,6.67572021484375e-06
69,0.001567840576171875,0.0003306865692138672,0.0004074573516845703,0.0009238719940185547,0.2521481513977051,0.15595698356628418,0.020435810089111328,7.867813110351562e-06
70,0.0017559528350830078,0.00039124488830566406,0.0003952980041503906,0.0009617805480957031,2.741563081741333,0.10767459869384766,0.02708125114440918,7.152557373046875e-06
70,0.0021347999572753906,0.0003876686096191406,0.00037860870361328125,0.0008685588836669922,1.1819663047790527,0.07392573356628418,0.020206212997436523,6.9141387939453125e-06
70,0.0022330284118652344,0.00047659873962402344,0.0004410743713378906,0.0012938976287841797,0.08988571166992188,0.08417010307312012,0.027473926544189453,6.198883056640625e-06
70,0.0015740394592285156,0.00036716461181640625,0.0003631114959716797,0.0008261203765869141,0.3154110908508301,0.17324304580688477,0.019012451171875,5.4836273193359375e-06
70,0.0016865730285644531,0.0003867149353027344,0.00036025047302246094,0.0008347034454345703,0.26917266845703125,0.16279363632202148,0.018259286880493164,6.4373016357421875e-06
70,0.0017135143280029297,0.0003457069396972656,0.0003504753112792969,0.0009646415710449219,0.127640962600708,0.05782604217529297,0.02446460723876953,6.4373016357421875e-06
70,0.0018334388732910156,0.0003943443298339844,0.0006310939788818359,0.0009758472442626953,0.2698373794555664,0.04364132881164551,0.019757747650146484,8.344650268554688e-06
70,0.0017850399017333984,0.00038695335388183594,0.0004024505615234375,0.0009255409240722656,1.421762228012085,0.15801525115966797,0.01659679412841797,6.198883056640625e-06
70,0.001794576644897461,0.00035190582275390625,0.0003552436828613281,0.0008742809295654297,0.43926143646240234,0.16079020500183105,0.022269487380981445,7.152557373046875e-06
70,0.003003358840942383,0.0005152225494384766,0.0006349086761474609,0.0016140937805175781,0.37664246559143066,0.14273548126220703,0.03370380401611328,7.152557373046875e-06
71,0.001798868179321289,0.00037741661071777344,0.000370025634765625,0.0009014606475830078,0.15622329711914062,0.09141373634338379,0.019962787628173828,6.67572021484375e-06
71,0.0017938613891601562,0.0004029273986816406,0.00038170814514160156,0.0009839534759521484,0.8349521160125732,0.07089805603027344,0.022881269454956055,6.9141387939453125e-06
71,0.0019047260284423828,0.0003886222839355469,0.0003674030303955078,0.0009436607360839844,0.6180038452148438,0.12409281730651855,0.026510000228881836,8.58306884765625e-06
71,0.001695871353149414,0.0003619194030761719,0.00043320655822753906,0.0012011528015136719,0.40038299560546875,0.08592033386230469,0.02143383026123047,7.3909759521484375e-06
71,0.0018842220306396484,0.00043010711669921875,0.0003781318664550781,0.0008947849273681641,1.127971887588501,0.12161827087402344,0.01748514175415039,6.67572021484375e-06
71,0.0019104480743408203,0.00040149688720703125,0.00047898292541503906,0.0008928775787353516,1.2879276275634766,0.15862631797790527,0.017798900604248047,5.9604644775390625e-06
71,0.0016334056854248047,0.00038909912109375,0.0003504753112792969,0.0007984638214111328,0.7869148254394531,0.0694279670715332,0.02058863639831543,6.67572021484375e-06
71,0.001753091812133789,0.000423431396484375,0.00039315223693847656,0.0008697509765625,0.32852864265441895,0.08949398994445801,0.02593064308166504,6.198883056640625e-06
71,0.001992464065551758,0.0004067420959472656,0.0003795623779296875,0.0008771419525146484,1.3758556842803955,0.09750533103942871,0.02010345458984375,7.62939453125e-06
71,0.0035974979400634766,0.0006744861602783203,0.0007655620574951172,0.0018017292022705078,1.3135762214660645,0.07081103324890137,0.03331470489501953,7.152557373046875e-06
72,0.0017774105072021484,0.000400543212890625,0.00035309791564941406,0.00089263916015625,1.3872473239898682,0.049860477447509766,0.015169620513916016,5.4836273193359375e-06
72,0.001821756362915039,0.0004258155822753906,0.0005381107330322266,0.0011572837829589844,1.3123905658721924,0.10920381546020508,0.024577856063842773,5.9604644775390625e-06
72,0.001993417739868164,0.0005092620849609375,0.0003857612609863281,0.0009543895721435547,0.1912555694580078,0.04318380355834961,0.019176721572875977,7.867813110351562e-06
72,0.002436399459838867,0.0005834102630615234,0.0004448890686035156,0.0011358261108398438,0.607792854309082,0.07553863525390625,0.020897865295410156,6.4373016357421875e-06
72,0.0024085044860839844,0.0005233287811279297,0.00043582916259765625,0.0010998249053955078,0.12752270698547363,0.08807873725891113,0.02000904083251953,6.4373016357421875e-06
72,0.0030975341796875,0.0006232261657714844,0.0005605220794677734,0.00136566162109375,0.5593066215515137,0.13602685928344727,0.02855086326599121,6.4373016357421875e-06
72,0.0017547607421875,0.0003991127014160156,0.0004892349243164062,0.0010571479797363281,2.4350736141204834,0.13432097434997559,0.03817582130432129,6.67572021484375e-06
72,0.002046823501586914,0.00041794776916503906,0.00037860870361328125,0.0009608268737792969,0.17509698867797852,0.06839656829833984,0.018645286560058594,7.152557373046875e-06
72,0.0020623207092285156,0.00042700767517089844,0.0003840923309326172,0.0008971691131591797,0.1515061855316162,0.08152890205383301,0.021431922912597656,6.9141387939453125e-06
72,0.0017821788787841797,0.0003883838653564453,0.0003864765167236328,0.0008716583251953125,0.7246384620666504,0.08320045471191406,0.024702072143554688,8.58306884765625e-06
73,0.0031287670135498047,0.0005750656127929688,0.0007326602935791016,0.0017552375793457031,0.33025145530700684,0.17710590362548828,0.025653362274169922,8.106231689453125e-06
73,0.0020287036895751953,0.0004253387451171875,0.0005996227264404297,0.0010573863983154297,1.749136209487915,0.10839986801147461,0.021871089935302734,6.9141387939453125e-06
73,0.0019059181213378906,0.0003910064697265625,0.0003948211669921875,0.0011544227600097656,0.3610391616821289,0.13396811485290527,0.028636693954467773,7.62939453125e-06
73,0.0018579959869384766,0.00037407875061035156,0.0004673004150390625,0.0010845661163330078,0.9330799579620361,0.0523526668548584,0.01917743682861328,7.152557373046875e-06
73,0.0020601749420166016,0.0006108283996582031,0.00046253204345703125,0.0012443065643310547,0.26718831062316895,0.17973828315734863,0.025397300720214844,6.9141387939453125e-06
73,0.0024056434631347656,0.0006549358367919922,0.00039124488830566406,0.0009248256683349609,0.7134134769439697,0.129990816116333,0.025272369384765625,6.67572021484375e-06
73,0.0019373893737792969,0.00045871734619140625,0.0004913806915283203,0.0010726451873779297,0.19534611701965332,0.18375515937805176,0.02353978157043457,6.198883056640625e-06
73,0.0020089149475097656,0.0003910064697265625,0.0003688335418701172,0.0008783340454101562,0.4130992889404297,0.13081026077270508,0.024202823638916016,6.67572021484375e-06
73,0.002357959747314453,0.0005824565887451172,0.00044798851013183594,0.0021047592163085938,1.2550325393676758,0.17586493492126465,0.0344548225402832,7.3909759521484375e-06
73,0.0017275810241699219,0.0004024505615234375,0.0004115104675292969,0.0011310577392578125,0.15166044235229492,0.12377429008483887,0.01821112632751465,8.58306884765625e-06
74,0.0017342567443847656,0.00041961669921875,0.00039458274841308594,0.0010037422180175781,0.357358455657959,0.172621488571167,0.018170833587646484,6.9141387939453125e-06
74,0.0019631385803222656,0.0004227161407470703,0.0004031658172607422,0.0009958744049072266,1.498793363571167,0.1920030117034912,0.027251482009887695,6.67572021484375e-06
74,0.0028040409088134766,0.0005285739898681641,0.0007112026214599609,0.0017435550689697266,4.311224460601807,0.13199877738952637,0.026324987411499023,6.198883056640625e-06
74,0.002186298370361328,0.0004315376281738281,0.0003883838653564453,0.0010037422180175781,0.843376874923706,0.18320035934448242,0.024599075317382812,7.62939453125e-06
74,0.0019683837890625,0.000438690185546875,0.000392913818359375,0.0009751319885253906,0.16573810577392578,0.1159217357635498,0.021436691284179688,5.7220458984375e-06
74,0.00177001953125,0.00040984153747558594,0.00036454200744628906,0.0011394023895263672,2.3288562297821045,0.18764805793762207,0.023632049560546875,6.198883056640625e-06
74,0.001842498779296875,0.0003943443298339844,0.0004093647003173828,0.0009455680847167969,0.27017879486083984,0.06316757202148438,0.018392086029052734,6.67572021484375e-06
74,0.00222015380859375,0.0004324913024902344,0.00041174888610839844,0.0010030269622802734,0.17148566246032715,0.052051544189453125,0.02100515365600586,6.198883056640625e-06
74,0.0019021034240722656,0.0005176067352294922,0.0003840923309326172,0.0009534358978271484,0.42063307762145996,0.1744365692138672,0.024343252182006836,6.198883056640625e-06
74,0.0018131732940673828,0.0004673004150390625,0.0004584789276123047,0.0011391639709472656,0.36841464042663574,0.1611483097076416,0.0262911319732666,6.9141387939453125e-06
75,0.0019876956939697266,0.0005407333374023438,0.0004334449768066406,0.000919342041015625,0.2215743064880371,0.06493544578552246,0.021763086318969727,5.4836273193359375e-06
75,0.002010822296142578,0.0004150867462158203,0.00038909912109375,0.001043081283569336,0.9166622161865234,0.15221095085144043,0.02178359031677246,7.62939453125e-06
75,0.001796722412109375,0.0004241466522216797,0.00040340423583984375,0.001102447509765625,0.3881402015686035,0.14265894889831543,0.025075435638427734,6.4373016357421875e-06
75,0.0020995140075683594,0.00041556358337402344,0.0003993511199951172,0.0009853839874267578,0.6252248287200928,0.1507108211517334,0.022930383682250977,6.4373016357421875e-06
75,0.0018472671508789062,0.00046634674072265625,0.00042939186096191406,0.0010826587677001953,0.6540913581848145,0.14902353286743164,0.05535125732421875,8.106231689453125e-06
75,0.001924753189086914,0.00038743019104003906,0.00041294097900390625,0.0011336803436279297,0.35782647132873535,0.1489109992980957,0.031130075454711914,6.198883056640625e-06
75,0.001964569091796875,0.0004608631134033203,0.0003769397735595703,0.0009343624114990234,0.6457579135894775,0.1427762508392334,0.031520843505859375,6.4373016357421875e-06
75,0.0018947124481201172,0.0004208087921142578,0.0003921985626220703,0.00103759765625,0.8429670333862305,0.1593639850616455,0.023356199264526367,6.67572021484375e-06
75,0.003572225570678711,0.0006923675537109375,0.0007233619689941406,0.0018100738525390625,0.7408010959625244,0.10984444618225098,0.03053116798400879,6.67572021484375e-06
75,0.0018246173858642578,0.000415802001953125,0.00041365623474121094,0.0012903213500976562,0.6662309169769287,0.151716947555542,0.023247957229614258,5.9604644775390625e-06
76,0.0027925968170166016,0.0005528926849365234,0.0004792213439941406,0.0013091564178466797,0.38004541397094727,0.1748213768005371,0.045496463775634766,6.67572021484375e-06
76,0.002085447311401367,0.0004258155822753906,0.0004076957702636719,0.0009794235229492188,1.1781373023986816,0.12285089492797852,0.02634263038635254,6.9141387939453125e-06
76,0.002133607864379883,0.00044798851013183594,0.0004134178161621094,0.001026153564453125,1.9606165885925293,0.16375350952148438,0.016836881637573242,7.867813110351562e-06
76,0.0020477771759033203,0.0004508495330810547,0.0005106925964355469,0.0010530948638916016,0.3571615219116211,0.17287874221801758,0.024384737014770508,6.4373016357421875e-06
76,0.003308534622192383,0.0006444454193115234,0.0005886554718017578,0.0013537406921386719,0.1974637508392334,0.12749457359313965,0.025261640548706055,7.3909759521484375e-06
76,0.0022497177124023438,0.0004191398620605469,0.00039839744567871094,0.0009949207305908203,1.0248024463653564,0.15265154838562012,0.02394556999206543,6.9141387939453125e-06
76,0.003065347671508789,0.0006093978881835938,0.0007789134979248047,0.0017728805541992188,0.17533278465270996,0.16506719589233398,0.028662681579589844,6.9141387939453125e-06
76,0.0020089149475097656,0.00044274330139160156,0.0004265308380126953,0.0010197162628173828,0.562903881072998,0.13972735404968262,0.021319866180419922,5.7220458984375e-06
76,0.0020401477813720703,0.0003986358642578125,0.0004596710205078125,0.0010313987731933594,0.49213719367980957,0.14356112480163574,0.019639015197753906,7.867813110351562e-06
76,0.0021355152130126953,0.0004475116729736328,0.0003972053527832031,0.0010509490966796875,0.4749915599822998,0.09457063674926758,0.016447782516479492,6.9141387939453125e-06
77,0.00203704833984375,0.0004363059997558594,0.0005083084106445312,0.00131988525390625,0.3168456554412842,0.19538283348083496,0.030082225799560547,7.152557373046875e-06
77,0.0030870437622070312,0.0005140304565429688,0.0006592273712158203,0.0019390583038330078,0.5440797805786133,0.14906811714172363,0.031137704849243164,6.9141387939453125e-06
77,0.0021665096282958984,0.00048232078552246094,0.0004086494445800781,0.0009951591491699219,1.177154302597046,0.06048011779785156,0.02777719497680664,5.4836273193359375e-06
77,0.0021080970764160156,0.00045299530029296875,0.0004429817199707031,0.0011680126190185547,0.21042728424072266,0.21426105499267578,0.026849985122680664,8.106231689453125e-06
77,0.0039556026458740234,0.0010671615600585938,0.0009105205535888672,0.0020890235900878906,0.4317610263824463,0.19992947578430176,0.027698040008544922,5.7220458984375e-06
77,0.002203702926635742,0.0004992485046386719,0.00043487548828125,0.0010979175567626953,0.15862464904785156,0.056897640228271484,0.023764371871948242,6.9141387939453125e-06
77,0.0021369457244873047,0.0004267692565917969,0.0004324913024902344,0.0010023117065429688,1.081693172454834,0.10054683685302734,0.020938396453857422,6.4373016357421875e-06
77,0.0020170211791992188,0.0005700588226318359,0.0004608631134033203,0.0011055469512939453,1.4231069087982178,0.16828560829162598,0.023616552352905273,5.9604644775390625e-06
77,0.001972198486328125,0.00046443939208984375,0.00042438507080078125,0.0010678768157958984,0.1917104721069336,0.18229436874389648,0.02965569496154785,1.1205673217773438e-05
77,0.0021779537200927734,0.00043487548828125,0.00041413307189941406,0.001249551773071289,1.1701834201812744,0.18199563026428223,0.024176836013793945,7.3909759521484375e-06
78,0.0026743412017822266,0.0005209445953369141,0.0007927417755126953,0.0012383460998535156,0.507411003112793,0.06566905975341797,0.025928020477294922,6.67572021484375e-06
78,0.0021953582763671875,0.0004627704620361328,0.0005233287811279297,0.0014727115631103516,0.20899581909179688,0.04602241516113281,0.02910590171813965,6.9141387939453125e-06
78,0.0027883052825927734,0.0005767345428466797,0.0007584095001220703,0.0015828609466552734,5.588093996047974,0.14476466178894043,0.028232574462890625,6.67572021484375e-06
78,0.0032057762145996094,0.0006296634674072266,0.0007941722869873047,0.0019669532775878906,1.7881815433502197,0.10720515251159668,0.035410404205322266,5.9604644775390625e-06
78,0.0030694007873535156,0.00054168701171875,0.0006082057952880859,0.0015704631805419922,0.2197103500366211,0.05847024917602539,0.027926206588745117,8.106231689453125e-06
78,0.0023469924926757812,0.0004799365997314453,0.0006525516510009766,0.0011875629425048828,0.27946949005126953,0.1594550609588623,0.023087024688720703,6.198883056640625e-06
78,0.002201080322265625,0.00046253204345703125,0.0004096031188964844,0.0010356903076171875,0.41030311584472656,0.1918337345123291,0.03874087333679199,7.152557373046875e-06
78,0.0024116039276123047,0.0005228519439697266,0.0004341602325439453,0.0010743141174316406,0.2917203903198242,0.15427112579345703,0.02037215232849121,6.4373016357421875e-06
78,0.002215862274169922,0.00043392181396484375,0.0004875659942626953,0.001026153564453125,0.17922735214233398,0.18078303337097168,0.01869654655456543,8.821487426757812e-06
78,0.0023221969604492188,0.00046825408935546875,0.0004153251647949219,0.0010104179382324219,2.865323066711426,0.17339062690734863,0.03803896903991699,6.67572021484375e-06
79,0.003416776657104492,0.0005872249603271484,0.000774383544921875,0.0019125938415527344,2.479412317276001,0.14964509010314941,0.02443218231201172,1.2636184692382812e-05
79,0.0023956298828125,0.0006053447723388672,0.0004711151123046875,0.0011096000671386719,2.3986735343933105,0.05516386032104492,0.01959228515625,9.298324584960938e-06
79,0.0023088455200195312,0.0004184246063232422,0.0006275177001953125,0.0011477470397949219,0.3590586185455322,0.04600381851196289,0.021136999130249023,8.106231689453125e-06
79,0.0023751258850097656,0.0005288124084472656,0.0004723072052001953,0.001224517822265625,1.0360078811645508,0.20479273796081543,0.02741551399230957,7.62939453125e-06
79,0.002707958221435547,0.0005407333374023438,0.000514984130859375,0.0011875629425048828,0.1819000244140625,0.05546975135803223,0.022699594497680664,8.344650268554688e-06
79,0.0023179054260253906,0.0005671977996826172,0.0004146099090576172,0.0010466575622558594,0.27446746826171875,0.11758732795715332,0.023973464965820312,6.4373016357421875e-06
79,0.002873659133911133,0.0004756450653076172,0.0005815029144287109,0.0014562606811523438,0.17185640335083008,0.17797160148620605,0.0321500301361084,5.7220458984375e-06
79,0.0022444725036621094,0.00048041343688964844,0.00042819976806640625,0.0010616779327392578,0.17147445678710938,0.20010972023010254,0.02612137794494629,7.62939453125e-06
79,0.004613399505615234,0.0010275840759277344,0.0007512569427490234,0.002193927764892578,0.9742929935455322,0.0492100715637207,0.03615760803222656,7.867813110351562e-06
79,0.002192974090576172,0.0005414485931396484,0.0004508495330810547,0.0013275146484375,0.8489978313446045,0.16952300071716309,0.03281855583190918,6.9141387939453125e-06
80,0.0025832653045654297,0.0009298324584960938,0.00044989585876464844,0.0010573863983154297,0.42001962661743164,0.1088106632232666,0.034897804260253906,6.4373016357421875e-06
80,0.0024900436401367188,0.0004935264587402344,0.00048661231994628906,0.0012831687927246094,1.5734972953796387,0.21724271774291992,0.03548765182495117,6.198883056640625e-06
80,0.0022203922271728516,0.00042557716369628906,0.0004172325134277344,0.0011298656463623047,0.8586444854736328,0.24910831451416016,0.04381275177001953,5.9604644775390625e-06
80,0.0021800994873046875,0.00046253204345703125,0.00043892860412597656,0.0010819435119628906,0.30477118492126465,0.16673970222473145,0.08310675621032715,6.67572021484375e-06
80,0.0030739307403564453,0.0005593299865722656,0.0007488727569580078,0.0017507076263427734,1.9926607608795166,0.1546039581298828,0.04722714424133301,6.9141387939453125e-06
80,0.0026373863220214844,0.0005452632904052734,0.0004963874816894531,0.0012922286987304688,1.081529140472412,0.13416123390197754,0.02328014373779297,6.198883056640625e-06
80,0.00458073616027832,0.0008637905120849609,0.0007736682891845703,0.0022170543670654297,3.2628281116485596,0.08931469917297363,0.032007455825805664,6.198883056640625e-06
80,0.002269268035888672,0.0005199909210205078,0.0004417896270751953,0.0014846324920654297,1.6616277694702148,0.15855789184570312,0.03892779350280762,7.152557373046875e-06
80,0.0023374557495117188,0.0005018711090087891,0.0004856586456298828,0.0011873245239257812,1.4243030548095703,0.3470313549041748,0.04479241371154785,7.62939453125e-06
80,0.0024061203002929688,0.0004780292510986328,0.0004668235778808594,0.0011820793151855469,0.971968412399292,0.12906765937805176,0.10269713401794434,1.3113021850585938e-05
81,0.0024459362030029297,0.0005021095275878906,0.0004565715789794922,0.001188516616821289,3.1549627780914307,0.10176396369934082,0.02212214469909668,8.344650268554688e-06
81,0.0023026466369628906,0.00048661231994628906,0.00044989585876464844,0.0011165142059326172,0.7720527648925781,0.14139652252197266,0.13059353828430176,6.198883056640625e-06
81,0.0023393630981445312,0.0005095005035400391,0.0005135536193847656,0.0010738372802734375,0.7131590843200684,0.21285462379455566,0.031525373458862305,7.152557373046875e-06
81,0.0023801326751708984,0.0004849433898925781,0.00043654441833496094,0.0010709762573242188,0.15523481369018555,0.19160127639770508,0.023188352584838867,7.152557373046875e-06
81,0.004724979400634766,0.0009682178497314453,0.0008549690246582031,0.0019521713256835938,0.6665875911712646,0.08010339736938477,0.034728050231933594,6.4373016357421875e-06
81,0.0024619102478027344,0.0004947185516357422,0.0004611015319824219,0.0011167526245117188,1.4943585395812988,0.2258594036102295,0.027190208435058594,5.9604644775390625e-06
81,0.002662181854248047,0.0004906654357910156,0.0006163120269775391,0.0014793872833251953,0.5438916683197021,0.13572049140930176,0.051076412200927734,6.198883056640625e-06
81,0.0022826194763183594,0.0005228519439697266,0.0004470348358154297,0.0011289119720458984,0.23970818519592285,0.16932177543640137,0.02231121063232422,6.198883056640625e-06
81,0.002357959747314453,0.0004763603210449219,0.00046515464782714844,0.001007080078125,25.620238542556763,0.18880653381347656,0.02275371551513672,8.821487426757812e-06
81,0.0021581649780273438,0.0005290508270263672,0.0004954338073730469,0.0011138916015625,0.22698116302490234,0.14059948921203613,0.02440166473388672,6.198883056640625e-06
82,0.002305746078491211,0.0004904270172119141,0.0004975795745849609,0.0011820793151855469,0.9656169414520264,0.20720529556274414,0.03831076622009277,7.152557373046875e-06
82,0.002521991729736328,0.0005056858062744141,0.0004773139953613281,0.0012195110321044922,1.9217603206634521,0.07357573509216309,0.022984743118286133,6.67572021484375e-06
82,0.002617359161376953,0.0005438327789306641,0.0004711151123046875,0.0013432502746582031,0.44092369079589844,0.19567418098449707,0.03266263008117676,5.7220458984375e-06
82,0.002528667449951172,0.00048089027404785156,0.0005323886871337891,0.001481771469116211,0.38942766189575195,0.2241361141204834,0.028778076171875,6.9141387939453125e-06
82,0.002626657485961914,0.0005543231964111328,0.0004737377166748047,0.0011658668518066406,1.621934175491333,0.07732915878295898,0.017377376556396484,6.67572021484375e-06
82,0.002665996551513672,0.0005414485931396484,0.00048422813415527344,0.001165628433227539,1.4147143363952637,0.23056268692016602,0.02828240394592285,6.198883056640625e-06
82,0.002374887466430664,0.0005118846893310547,0.00043964385986328125,0.001068115234375,4.4337241649627686,0.1433091163635254,0.030755043029785156,6.9141387939453125e-06
82,0.003440380096435547,0.0006396770477294922,0.0005903244018554688,0.0014345645904541016,3.557767868041992,0.17251062393188477,0.03180646896362305,6.9141387939453125e-06
82,0.003615856170654297,0.000469207763671875,0.00051116943359375,0.0011386871337890625,1.263352632522583,0.19872117042541504,0.020998477935791016,5.7220458984375e-06
82,0.0024335384368896484,0.000499725341796875,0.0006010532379150391,0.001415252685546875,0.7985906600952148,0.1854419708251953,0.03718090057373047,7.3909759521484375e-06
83,0.0026702880859375,0.00048279762268066406,0.0004646778106689453,0.0010159015655517578,0.3569915294647217,0.08709192276000977,0.023867130279541016,6.67572021484375e-06
83,0.002424478530883789,0.0005483627319335938,0.0005116462707519531,0.0013854503631591797,0.7158472537994385,0.11596870422363281,0.019677400588989258,6.9141387939453125e-06
83,0.0023736953735351562,0.0005040168762207031,0.00046253204345703125,0.0011534690856933594,0.19510722160339355,0.17873764038085938,0.018786191940307617,6.67572021484375e-06
83,0.0027899742126464844,0.0006394386291503906,0.0004718303680419922,0.0011608600616455078,3.615243911743164,0.10241532325744629,0.03216814994812012,7.3909759521484375e-06
83,0.0026044845581054688,0.0005550384521484375,0.0005292892456054688,0.0013706684112548828,1.6039786338806152,0.2151188850402832,0.025942087173461914,6.67572021484375e-06
83,0.0024118423461914062,0.0005652904510498047,0.00046944618225097656,0.0011060237884521484,4.418919563293457,0.19506025314331055,0.020685434341430664,1.1920928955078125e-05
83,0.0027582645416259766,0.0004851818084716797,0.0005338191986083984,0.0011129379272460938,1.472184419631958,0.10809326171875,0.02594137191772461,6.198883056640625e-06
83,0.002537965774536133,0.0004932880401611328,0.00048422813415527344,0.0011761188507080078,1.692753553390503,0.12788701057434082,0.02770256996154785,6.9141387939453125e-06
83,0.0029273033142089844,0.0005273818969726562,0.0005242824554443359,0.001245260238647461,1.2174460887908936,0.0550234317779541,0.01916193962097168,6.67572021484375e-06
83,0.0027375221252441406,0.000484466552734375,0.0005161762237548828,0.001207590103149414,1.263326644897461,0.06815600395202637,0.025877952575683594,5.9604644775390625e-06
84,0.0026056766510009766,0.00047326087951660156,0.00047898292541503906,0.0011661052703857422,0.24688482284545898,0.24429941177368164,0.053203582763671875,6.67572021484375e-06
84,0.004457950592041016,0.0008747577667236328,0.0008013248443603516,0.0018389225006103516,0.9515469074249268,0.1796584129333496,0.04103970527648926,5.9604644775390625e-06
84,0.0036191940307617188,0.0006453990936279297,0.0009834766387939453,0.0021440982818603516,1.4235310554504395,0.15388250350952148,0.02170848846435547,6.4373016357421875e-06
84,0.0026199817657470703,0.00054168701171875,0.0004878044128417969,0.0011348724365234375,3.333263874053955,0.20075368881225586,0.03044891357421875,6.67572021484375e-06
84,0.0034224987030029297,0.0004944801330566406,0.0009300708770751953,0.0018100738525390625,4.2120361328125,0.12328529357910156,0.026492595672607422,7.867813110351562e-06
84,0.002687215805053711,0.0005195140838623047,0.0004787445068359375,0.0011336803436279297,4.555753231048584,0.10114789009094238,0.02670001983642578,7.3909759521484375e-06
84,0.0028378963470458984,0.0005240440368652344,0.0005266666412353516,0.001268625259399414,5.351524829864502,0.19042754173278809,0.024365663528442383,8.58306884765625e-06
84,0.0025551319122314453,0.0005364418029785156,0.00046825408935546875,0.001115560531616211,0.6363656520843506,0.0803070068359375,0.0231931209564209,6.198883056640625e-06
84,0.0025777816772460938,0.0005102157592773438,0.0011107921600341797,0.001988649368286133,0.3001725673675537,0.19574928283691406,0.030536174774169922,6.198883056640625e-06
84,0.002631664276123047,0.0004975795745849609,0.0004718303680419922,0.0011663436889648438,0.3799288272857666,0.04813838005065918,0.022050857543945312,6.198883056640625e-06
85,0.002646207809448242,0.0005364418029785156,0.00047469139099121094,0.0011751651763916016,0.705451488494873,0.1362929344177246,0.021755218505859375,6.9141387939453125e-06
85,0.0026018619537353516,0.0005230903625488281,0.0004990100860595703,0.00131988525390625,0.6253912448883057,0.13944101333618164,0.02478957176208496,7.152557373046875e-06
85,0.0025975704193115234,0.0005195140838623047,0.0005214214324951172,0.00113677978515625,0.287219762802124,0.14401745796203613,0.030370235443115234,7.152557373046875e-06
85,0.0025756359100341797,0.0005173683166503906,0.00047469139099121094,0.0012080669403076172,1.226332187652588,0.03687310218811035,0.029451370239257812,7.62939453125e-06
85,0.002798795700073242,0.0006041526794433594,0.0005023479461669922,0.0011892318725585938,0.7147881984710693,0.05266427993774414,0.04014253616333008,6.198883056640625e-06
85,0.0026755332946777344,0.0007128715515136719,0.0006098747253417969,0.0011897087097167969,5.664684772491455,0.10350275039672852,0.025596141815185547,6.9141387939453125e-06
85,0.0024726390838623047,0.0004799365997314453,0.000476837158203125,0.0011699199676513672,0.24660372734069824,0.036956071853637695,0.01976752281188965,7.3909759521484375e-06
85,0.0027313232421875,0.0005483627319335938,0.0005114078521728516,0.0013027191162109375,0.7471420764923096,0.17197489738464355,0.02071857452392578,6.9141387939453125e-06
85,0.0027272701263427734,0.0005006790161132812,0.0005695819854736328,0.001348257064819336,1.0445711612701416,0.09832239151000977,0.027795791625976562,7.152557373046875e-06
85,0.0026183128356933594,0.0005388259887695312,0.0005033016204833984,0.0011975765228271484,1.4293391704559326,0.1814110279083252,0.01909780502319336,6.198883056640625e-06
86,0.002758502960205078,0.0005240440368652344,0.0005090236663818359,0.001300811767578125,12.525961637496948,0.10244083404541016,0.024671077728271484,7.62939453125e-06
86,0.002877473831176758,0.0005464553833007812,0.0004956722259521484,0.0011434555053710938,2.147947072982788,0.07796716690063477,0.026502609252929688,6.9141387939453125e-06
86,0.0028531551361083984,0.0005996227264404297,0.0005276203155517578,0.0011718273162841797,0.5683717727661133,0.21299409866333008,0.03164982795715332,5.9604644775390625e-06
86,0.005734920501708984,0.00086212158203125,0.0014064311981201172,0.002100229263305664,1.613910436630249,0.1248929500579834,0.028841495513916016,6.4373016357421875e-06
86,0.0026946067810058594,0.0005590915679931641,0.0005247592926025391,0.0015342235565185547,0.36600208282470703,0.0915076732635498,0.026453018188476562,6.198883056640625e-06
86,0.002941131591796875,0.0005342960357666016,0.0005660057067871094,0.0011944770812988281,2.053332567214966,0.18071532249450684,0.024344444274902344,8.821487426757812e-06
86,0.0029087066650390625,0.0005431175231933594,0.0007448196411132812,0.0013232231140136719,1.9432275295257568,0.1291065216064453,0.02760934829711914,7.62939453125e-06
86,0.0029163360595703125,0.0005743503570556641,0.0012960433959960938,0.0012545585632324219,2.1280813217163086,0.1738274097442627,0.0245969295501709,6.198883056640625e-06
86,0.0037996768951416016,0.0006170272827148438,0.0007426738739013672,0.0017638206481933594,0.8169271945953369,0.18439269065856934,0.028882741928100586,6.67572021484375e-06
86,0.0027298927307128906,0.0005388259887695312,0.0005137920379638672,0.0024671554565429688,1.7922852039337158,0.1331465244293213,0.02628040313720703,5.7220458984375e-06
87,0.004468202590942383,0.0009174346923828125,0.0007529258728027344,0.0018198490142822266,0.34473228454589844,0.16836905479431152,0.029195547103881836,6.9141387939453125e-06
87,0.0027327537536621094,0.0005135536193847656,0.0004875659942626953,0.0011167526245117188,31.194467782974243,0.1662302017211914,0.038805246353149414,6.9141387939453125e-06
87,0.003979921340942383,0.0009362697601318359,0.000675201416015625,0.001683950424194336,1.9008002281188965,0.17740869522094727,0.029086589813232422,6.67572021484375e-06
87,0.0051038265228271484,0.0010218620300292969,0.000797271728515625,0.0018649101257324219,0.945758581161499,0.1367330551147461,0.036661386489868164,6.67572021484375e-06
87,0.004022121429443359,0.0011410713195800781,0.0006377696990966797,0.0014493465423583984,0.7382593154907227,0.06928133964538574,0.025232791900634766,6.9141387939453125e-06
87,0.0026710033416748047,0.0005517005920410156,0.0004985332489013672,0.0012006759643554688,6.631338357925415,0.20569777488708496,0.028807640075683594,7.3909759521484375e-06
87,0.0026679039001464844,0.0005340576171875,0.0005235671997070312,0.001336812973022461,2.7018861770629883,0.13983535766601562,0.026712656021118164,6.9141387939453125e-06
87,0.004064798355102539,0.0005221366882324219,0.0004918575286865234,0.0011968612670898438,2.418919563293457,0.18161964416503906,0.03302645683288574,6.9141387939453125e-06
87,0.004216432571411133,0.0005309581756591797,0.0005209445953369141,0.001264333724975586,1.434408187866211,0.11927223205566406,0.03812551498413086,7.152557373046875e-06
87,0.0029549598693847656,0.0005543231964111328,0.0005402565002441406,0.001188516616821289,2.4082062244415283,0.17709612846374512,0.02738022804260254,6.67572021484375e-06
88,0.00284576416015625,0.0009760856628417969,0.0005235671997070312,0.0013384819030761719,3.2249903678894043,0.11971759796142578,0.02468109130859375,6.9141387939453125e-06
88,0.0029544830322265625,0.0005986690521240234,0.000545501708984375,0.001191854476928711,7.251302003860474,0.10269880294799805,0.03458261489868164,8.106231689453125e-06
88,0.002936840057373047,0.0005364418029785156,0.000522613525390625,0.0012056827545166016,0.7129025459289551,0.20277118682861328,0.021886825561523438,9.775161743164062e-06
88,0.0034742355346679688,0.0005617141723632812,0.0007205009460449219,0.0037348270416259766,0.7102274894714355,0.188751220703125,0.068115234375,6.9141387939453125e-06
88,0.0031120777130126953,0.0005469322204589844,0.0005495548248291016,0.001447916030883789,1.8900012969970703,0.18160486221313477,0.03980708122253418,8.344650268554688e-06
88,0.0026650428771972656,0.0006597042083740234,0.0004999637603759766,0.0011403560638427734,4.166836738586426,0.24506115913391113,0.02247023582458496,8.58306884765625e-06
88,0.004559993743896484,0.0007798671722412109,0.0010323524475097656,0.0020110607147216797,2.11962628364563,0.0879974365234375,0.05870795249938965,8.344650268554688e-06
88,0.002671480178833008,0.00060272216796875,0.0005509853363037109,0.0012443065643310547,2.4751110076904297,0.11494922637939453,0.01952838897705078,1.049041748046875e-05
88,0.002945423126220703,0.0005748271942138672,0.0005087852478027344,0.0012323856353759766,6.057815074920654,0.22147464752197266,0.022847414016723633,1.1205673217773438e-05
88,0.0029468536376953125,0.000560760498046875,0.0005214214324951172,0.0011494159698486328,1.457007884979248,0.07359790802001953,0.02253580093383789,6.67572021484375e-06
89,0.002787351608276367,0.0005414485931396484,0.0005424022674560547,0.0013582706451416016,0.47522926330566406,0.20932555198669434,0.02612757682800293,6.9141387939453125e-06
89,0.002820730209350586,0.0006639957427978516,0.0005166530609130859,0.0014767646789550781,0.7370936870574951,0.06066608428955078,0.024172306060791016,7.3909759521484375e-06
89,0.0030889511108398438,0.0005679130554199219,0.0007052421569824219,0.0016665458679199219,0.5107219219207764,0.09468770027160645,0.027660131454467773,6.9141387939453125e-06
89,0.002958059310913086,0.0005671977996826172,0.0005772113800048828,0.0012996196746826172,1.6956582069396973,0.24695134162902832,0.03771781921386719,1.5020370483398438e-05
89,0.005095720291137695,0.0008876323699951172,0.0005266666412353516,0.0012538433074951172,0.6037216186523438,0.19068002700805664,0.024744272232055664,9.5367431640625e-06
89,0.003239154815673828,0.0006601810455322266,0.0006458759307861328,0.0013391971588134766,0.7694573402404785,0.17229413986206055,0.023014545440673828,9.298324584960938e-06
89,0.002902984619140625,0.0005288124084472656,0.00055694580078125,0.0019724369049072266,4.07620096206665,0.2658348083496094,0.027048349380493164,9.5367431640625e-06
89,0.0029790401458740234,0.0006170272827148438,0.0005638599395751953,0.0018532276153564453,4.190294981002808,0.13890409469604492,0.02395486831665039,8.58306884765625e-06
89,0.0034875869750976562,0.0006549358367919922,0.0005738735198974609,0.0012822151184082031,1.1276435852050781,0.1571967601776123,0.032036781311035156,7.152557373046875e-06
89,0.0037450790405273438,0.0007944107055664062,0.000583648681640625,0.0014798641204833984,0.21455812454223633,0.11733818054199219,0.03855633735656738,9.5367431640625e-06
90,0.0035941600799560547,0.0005719661712646484,0.0006875991821289062,0.001361846923828125,3.6958389282226562,0.11232495307922363,0.033864736557006836,9.298324584960938e-06
90,0.0031425952911376953,0.0005691051483154297,0.0005238056182861328,0.0011968612670898438,0.8423104286193848,0.04492354393005371,0.022112607955932617,6.9141387939453125e-06
90,0.003665924072265625,0.0005619525909423828,0.0008981227874755859,0.0029571056365966797,3.7971715927124023,0.2159581184387207,0.042090654373168945,8.344650268554688e-06
90,0.008369207382202148,0.0010595321655273438,0.0018467903137207031,0.002286672592163086,9.089717149734497,0.1432347297668457,0.03622579574584961,9.059906005859375e-06
90,0.003201723098754883,0.0006117820739746094,0.0005116462707519531,0.0012726783752441406,0.29050540924072266,0.1912987232208252,0.022873401641845703,6.9141387939453125e-06
90,0.006577730178833008,0.0009605884552001953,0.0009551048278808594,0.002470254898071289,0.7823834419250488,0.1452019214630127,0.03746294975280762,8.106231689453125e-06
90,0.0034067630767822266,0.0006427764892578125,0.0005815029144287109,0.0015223026275634766,0.42462778091430664,0.1278395652770996,0.022768259048461914,6.9141387939453125e-06
90,0.003935575485229492,0.0005667209625244141,0.0005419254302978516,0.0012767314910888672,3.846104383468628,0.07621383666992188,0.024734020233154297,1.0251998901367188e-05
90,0.0031540393829345703,0.0006208419799804688,0.0005588531494140625,0.0013728141784667969,1.1516988277435303,0.25693416595458984,0.03128218650817871,1.6450881958007812e-05
90,0.0029883384704589844,0.0005471706390380859,0.0005269050598144531,0.0012176036834716797,1.0017309188842773,0.08304738998413086,0.02528691291809082,8.344650268554688e-06
91,0.0031762123107910156,0.0005939006805419922,0.0005257129669189453,0.0012471675872802734,10.874990701675415,0.184950590133667,0.022027254104614258,7.62939453125e-06
91,0.003161907196044922,0.0005800724029541016,0.0005402565002441406,0.0012094974517822266,0.5193758010864258,0.09712696075439453,0.02532815933227539,7.3909759521484375e-06
91,0.004492282867431641,0.0010967254638671875,0.0009572505950927734,0.0016522407531738281,0.5192766189575195,0.10742020606994629,0.02245497703552246,7.62939453125e-06
91,0.002815723419189453,0.0005609989166259766,0.0007791519165039062,0.0013651847839355469,2.2445530891418457,0.128068208694458,0.028584718704223633,9.059906005859375e-06
91,0.0030341148376464844,0.0005848407745361328,0.0005495548248291016,0.0012385845184326172,0.4857149124145508,0.08648109436035156,0.021239757537841797,9.298324584960938e-06
91,0.0034389495849609375,0.0005259513854980469,0.0007405281066894531,0.0014204978942871094,18.433542490005493,0.178924560546875,0.02247023582458496,8.58306884765625e-06
91,0.00583338737487793,0.0009737014770507812,0.0010945796966552734,0.002559185028076172,2.694101333618164,0.192274808883667,0.038568973541259766,6.9141387939453125e-06
91,0.003048419952392578,0.0006492137908935547,0.0005609989166259766,0.0013434886932373047,3.743096351623535,0.2682476043701172,0.02796483039855957,6.198883056640625e-06
91,0.0029532909393310547,0.000629425048828125,0.0007925033569335938,0.0013446807861328125,0.5014903545379639,0.1819615364074707,0.020831584930419922,6.9141387939453125e-06
91,0.0034711360931396484,0.0005788803100585938,0.0006515979766845703,0.001737356185913086,0.47855615615844727,0.22050094604492188,0.04805350303649902,7.3909759521484375e-06
92,0.0028977394104003906,0.0005526542663574219,0.0005042552947998047,0.0012288093566894531,0.3909423351287842,0.24709153175354004,0.027670621871948242,6.198883056640625e-06
92,0.002956390380859375,0.0005984306335449219,0.0005824565887451172,0.001232147216796875,4.160881996154785,0.08921456336975098,0.025971651077270508,6.67572021484375e-06
92,0.005627870559692383,0.0009043216705322266,0.001046895980834961,0.002653837203979492,2.54622220993042,0.11814641952514648,0.028340578079223633,6.9141387939453125e-06
92,0.0030083656311035156,0.0006246566772460938,0.0008020401000976562,0.0012898445129394531,0.6121902465820312,0.15981006622314453,0.02433037757873535,6.9141387939453125e-06
92,0.0032563209533691406,0.0005986690521240234,0.0005362033843994141,0.0012316703796386719,1.662116289138794,0.09466171264648438,0.025988101959228516,7.152557373046875e-06
92,0.0031845569610595703,0.0005817413330078125,0.0005705356597900391,0.0012934207916259766,2.6296615600585938,0.11301517486572266,0.030182600021362305,6.9141387939453125e-06
92,0.0030252933502197266,0.0005364418029785156,0.00061798095703125,0.0012807846069335938,3.4892776012420654,0.15862536430358887,0.024823665618896484,6.9141387939453125e-06
92,0.0031642913818359375,0.0006015300750732422,0.0006160736083984375,0.0014023780822753906,4.3902366161346436,0.19772958755493164,0.027604341506958008,1.6689300537109375e-05
92,0.0036516189575195312,0.0008997917175292969,0.0007376670837402344,0.0016491413116455078,1.1880099773406982,0.1961514949798584,0.033530235290527344,6.9141387939453125e-06
92,0.003065347671508789,0.000598907470703125,0.0006079673767089844,0.0013551712036132812,1.2317802906036377,0.17334437370300293,0.049562692642211914,6.9141387939453125e-06
93,0.005622148513793945,0.0011191368103027344,0.0012743473052978516,0.002367734909057617,11.165403366088867,0.220841646194458,0.04459810256958008,6.9141387939453125e-06
93,0.0031037330627441406,0.0006208419799804688,0.0005903244018554688,0.0013294219970703125,2.6011061668395996,0.10624313354492188,0.04055666923522949,8.821487426757812e-06
93,0.002897500991821289,0.0007596015930175781,0.0006177425384521484,0.0013325214385986328,4.507194995880127,0.204695463180542,0.0363767147064209,5.4836273193359375e-06
93,0.0030553340911865234,0.0005476474761962891,0.0006098747253417969,0.0015020370483398438,1.4960908889770508,0.25713300704956055,0.04095101356506348,8.821487426757812e-06
93,0.0029070377349853516,0.0006134510040283203,0.0005729198455810547,0.0012621879577636719,3.820919990539551,0.16435456275939941,0.023685932159423828,7.867813110351562e-06
93,0.006354808807373047,0.0009467601776123047,0.0010612010955810547,0.002593994140625,10.524130582809448,0.19962286949157715,0.037512779235839844,7.3909759521484375e-06
93,0.0032074451446533203,0.0006465911865234375,0.0005834102630615234,0.0013616085052490234,0.34233880043029785,0.24584460258483887,0.04651951789855957,7.62939453125e-06
93,0.005897045135498047,0.0007414817810058594,0.0010499954223632812,0.0024917125701904297,5.941905975341797,0.0771017074584961,0.03170061111450195,8.344650268554688e-06
93,0.0029888153076171875,0.0006344318389892578,0.0005571842193603516,0.0011911392211914062,0.9843008518218994,0.17511701583862305,0.02387070655822754,7.3909759521484375e-06
93,0.0035834312438964844,0.0005843639373779297,0.0007672309875488281,0.0017931461334228516,0.9058341979980469,0.20343446731567383,0.0343937873840332,6.198883056640625e-06
94,0.0036034584045410156,0.0005996227264404297,0.0006759166717529297,0.0015876293182373047,0.25298285484313965,0.1421215534210205,0.02863931655883789,6.4373016357421875e-06
94,0.005915641784667969,0.0009036064147949219,0.0009067058563232422,0.002106904983520508,3.308091640472412,0.06777429580688477,0.021303653717041016,6.67572021484375e-06
94,0.005718231201171875,0.001132965087890625,0.001012563705444336,0.00199127197265625,1.5977399349212646,0.08178019523620605,0.030525684356689453,7.62939453125e-06
94,0.0032689571380615234,0.0006818771362304688,0.0006189346313476562,0.0013952255249023438,5.976295232772827,0.2059023380279541,0.025815248489379883,6.9141387939453125e-06
94,0.0034613609313964844,0.0006630420684814453,0.0005445480346679688,0.0012969970703125,2.880061388015747,0.08964848518371582,0.024364709854125977,5.9604644775390625e-06
94,0.003392457962036133,0.0006916522979736328,0.0006754398345947266,0.0014178752899169922,2.8670008182525635,0.1160743236541748,0.023200273513793945,6.4373016357421875e-06
94,0.0033495426177978516,0.0005862712860107422,0.0006151199340820312,0.0012814998626708984,0.8536386489868164,0.12278556823730469,0.026406526565551758,6.67572021484375e-06
94,0.0030465126037597656,0.0006062984466552734,0.0005700588226318359,0.001413106918334961,0.31484007835388184,0.27927446365356445,0.03429579734802246,7.62939453125e-06
94,0.0037441253662109375,0.0006196498870849609,0.0006375312805175781,0.0014014244079589844,1.4257307052612305,0.15638089179992676,0.021586894989013672,8.106231689453125e-06
94,0.003013134002685547,0.0006558895111083984,0.0005633831024169922,0.0013759136199951172,1.35791015625,0.18285179138183594,0.024387598037719727,6.4373016357421875e-06
95,0.003579378128051758,0.0006289482116699219,0.0005886554718017578,0.0012662410736083984,1.2199933528900146,0.1291201114654541,0.02691173553466797,6.9141387939453125e-06
95,0.0031223297119140625,0.0013074874877929688,0.0005495548248291016,0.0012426376342773438,3.7553131580352783,0.17758393287658691,0.047093868255615234,6.67572021484375e-06
95,0.0033190250396728516,0.0006399154663085938,0.0005517005920410156,0.001234292984008789,35.55735182762146,0.18523025512695312,0.025924205780029297,6.67572021484375e-06
95,0.003607034683227539,0.0006127357482910156,0.0006766319274902344,0.0018489360809326172,1.6306922435760498,0.16025948524475098,0.040610313415527344,6.198883056640625e-06
95,0.003227710723876953,0.0009951591491699219,0.0005941390991210938,0.0015034675598144531,0.747093915939331,0.18450403213500977,0.03445553779602051,8.821487426757812e-06
95,0.005469799041748047,0.0008184909820556641,0.0010285377502441406,0.002372264862060547,0.5117764472961426,0.19799518585205078,0.032317399978637695,7.152557373046875e-06
95,0.004255533218383789,0.0006508827209472656,0.0007867813110351562,0.001840829849243164,0.3110024929046631,0.16948819160461426,0.029465913772583008,7.867813110351562e-06
95,0.004106044769287109,0.0009412765502929688,0.0006477832794189453,0.0015454292297363281,0.7238085269927979,0.17197489738464355,0.030658483505249023,6.9141387939453125e-06
95,0.004095792770385742,0.0009624958038330078,0.0007147789001464844,0.001667022705078125,0.5733284950256348,0.21100330352783203,0.034082889556884766,5.4836273193359375e-06
95,0.0031516551971435547,0.0006012916564941406,0.0006110668182373047,0.0015282630920410156,0.6863968372344971,0.3567616939544678,0.040109872817993164,7.152557373046875e-06
96,0.004219770431518555,0.000598907470703125,0.0008745193481445312,0.0020542144775390625,0.30468273162841797,0.13864922523498535,0.03735184669494629,7.3909759521484375e-06
96,0.0033173561096191406,0.0006251335144042969,0.0006165504455566406,0.0013070106506347656,1.3144798278808594,0.19635581970214844,0.02306962013244629,7.152557373046875e-06
96,0.003400087356567383,0.0007035732269287109,0.0006802082061767578,0.0014042854309082031,0.899406909942627,0.07780885696411133,0.029659032821655273,5.9604644775390625e-06
96,0.0035254955291748047,0.0006783008575439453,0.0006201267242431641,0.001458883285522461,5.634500503540039,0.20960640907287598,0.02720022201538086,7.152557373046875e-06
96,0.0036623477935791016,0.0006396770477294922,0.000598907470703125,0.0014700889587402344,0.6121742725372314,0.10338687896728516,0.02307415008544922,7.62939453125e-06
96,0.0033512115478515625,0.0006277561187744141,0.0005846023559570312,0.0013511180877685547,2.461564302444458,0.19804787635803223,0.03339362144470215,6.9141387939453125e-06
96,0.0034329891204833984,0.0007081031799316406,0.0006146430969238281,0.0013201236724853516,3.0477294921875,0.2749464511871338,0.03244280815124512,6.4373016357421875e-06
96,0.0031452178955078125,0.0006692409515380859,0.000583648681640625,0.0031862258911132812,18.184067010879517,0.2695925235748291,0.028636693954467773,6.198883056640625e-06
96,0.003629446029663086,0.0006501674652099609,0.0005681514739990234,0.0014395713806152344,0.9832162857055664,0.21415114402770996,0.024647235870361328,6.67572021484375e-06
96,0.0037186145782470703,0.0006279945373535156,0.0006768703460693359,0.0014188289642333984,2.2273366451263428,0.2166609764099121,0.02641916275024414,7.3909759521484375e-06
97,0.003173351287841797,0.0006222724914550781,0.0005998611450195312,0.001361846923828125,2.466602087020874,0.14045119285583496,0.04612874984741211,7.867813110351562e-06
97,0.0033931732177734375,0.0006039142608642578,0.0006225109100341797,0.0014691352844238281,4.959465026855469,0.19234037399291992,0.037874460220336914,6.9141387939453125e-06
97,0.004869937896728516,0.0008904933929443359,0.0011720657348632812,0.009821891784667969,1.109246015548706,0.29575109481811523,0.0469515323638916,6.4373016357421875e-06
97,0.004027128219604492,0.0006120204925537109,0.0007610321044921875,0.0018496513366699219,8.66178846359253,0.20795917510986328,0.04100680351257324,8.106231689453125e-06
97,0.004570484161376953,0.0007402896881103516,0.0010039806365966797,0.003105640411376953,1.2949323654174805,0.1364297866821289,0.02728271484375,7.62939453125e-06
97,0.003573894500732422,0.0006165504455566406,0.0006339550018310547,0.0014142990112304688,0.5061147212982178,0.14318037033081055,0.029671669006347656,7.152557373046875e-06
97,0.0034723281860351562,0.0006515979766845703,0.0005681514739990234,0.0013544559478759766,5.419015169143677,0.15109968185424805,0.023287296295166016,6.4373016357421875e-06
97,0.0038568973541259766,0.0006914138793945312,0.0008220672607421875,0.001920938491821289,4.540380477905273,0.2974114418029785,0.04954957962036133,6.4373016357421875e-06
97,0.003539562225341797,0.0007276535034179688,0.0007176399230957031,0.0015101432800292969,2.491744041442871,0.06260323524475098,0.023610591888427734,6.198883056640625e-06
97,0.003335714340209961,0.0005795955657958984,0.0009176731109619141,0.0014934539794921875,1.8993427753448486,0.20291829109191895,0.023170948028564453,1.0728836059570312e-05
98,0.0036575794219970703,0.0008792877197265625,0.0006425380706787109,0.001409769058227539,0.7353055477142334,0.24856805801391602,0.030773401260375977,5.7220458984375e-06
98,0.0038170814514160156,0.0006568431854248047,0.0007097721099853516,0.0016777515411376953,0.49945712089538574,0.25517797470092773,0.0391232967376709,9.298324584960938e-06
98,0.0034880638122558594,0.0007336139678955078,0.0005965232849121094,0.0013651847839355469,6.79416036605835,0.09538674354553223,0.04180765151977539,5.9604644775390625e-06
98,0.0034246444702148438,0.0006151199340820312,0.0005879402160644531,0.0014772415161132812,3.997138738632202,0.22748231887817383,0.09624910354614258,6.9141387939453125e-06
98,0.005477190017700195,0.001107931137084961,0.0009541511535644531,0.0018353462219238281,0.42495179176330566,0.10574173927307129,0.025514841079711914,7.62939453125e-06
98,0.005851030349731445,0.0010030269622802734,0.0011219978332519531,0.0030684471130371094,1.015033483505249,0.1943044662475586,0.06214761734008789,6.4373016357421875e-06
98,0.006886005401611328,0.0009386539459228516,0.0011267662048339844,0.0028908252716064453,0.6646852493286133,0.10430431365966797,0.03951096534729004,7.62939453125e-06
98,0.0034346580505371094,0.0006451606750488281,0.0005648136138916016,0.0015501976013183594,1.1040863990783691,0.3389713764190674,0.0423281192779541,7.152557373046875e-06
98,0.003480195999145508,0.0006349086761474609,0.0005953311920166016,0.0013718605041503906,3.1803805828094482,0.20336151123046875,0.02894902229309082,7.3909759521484375e-06
98,0.00681757926940918,0.0009734630584716797,0.0011587142944335938,0.002675294876098633,12.878025531768799,0.3081948757171631,0.04324769973754883,6.67572021484375e-06
99,0.0035676956176757812,0.000682830810546875,0.0006108283996582031,0.0014269351959228516,3.607665777206421,0.18283438682556152,0.030383586883544922,8.344650268554688e-06
99,0.004184722900390625,0.0006129741668701172,0.0006699562072753906,0.0015559196472167969,0.6273860931396484,0.19709253311157227,0.029749631881713867,6.4373016357421875e-06
99,0.00535273551940918,0.0008873939514160156,0.0011050701141357422,0.002882719039916992,7.496850252151489,0.11982011795043945,0.04346871376037598,6.198883056640625e-06
99,0.0036940574645996094,0.0007307529449462891,0.0006809234619140625,0.0014557838439941406,1.260197639465332,0.2459392547607422,0.050071001052856445,6.4373016357421875e-06
99,0.0038917064666748047,0.000659942626953125,0.0007960796356201172,0.0015060901641845703,1.2919013500213623,0.35592103004455566,0.029986143112182617,9.775161743164062e-06
99,0.004607677459716797,0.0008571147918701172,0.0008509159088134766,0.0030863285064697266,0.7770698070526123,0.17869091033935547,0.04120993614196777,1.1444091796875e-05
99,0.0037856101989746094,0.0006210803985595703,0.0007040500640869141,0.0013990402221679688,1.688044786453247,0.0644080638885498,0.038584232330322266,7.3909759521484375e-06
99,0.0035858154296875,0.0006628036499023438,0.000591278076171875,0.0016858577728271484,3.1025326251983643,0.21222782135009766,0.030139923095703125,5.9604644775390625e-06
99,0.005243062973022461,0.0007660388946533203,0.0015244483947753906,0.004288434982299805,12.690679550170898,0.14961791038513184,0.048043012619018555,1.1205673217773438e-05
99,0.004328012466430664,0.0007827281951904297,0.0006422996520996094,0.001705169677734375,14.845104217529297,0.2185971736907959,0.02863621711730957,6.67572021484375e-06
100,0.003490447998046875,0.0009062290191650391,0.0006415843963623047,0.0015728473663330078,0.7541050910949707,0.16970491409301758,0.03233957290649414,6.9141387939453125e-06
100,0.00360107421875,0.0006947517395019531,0.0007348060607910156,0.0016422271728515625,0.26854443550109863,0.10378575325012207,0.028688430786132812,7.152557373046875e-06
100,0.003850698471069336,0.0007314682006835938,0.0007352828979492188,0.001834869384765625,2.0482122898101807,0.15927720069885254,0.03445863723754883,6.9141387939453125e-06
100,0.0034627914428710938,0.0007030963897705078,0.0006647109985351562,0.0016312599182128906,1.5518169403076172,0.2021923065185547,0.02655649185180664,6.198883056640625e-06
100,0.0040667057037353516,0.0006821155548095703,0.0006735324859619141,0.0016825199127197266,2.2975456714630127,0.2523648738861084,0.025642871856689453,7.62939453125e-06
100,0.0036118030548095703,0.0006566047668457031,0.0006127357482910156,0.001407623291015625,8.829316139221191,0.20811033248901367,0.02993464469909668,7.3909759521484375e-06
100,0.00468754768371582,0.0006721019744873047,0.0010209083557128906,0.0022792816162109375,0.9821126461029053,0.06633949279785156,0.03090357780456543,6.9141387939453125e-06
100,0.005958080291748047,0.0008912086486816406,0.0010132789611816406,0.002186298370361328,0.35970258712768555,0.24715733528137207,0.0400087833404541,6.9141387939453125e-06
100,0.0037641525268554688,0.0006594657897949219,0.0006220340728759766,0.0014684200286865234,0.6056175231933594,0.16082525253295898,0.028590917587280273,6.4373016357421875e-06
100,0.006826639175415039,0.001325368881225586,0.0017848014831542969,0.0031273365020751953,4.388605833053589,0.14028573036193848,0.0374910831451416,5.9604644775390625e-06
150,0.008080482482910156,0.0015187263488769531,0.0011687278747558594,0.0024979114532470703,1.5297553539276123,0.38349223136901855,0.06073498725891113,9.083747863769531e-05
150,0.008664131164550781,0.001314401626586914,0.0012335777282714844,0.0024225711822509766,3.7400405406951904,0.15693330764770508,0.03657937049865723,0.0001251697540283203
150,0.01264810562133789,0.0013890266418457031,0.002312898635864258,0.004831075668334961,10.467812776565552,0.5252022743225098,0.22133350372314453,5.435943603515625e-05
150,0.014077425003051758,0.0012912750244140625,0.0012862682342529297,0.005719184875488281,15.288257837295532,0.46553540229797363,0.1391921043395996,0.00010418891906738281
150,0.008841991424560547,0.0013921260833740234,0.0013720989227294922,0.002775430679321289,0.5616412162780762,0.4260222911834717,0.05420041084289551,5.4836273193359375e-05
150,0.009170293807983398,0.0013318061828613281,0.0019998550415039062,0.0026350021362304688,19.65386176109314,0.3064892292022705,0.03727316856384277,0.000156402587890625
150,0.009392976760864258,0.0013370513916015625,0.0012927055358886719,0.002772092819213867,6.504039764404297,0.23893213272094727,0.04269862174987793,7.009506225585938e-05
150,0.008005380630493164,0.0012593269348144531,0.0011444091796875,0.002588033676147461,18.030401706695557,0.4910397529602051,0.10621523857116699,0.0001652240753173828
150,0.008056640625,0.0013399124145507812,0.0013971328735351562,0.002407550811767578,2.53085994720459,0.32312989234924316,0.03764820098876953,8.416175842285156e-05
150,0.008516073226928711,0.0014624595642089844,0.0012254714965820312,0.0023603439331054688,5.3278703689575195,0.3856546878814697,0.059946537017822266,6.175041198730469e-05
200,0.015185117721557617,0.002221345901489258,0.0020139217376708984,0.003959178924560547,72.56260800361633,0.25385618209838867,0.10223746299743652,7.581710815429688e-05
200,0.01746988296508789,0.002359628677368164,0.002071380615234375,0.003757476806640625,4.95376181602478,0.8674590587615967,0.16377925872802734,8.034706115722656e-05
200,0.015012264251708984,0.002278566360473633,0.0023365020751953125,0.004059314727783203,1.7760088443756104,0.5917189121246338,0.09990334510803223,8.535385131835938e-05
200,0.015951156616210938,0.0022144317626953125,0.0019137859344482422,0.0038328170776367188,37.00994658470154,0.2955942153930664,0.06269955635070801,8.869171142578125e-05
200,0.01502227783203125,0.0021712779998779297,0.002025604248046875,0.003985166549682617,7.807996988296509,0.3853471279144287,0.08392143249511719,8.034706115722656e-05
200,0.01844930648803711,0.0024497509002685547,0.003914833068847656,0.004883289337158203,3.0345823764801025,0.37701845169067383,0.07335782051086426,7.748603820800781e-05
200,0.014847278594970703,0.002190113067626953,0.0020058155059814453,0.0036835670471191406,31.62459921836853,0.6132407188415527,0.04566192626953125,0.00010180473327636719
200,0.028815746307373047,0.0038766860961914062,0.0021703243255615234,0.003626108169555664,0,0.294921875,0.19246363639831543,4.7206878662109375e-05
200,0.02494215965270996,0.0027627944946289062,0.002256155014038086,0.006605625152587891,0,0.6098535060882568,0.12500739097595215,6.651878356933594e-05
200,0.015230417251586914,0.0024001598358154297,0.0021517276763916016,0.003640890121459961,0,0.4403810501098633,0.08221697807312012,7.05718994140625e-05
200,0.037180423736572266,0.002263307571411133,0.0020351409912109375,0.004167079925537109,0,0.285905122756958,0.07875704765319824,0.00013875961303710938
200,0.014461278915405273,0.0021851062774658203,0.0020270347595214844,0.004380941390991211,0,0.5044345855712891,0.12893247604370117,5.650520324707031e-05
200,0.01407933235168457,0.002335071563720703,0.0020346641540527344,0.003710508346557617,0,0.20367217063903809,0.07394599914550781,5.340576171875e-05
200,0.014203548431396484,0.0022602081298828125,0.002103090286254883,0.0035316944122314453,0,0.5987915992736816,0.07656097412109375,7.2479248046875e-05
200,0.014673233032226562,0.0025794506072998047,0.002254962921142578,0.0038068294525146484,0,0.5656576156616211,0.16426920890808105,6.890296936035156e-05
200,0.01565837860107422,0.0021848678588867188,0.003010988235473633,0.005473613739013672,0,0.43236708641052246,0.07006049156188965,7.748603820800781e-05
200,0.014612913131713867,0.0021555423736572266,0.002160310745239258,0.003958940505981445,0,0.2169513702392578,0.13154077529907227,6.508827209472656e-05
250,0.02456951141357422,0.003189563751220703,0.002954244613647461,0.00493168830871582,0,0.7529146671295166,0.06441402435302734,9.632110595703125e-05
250,0.027045011520385742,0.0032596588134765625,0.0035097599029541016,0.005385875701904297,0,0.668156623840332,0.07014298439025879,9.250640869140625e-05
250,0.024175405502319336,0.0033805370330810547,0.003017902374267578,0.004727840423583984,0,1.10247802734375,0.07913017272949219,8.988380432128906e-05
250,0.04300975799560547,0.004551887512207031,0.004541635513305664,0.008736371994018555,0,1.9815142154693604,0.2907600402832031,0.0001621246337890625
250,0.02967238426208496,0.004065990447998047,0.0038199424743652344,0.010473012924194336,0,0.37067103385925293,0.13753247261047363,0.0001399517059326172
250,0.0414891242980957,0.003878355026245117,0.003927469253540039,0.006678104400634766,0,0.5269739627838135,0.06749248504638672,0.00013971328735351562
250,0.030223369598388672,0.004485368728637695,0.0032510757446289062,0.00547480583190918,0,2.0781569480895996,0.10028648376464844,0.00011777877807617188
250,0.02749490737915039,0.00411534309387207,0.0036733150482177734,0.00580286979675293,0,1.0078544616699219,0.08833742141723633,0.0001590251922607422
250,0.03302788734436035,0.005081653594970703,0.0037899017333984375,0.006079673767089844,0,2.1828255653381348,0.23566079139709473,0.0001285076141357422
250,0.026449918746948242,0.003512144088745117,0.0029745101928710938,0.0047817230224609375,0,1.3606224060058594,0.22676873207092285,0.00014829635620117188
300,0.04135918617248535,0.007635593414306641,0.004815578460693359,0.00722193717956543,0,0.8682889938354492,0.10778188705444336,0.00017547607421875
300,0.040232181549072266,0.005871295928955078,0.004795074462890625,0.007738590240478516,0,1.53297758102417,0.29125452041625977,0.00014400482177734375
300,0.0395512580871582,0.0063097476959228516,0.004292011260986328,0.006886959075927734,0,0.5054152011871338,0.09860539436340332,0.00011372566223144531
300,0.0359501838684082,0.0046727657318115234,0.004500865936279297,0.008047342300415039,0,1.2883810997009277,0.09440422058105469,0.0001277923583984375
300,0.035556793212890625,0.004857540130615234,0.005053281784057617,0.006837368011474609,0,1.897179126739502,0.23473072052001953,0.00012493133544921875
300,0.038826942443847656,0.005063295364379883,0.00557255744934082,0.006974697113037109,0,1.4732260704040527,0.16494083404541016,0.00013184547424316406
300,0.04511904716491699,0.010004997253417969,0.004641056060791016,0.008214950561523438,0,2.0990631580352783,0.09057879447937012,0.0002663135528564453
300,0.04691576957702637,0.0047109127044677734,0.004498720169067383,0.008791685104370117,0,0.787811279296875,0.1713392734527588,0.00012087821960449219
300,0.041043758392333984,0.005952358245849609,0.005124092102050781,0.007433414459228516,0,3.3063154220581055,0.24587011337280273,0.0001201629638671875
300,0.038675785064697266,0.005097627639770508,0.004220008850097656,0.006993293762207031,0,1.9264445304870605,0.10100102424621582,0.00013065338134765625
350,0.05041241645812988,0.0074310302734375,0.005812168121337891,0.010987281799316406,0,2.6358630657196045,0.0992441177368164,0.00021982192993164062
350,0.05264425277709961,0.007956981658935547,0.005490541458129883,0.009448766708374023,0,1.1483018398284912,0.15285325050354004,0.00013208389282226562
350,0.05699729919433594,0.00733637809753418,0.006954193115234375,0.013773202896118164,0,17.299099922180176,0.36534595489501953,0.00020623207092285156
350,0.0694723129272461,0.008490800857543945,0.007855415344238281,0.011401176452636719,0,1.2901406288146973,0.09481382369995117,0.00014710426330566406
350,0.05404973030090332,0.007874011993408203,0.005987644195556641,0.010864019393920898,0,1.5736231803894043,0.25424885749816895,0.00020241737365722656
350,0.05414175987243652,0.007715463638305664,0.006043672561645508,0.012821435928344727,0,0.8521792888641357,0.1728520393371582,0.00018644332885742188
350,0.0592803955078125,0.006936788558959961,0.00827336311340332,0.0172121524810791,0,0.7742927074432373,0.09241104125976562,0.0001747608184814453
350,0.05961012840270996,0.007108926773071289,0.007263660430908203,0.012323379516601562,0,0.42229151725769043,0.1178898811340332,0.0001735687255859375
350,0.05100750923156738,0.006472349166870117,0.00580143928527832,0.009891033172607422,0,1.8062183856964111,0.19723916053771973,0.00016808509826660156
350,0.05538225173950195,0.007958173751831055,0.006394386291503906,0.013233661651611328,0,1.6299026012420654,0.22236967086791992,0.00013375282287597656
400,0.07498645782470703,0.011625051498413086,0.008110523223876953,0.014002561569213867,0,5.572611331939697,0.3816413879394531,0.0003151893615722656
400,0.06156110763549805,0.008756875991821289,0.007598161697387695,0.015044450759887695,0,2.34739089012146,0.3509812355041504,0.00024127960205078125
400,0.06632232666015625,0.009114503860473633,0.007935285568237305,0.012313604354858398,0,0.6912908554077148,0.156494140625,0.00021791458129882812
400,0.0769205093383789,0.012270212173461914,0.007228851318359375,0.01163482666015625,0,2.0529844760894775,0.16979551315307617,0.0002028942108154297
400,0.06879258155822754,0.009606122970581055,0.009655237197875977,0.013495445251464844,0,1.5310320854187012,0.1847524642944336,0.0002148151397705078
400,0.07376241683959961,0.009407281875610352,0.008161306381225586,0.01263117790222168,0,20.42946696281433,1.0358874797821045,0.00016736984252929688
400,0.06772685050964355,0.009224414825439453,0.007564544677734375,0.01086878776550293,0,1.8880562782287598,0.3302333354949951,0.0001895427703857422
400,0.07296514511108398,0.009500265121459961,0.00799560546875,0.012060165405273438,0,4.841201305389404,0.5302572250366211,0.000217437744140625
400,0.06763100624084473,0.009540081024169922,0.007542848587036133,0.011518001556396484,0,1.509983777999878,0.2624497413635254,0.0001423358917236328
400,0.07392477989196777,0.010212898254394531,0.008797883987426758,0.012349605560302734,0,3.7116386890411377,0.5701999664306641,0.00021314620971679688
450,0.09906363487243652,0.016892194747924805,0.012030601501464844,0.02034473419189453,0,25.324807167053223,1.8724520206451416,0.0002868175506591797
450,0.08681416511535645,0.01277780532836914,0.011022567749023438,0.018607139587402344,0,1.6792640686035156,0.22626996040344238,0.0002760887145996094
450,0.08863282203674316,0.015865087509155273,0.008830547332763672,0.013281583786010742,0,1.6538305282592773,0.15974831581115723,0.0002200603485107422
450,0.10232329368591309,0.013643264770507812,0.010161399841308594,0.014159679412841797,0,0.9242889881134033,0.17964935302734375,0.0002779960632324219
450,0.09320902824401855,0.014856338500976562,0.010381937026977539,0.0161895751953125,0,5.627344846725464,0.5233862400054932,0.00023102760314941406
450,0.09243345260620117,0.012006282806396484,0.012728452682495117,0.017982006072998047,0,4.129426717758179,0.33113670349121094,0.00025773048400878906
450,0.09545040130615234,0.016619205474853516,0.012651681900024414,0.01940298080444336,0,3.7559118270874023,0.36741018295288086,0.0002760887145996094
450,0.09832429885864258,0.013587474822998047,0.010350227355957031,0.014332056045532227,0,1.1101164817810059,0.16640925407409668,0.00021409988403320312
450,0.08247184753417969,0.010759830474853516,0.009208202362060547,0.0176393985748291,0,16.936995267868042,0.8684234619140625,0.00020694732666015625
450,0.08879852294921875,0.01217794418334961,0.010318279266357422,0.014344215393066406,0,5.498151540756226,0.701775074005127,0.000148773193359375
500,0.11145234107971191,0.016604185104370117,0.010537147521972656,0.018761157989501953,0,6.525010108947754,0.634347677230835,0.00019288063049316406
500,0.10270929336547852,0.014463424682617188,0.010519742965698242,0.017893552780151367,0,5.840264081954956,0.3391547203063965,0.0002503395080566406
500,0.10806918144226074,0.013178110122680664,0.010590553283691406,0.01613783836364746,0,28.538123607635498,0.5848159790039062,0.0002777576446533203
500,0.14237546920776367,0.015244722366333008,0.013964653015136719,0.023542165756225586,0,5.550678253173828,0.37659597396850586,0.00028443336486816406
500,0.12349891662597656,0.015577316284179688,0.015070915222167969,0.03552651405334473,0,3.4981939792633057,0.3070104122161865,0.00028634071350097656
500,0.11869001388549805,0.013991355895996094,0.012742757797241211,0.021734237670898438,0,9.429929733276367,0.27097105979919434,0.0002689361572265625
500,0.10468220710754395,0.013349294662475586,0.010464906692504883,0.02404475212097168,0,17.76502799987793,0.5047588348388672,0.0002353191375732422
500,0.1229703426361084,0.016106605529785156,0.012006998062133789,0.024129152297973633,0,12.919528722763062,0.2449657917022705,0.0003173351287841797
500,0.14292645454406738,0.0218508243560791,0.019160985946655273,0.023595809936523438,0,5.668219327926636,0.7344727516174316,0.00028324127197265625
500,0.17155051231384277,0.020615100860595703,0.015517473220825195,0.03220319747924805,0,7.651973009109497,0.4382932186126709,0.00022673606872558594
550,0.1849076747894287,0.021138429641723633,0.02054452896118164,0.02713608741760254,0,6.297372102737427,0.6456155776977539,0.000507354736328125
550,0.16899490356445312,0.024650096893310547,0.018222332000732422,0.03879904747009277,0,182.48105239868164,0.8005602359771729,0.0013394355773925781
550,0.21290826797485352,0.02536916732788086,0.025088071823120117,0.02831244468688965,0,17.005334854125977,1.051302194595337,0.0004398822784423828
550,0.1875629425048828,0.03401517868041992,0.018823623657226562,0.031156539916992188,0,7.562232494354248,0.7367744445800781,0.0007872581481933594
550,0.08988738059997559,0.012836456298828125,0.009863615036010742,0.014349699020385742,0,5.866188049316406,0.5073838233947754,0.00022935867309570312
550,0.1673593521118164,0.022272825241088867,0.019556283950805664,0.02523946762084961,0,48.005964517593384,0.4693417549133301,0.00035381317138671875
550,0.19864320755004883,0.023277759552001953,0.02235865592956543,0.030109405517578125,0,7.0589892864227295,0.34123897552490234,0.0003070831298828125
550,0.21142959594726562,0.03467988967895508,0.017864227294921875,0.030862092971801758,0,38.490286350250244,0.7125976085662842,0.0006949901580810547
550,0.16209173202514648,0.023432493209838867,0.022333383560180664,0.03288698196411133,0,3.1445393562316895,0.2220151424407959,0.00024437904357910156
550,0.15850043296813965,0.021936893463134766,0.018717527389526367,0.027487516403198242,0,4.651033163070679,0.6994302272796631,0.000213623046875
550,0.16861295700073242,0.026044845581054688,0.027596235275268555,0.03378629684448242,0,24.84176254272461,1.3864014148712158,0.00024318695068359375
550,0.18791937828063965,0.020182371139526367,0.017774343490600586,0.02660059928894043,0,15.473408222198486,1.8624966144561768,0.0003066062927246094
550,0.169907808303833,0.025214433670043945,0.021898508071899414,0.043486595153808594,0,7.1699817180633545,0.9861960411071777,0.0002503395080566406
550,0.2234506607055664,0.02394580841064453,0.031554460525512695,0.04398036003112793,0,7.448915719985962,0.3322932720184326,0.00037288665771484375
600,0.21208930015563965,0.023075103759765625,0.026546239852905273,0.03118109703063965,0,27.52464246749878,0.27824974060058594,0.0007693767547607422
600,0.1641838550567627,0.024048805236816406,0.01615738868713379,0.024120569229125977,0,51.29109978675842,1.3490056991577148,0.0009303092956542969
600,0.2183527946472168,0.03144335746765137,0.028080224990844727,0.04258537292480469,0,6.622385263442993,1.5908477306365967,0.00025177001953125
600,0.20217418670654297,0.02614760398864746,0.026516437530517578,0.03161883354187012,0,7.336073160171509,0.7967205047607422,0.0002925395965576172
600,0.11106204986572266,0.01511836051940918,0.011719703674316406,0.016329288482666016,0,8.219531774520874,0.4178586006164551,0.0002162456512451172
600,0.19542694091796875,0.026177406311035156,0.020740270614624023,0.02912139892578125,0,7.686209201812744,1.8851239681243896,0.00042629241943359375
600,0.2066798210144043,0.02722954750061035,0.025600433349609375,0.04874467849731445,0,4.759184837341309,0.5984933376312256,0.0002999305725097656
600,0.21515631675720215,0.026750802993774414,0.02070903778076172,0.02933359146118164,0,14.516021966934204,1.1408298015594482,0.001621246337890625
600,0.2164442539215088,0.030243396759033203,0.020853042602539062,0.029809951782226562,0,5.050081491470337,0.7774183750152588,0.0003008842468261719
600,0.1810133457183838,0.024108171463012695,0.033724069595336914,0.036534786224365234,0,12.45141887664795,0.8737821578979492,0.0002562999725341797
650,0.2539374828338623,0.036878108978271484,0.02992868423461914,0.03681612014770508,0,3.1341464519500732,0.6988980770111084,0.0002999305725097656
650,0.22399544715881348,0.029803752899169922,0.03691434860229492,0.04113173484802246,0,33.045104026794434,0.7454047203063965,0.00030803680419921875
650,0.21971845626831055,0.030197858810424805,0.027964115142822266,0.03903031349182129,0,47.437047243118286,0.6053617000579834,0.0003542900085449219
650,0.2329566478729248,0.027202606201171875,0.029768705368041992,0.03676795959472656,0,1.7406413555145264,0.5361557006835938,0.0003001689910888672
650,0.19834303855895996,0.029776573181152344,0.017858028411865234,0.02379751205444336,0,5.666307687759399,0.2232513427734375,0.0002913475036621094
650,0.21991658210754395,0.02983832359313965,0.029751062393188477,0.04338335990905762,0,110.23366451263428,1.6975970268249512,0.001674652099609375
650,0.2502782344818115,0.028845548629760742,0.024518489837646484,0.038639068603515625,0,10.264400243759155,0.7894790172576904,0.0003986358642578125
650,0.23440027236938477,0.03219485282897949,0.028033971786499023,0.036429643630981445,0,5.269625663757324,0.3547513484954834,0.0002682209014892578
650,0.23491716384887695,0.028599262237548828,0.02768397331237793,0.04842090606689453,0,9.28987741470337,1.0956993103027344,0.0002522468566894531
650,0.21506834030151367,0.029128313064575195,0.030345916748046875,0.038369178771972656,0,10.0839684009552,0.6807060241699219,0.00019550323486328125
700,0.2341930866241455,0.03205299377441406,0.03450798988342285,0.05343461036682129,0,139.1684341430664,3.6062068939208984,0.0001938343048095703
700,0.33075881004333496,0.04428458213806152,0.03990602493286133,0.0419924259185791,0,114.20207786560059,1.0148582458496094,0.00018358230590820312
700,0.27655458450317383,0.034235239028930664,0.038002729415893555,0.038317203521728516,0,9.672893762588501,0.8994250297546387,0.0001819133758544922
700,0.232802152633667,0.038547515869140625,0.03499650955200195,0.0507197380065918,0,116.92833113670349,1.8379693031311035,0.0006737709045410156
700,0.2564070224761963,0.0320889949798584,0.028531551361083984,0.050049781799316406,0,274.51641845703125,2.1738831996917725,0.0019526481628417969
700,0.39408373832702637,0.04110527038574219,0.03977465629577637,0.06161928176879883,0,17.041765689849854,0.9753024578094482,0.0001773834228515625
700,0.14212250709533691,0.020225048065185547,0.0158536434173584,0.02119898796081543,0,34.122700691223145,0.460437536239624,0.0005068778991699219
700,0.3892855644226074,0.0486295223236084,0.0576174259185791,0.07418322563171387,0,5.932829856872559,0.5616276264190674,0.00020503997802734375
700,0.2346503734588623,0.030353784561157227,0.03352212905883789,0.04376840591430664,0,247.01200604438782,3.8793928623199463,0.003264188766479492
700,0.27322936058044434,0.0384831428527832,0.03018355369567871,0.048871755599975586,0,0.352250337600708,0.28224778175354004,0.00038695335388183594
750,0.16276121139526367,0.020730972290039062,0.018170595169067383,0.02313399314880371,0,0,0.36383891105651855,1.8596649169921875e-05
750,0.16673874855041504,0.021471500396728516,0.017874717712402344,0.023221492767333984,0,0,2.9816009998321533,6.747245788574219e-05
750,0.3099651336669922,0.041516780853271484,0.03146958351135254,0.03914785385131836,0,0,0.8835620880126953,7.534027099609375e-05
750,0.502251386642456,0.09012007713317871,0.05517101287841797,0.08220481872558594,0,0,1.8079395294189453,0.00011491775512695312
750,0.3710970878601074,0.03687310218811035,0.03472733497619629,0.04998445510864258,0,0,0.7086517810821533,8.916854858398438e-05
750,0.32962775230407715,0.044786930084228516,0.0375971794128418,0.045772552490234375,0,0,1.4988107681274414,9.751319885253906e-05
750,0.3043670654296875,0.03820013999938965,0.0356905460357666,0.05496025085449219,0,0,7.957159757614136,7.176399230957031e-05
750,0.32595348358154297,0.039640188217163086,0.03532075881958008,0.05151247978210449,0,0,0.7601745128631592,7.462501525878906e-05
750,0.2739441394805908,0.0353240966796875,0.039350271224975586,0.05095195770263672,0,0,3.3370418548583984,7.677078247070312e-05
750,0.1878960132598877,0.023777484893798828,0.019218921661376953,0.024495601654052734,0,0,0.23792219161987305,4.9114227294921875e-05
800,0.3705000877380371,0.04583454132080078,0.042916059494018555,0.06276154518127441,0,0,1.012378215789795,4.4345855712890625e-05
800,0.2731194496154785,0.047194480895996094,0.023426055908203125,0.03005385398864746,0,0,1.2865211963653564,7.677078247070312e-05
800,0.33567094802856445,0.05172133445739746,0.04487729072570801,0.05442380905151367,0,0,1.290367841720581,5.888938903808594e-05
800,0.327164888381958,0.043711185455322266,0.04559731483459473,0.056115150451660156,0,0,3.0344724655151367,6.556510925292969e-05
800,0.356156587600708,0.042247772216796875,0.0426938533782959,0.06743431091308594,0,0,0.7239720821380615,5.316734313964844e-05
800,0.18815016746520996,0.02401113510131836,0.020163536071777344,0.027324199676513672,0,0,4.170505046844482,7.009506225585938e-05
800,0.31643009185791016,0.04204845428466797,0.04537487030029297,0.05812215805053711,0,0,1.2665619850158691,7.081031799316406e-05
800,0.29387545585632324,0.04539060592651367,0.027397632598876953,0.032813072204589844,0,0,1.3225858211517334,7.82012939453125e-05
800,0.3177156448364258,0.046669960021972656,0.04830527305603027,0.05085349082946777,0,0,6.960570573806763,0.00010848045349121094
800,0.39052915573120117,0.055255889892578125,0.03952527046203613,0.05439043045043945,0,0,1.2185027599334717,0.00012087821960449219
850,0.4125556945800781,0.048081398010253906,0.046820640563964844,0.06959939002990723,0,0,0.6461741924285889,6.842613220214844e-05
850,0.33171844482421875,0.04909014701843262,0.02283644676208496,0.03105449676513672,0,0,1.304929256439209,7.033348083496094e-05
850,0.30637264251708984,0.047660112380981445,0.0309903621673584,0.0374603271484375,0,0,0.7240786552429199,7.462501525878906e-05
850,0.25209951400756836,0.04892277717590332,0.022747278213500977,0.030583858489990234,0,0,5.607986211776733,6.0558319091796875e-05
850,0.4114837646484375,0.04892158508300781,0.04648590087890625,0.05442953109741211,0,0,10.728626489639282,9.250640869140625e-05
850,0.39998960494995117,0.04869246482849121,0.04238128662109375,0.03096485137939453,0,0,0.37749290466308594,6.508827209472656e-05
850,0.3701479434967041,0.05719804763793945,0.04633808135986328,0.05982065200805664,0,0,1.05055832862854,0.00010323524475097656
850,0.4039878845214844,0.049665212631225586,0.04649662971496582,0.05747866630554199,0,0,0.9249796867370605,6.4849853515625e-05
850,0.4168715476989746,0.04915213584899902,0.04731559753417969,0.05578327178955078,0,0,0.759415864944458,6.127357482910156e-05
850,0.22016310691833496,0.02730870246887207,0.023203611373901367,0.02941155433654785,0,0,0.8936853408813477,6.747245788574219e-05
900,0.41714906692504883,0.06285500526428223,0.059975385665893555,0.06431436538696289,0,0,3.043764591217041,6.961822509765625e-05
900,0.44039440155029297,0.05265235900878906,0.06157350540161133,0.08978104591369629,0,0,1.1277990341186523,5.698204040527344e-05
900,0.24628090858459473,0.030899524688720703,0.02625298500061035,0.03202009201049805,0,0,2.7415404319763184,7.700920104980469e-05
900,0.39351606369018555,0.05286145210266113,0.04885601997375488,0.06004071235656738,0,0,1.0173087120056152,7.605552673339844e-05
900,0.459796667098999,0.06688642501831055,0.04738903045654297,0.05626058578491211,0,0,1.7198729515075684,8.392333984375e-05
900,0.46860551834106445,0.05430030822753906,0.0483853816986084,0.06654095649719238,0,0,1.060974359512329,7.104873657226562e-05
900,0.30263662338256836,0.055769920349121094,0.02613210678100586,0.033048391342163086,0,0,2.456472396850586,6.866455078125e-05
900,0.3034510612487793,0.0505979061126709,0.025555849075317383,0.03183341026306152,0,0,2.2906758785247803,8.344650268554688e-05
900,0.36486077308654785,0.0739753246307373,0.029521703720092773,0.03536581993103027,0,0,0.9029881954193115,0.00011014938354492188
900,0.31664276123046875,0.05570697784423828,0.03035902976989746,0.03848409652709961,0,0,2.674633264541626,7.581710815429688e-05
950,0.45722031593322754,0.06054329872131348,0.06142616271972656,0.0690298080444336,0,0,1.5922551155090332,6.127357482910156e-05
950,0.2726273536682129,0.03427529335021973,0.029564857482910156,0.038208723068237305,0,0,0.43407320976257324,6.127357482910156e-05
950,0.34913134574890137,0.06118178367614746,0.030295133590698242,0.03771805763244629,0,0,4.7980124950408936,9.560585021972656e-05
950,0.5032792091369629,0.05897879600524902,0.06326508522033691,0.07173395156860352,0,0,1.161275863647461,9.131431579589844e-05
950,0.3030812740325928,0.03997039794921875,0.033432960510253906,0.044904470443725586,0,0,0.9279663562774658,8.893013000488281e-05
950,0.4627368450164795,0.08476710319519043,0.055776119232177734,0.0769813060760498,0,0,0.7346353530883789,8.58306884765625e-05
950,0.49750852584838867,0.060517072677612305,0.058503150939941406,0.060349225997924805,0,0,0.42820024490356445,4.3392181396484375e-05
950,0.2758824825286865,0.03386330604553223,0.02859783172607422,0.03562784194946289,0,0,1.987281322479248,6.794929504394531e-05
950,0.46370768547058105,0.057816505432128906,0.06302142143249512,0.06604671478271484,0,0,1.426795244216919,0.00010180473327636719
950,0.2850172519683838,0.03498578071594238,0.03018641471862793,0.036284685134887695,0,0,5.227262735366821,8.368492126464844e-05
1000,0.3238561153411865,0.06624674797058105,0.033172607421875,0.04064178466796875,0,0,2.0373823642730713,8.678436279296875e-05
1000,0.5230755805969238,0.07385683059692383,0.06525158882141113,0.07963919639587402,0,0,2.1607484817504883,6.29425048828125e-05
1000,0.3083944320678711,0.06373214721679688,0.03199887275695801,0.03881239891052246,0,0,2.439542770385742,7.43865966796875e-05
1000,0.5042552947998047,0.06728100776672363,0.06423711776733398,0.0756230354309082,0,0,1.893829107284546,8.797645568847656e-05
1000,0.29903435707092285,0.03738713264465332,0.031514883041381836,0.03933835029602051,0,0,1.0753798484802246,7.677078247070312e-05
1000,0.5122058391571045,0.08001255989074707,0.058066368103027344,0.0821387767791748,0,0,4.015634536743164,7.796287536621094e-05
1000,0.5102992057800293,0.06558823585510254,0.06806802749633789,0.07578396797180176,0,0,8.997827768325806,9.131431579589844e-05
1000,0.5218148231506348,0.06900334358215332,0.06482958793640137,0.07332849502563477,0,0,2.7316558361053467,6.985664367675781e-05
1000,0.30726170539855957,0.03789782524108887,0.03251791000366211,0.04040098190307617,0,0,1.7833936214447021,7.987022399902344e-05
1000,0.35161256790161133,0.06622600555419922,0.03148174285888672,0.03897857666015625,0,0,2.221677780151367,7.605552673339844e-05
