10
1000
1 138 508 0 509 0 509 492 508 492 508 489 508 488 508 472 508 471 508 469 508 468 508 466 508 462 508 457 508 456 508 455 508 454 508 452 508 444 508 442 508 440 508 438 508 431 508 430 508 429 508 426 508 421 508 418 508 417 508 414 508 412 508 407 508 405 508 333 508 332 508 331 508 330 508 329 508 327 508 326 508 323 508 322 508 321 508 319 508 318 508 297 508 296 508 294 508 292 508 282 508 281 508 279 508 275 508 272 508 269 508 268 508 267 508 266 508 265 508 264 508 262 508 261 508 260 508 257 508 256 508 255 508 253 508 252 508 246 508 191 508 187 508 186 508 185 508 180 508 179 508 178 508 176 508 160 508 157 508 156 508 151 508 150 508 149 508 148 508 133 508 131 508 129 508 128 508 127 508 125 508 124 508 123 508 120 508 109 508 108 508 107 508 106 508 105 508 103 508 102 508 100 508 99 508 85 508 82 508 80 508 79 508 76 508 74 508 72 508 48 508 47 508 46 508 45 508 42 508 40 508 37 508 36 508 34 508 33 508 32 508 29 508 26 508 25 508 24 508 23 508 22 508 21 508 19 508 18 508 17 508 16 508 15 508 14 508 12 508 10 508 8 508 7 508 6 508 1
2 6 507 489 508 489 508 492 507 492 507 491 507 490
3 132 0 491 8 491 11 491 12 491 15 491 16 491 21 491 22 491 23 491 26 491 27 491 28 491 29 491 31 491 32 491 52 491 53 491 56 491 59 491 62 491 63 491 65 491 66 491 67 491 74 491 76 491 83 491 85 491 96 491 98 491 102 491 108 491 109 491 124 491 125 491 130 491 132 491 162 491 163 491 164 491 167 491 168 491 169 491 170 491 171 491 172 491 173 491 175 491 189 491 201 491 207 491 209 491 212 491 215 491 217 491 218 491 220 491 221 491 236 491 250 491 264 491 266 491 274 491 299 491 300 491 301 491 303 491 305 491 307 491 308 491 309 491 312 491 314 491 316 491 317 491 319 491 336 491 337 491 338 491 341 491 342 491 343 491 346 491 348 491 352 491 354 491 355 491 357 491 358 491 359 491 360 491 363 491 364 491 366 491 367 491 368 491 371 491 373 491 375 491 377 491 380 491 381 491 382 491 389 491 390 491 391 491 394 491 395 491 398 491 407 491 414 491 428 491 429 491 430 491 431 491 432 491 433 491 434 491 435 491 439 491 450 491 455 491 472 491 473 491 476 491 478 491 483 491 494 491 501 491 507 491 507 492 0 492
4 4 501 490 507 490 507 491 501 491
5 4 501 489 507 489 507 490 501 490
6 5 494 489 501 489 501 490 501 491 494 491
7 10 494 488 498 488 503 488 505 488 506 488 508 488 508 489 507 489 501 489 494 489
8 5 483 488 494 488 494 489 494 491 483 491
9 9 506 472 508 472 508 488 506 488 506 487 506 482 506 477 506 475 506 474
10 4 505 487 506 487 506 488 505 488
11 5 505 482 506 482 506 487 505 487 505 485
12 5 503 485 505 485 505 487 505 488 503 488
13 4 503 482 505 482 505 485 503 485
14 7 498 482 503 482 503 485 503 488 498 488 498 484 498 483
15 7 498 477 506 477 506 482 505 482 503 482 498 482 498 480
16 9 483 484 484 484 486 484 487 484 489 484 498 484 498 488 494 488 483 488
17 5 489 483 493 483 498 483 498 484 489 484
18 5 493 480 498 480 498 482 498 483 493 483
19 4 489 480 493 480 493 483 489 483
20 5 489 477 498 477 498 480 493 480 489 480
21 8 487 477 489 477 489 480 489 483 489 484 487 484 487 479 487 478
22 8 487 475 488 475 499 475 506 475 506 477 498 477 489 477 487 477
23 4 486 479 487 479 487 484 486 484
24 4 486 478 487 478 487 479 486 479
25 5 486 475 487 475 487 477 487 478 486 478
26 6 484 475 486 475 486 478 486 479 486 484 484 484
27 4 499 474 506 474 506 475 499 475
28 4 488 474 499 474 499 475 488 475
29 6 488 472 490 472 506 472 506 474 499 474 488 474
30 5 490 471 508 471 508 472 506 472 490 472
31 4 490 469 508 469 508 471 490 471
32 4 490 468 508 468 508 469 490 469
33 5 490 466 500 466 508 466 508 468 490 468
34 7 488 466 490 466 490 468 490 469 490 471 490 472 488 472
35 8 484 466 488 466 488 472 488 474 488 475 487 475 486 475 484 475
36 6 500 462 508 462 508 466 500 466 500 465 500 464
37 7 484 465 496 465 500 465 500 466 490 466 488 466 484 466
38 7 483 465 484 465 484 466 484 475 484 484 483 484 483 481
39 8 478 481 479 481 480 481 483 481 483 484 483 488 483 491 478 491
40 5 476 481 477 481 478 481 478 491 476 491
41 5 473 481 475 481 476 481 476 491 473 491
42 4 480 465 483 465 483 481 480 481
43 4 496 464 500 464 500 465 496 465
44 6 480 464 496 464 496 465 484 465 483 465 480 465
45 5 479 464 480 464 480 465 480 481 479 481
46 7 479 462 481 462 500 462 500 464 496 464 480 464 479 464
47 6 481 457 502 457 508 457 508 462 500 462 481 462
48 4 502 456 508 456 508 457 502 457
49 4 502 455 508 455 508 456 502 456
50 7 481 455 491 455 497 455 502 455 502 456 502 457 481 457
51 5 497 454 508 454 508 455 502 455 497 455
52 4 497 452 508 452 508 454 497 454
53 4 497 444 508 444 508 452 497 452
54 6 491 444 497 444 497 452 497 454 497 455 491 455
55 5 491 442 508 442 508 444 497 444 491 444
56 4 491 440 508 440 508 442 491 442
57 8 481 440 485 440 491 440 491 442 491 444 491 455 481 455 481 449
58 5 485 438 508 438 508 440 491 440 485 440
59 4 481 438 485 438 485 440 481 440
60 6 479 449 481 449 481 455 481 457 481 462 479 462
61 8 477 449 479 449 479 462 479 464 479 481 478 481 477 481 477 458
62 5 475 458 477 458 477 481 476 481 475 481
63 5 473 458 475 458 475 481 473 481 473 459
64 5 472 459 473 459 473 481 473 491 472 491
65 9 455 459 458 459 459 459 463 459 465 459 470 459 472 459 472 491 455 491
66 5 470 458 473 458 473 459 472 459 470 459
67 5 465 458 469 458 470 458 470 459 465 459
68 8 469 449 477 449 477 458 475 458 473 458 470 458 469 458 469 453
69 8 469 438 481 438 481 440 481 449 479 449 477 449 469 449 469 439
70 6 469 431 508 431 508 438 485 438 481 438 469 438
71 6 465 453 467 453 468 453 469 453 469 458 465 458
72 6 463 453 464 453 465 453 465 458 465 459 463 459
73 5 468 439 469 439 469 449 469 453 468 453
74 4 467 439 468 439 468 453 467 453
75 6 467 431 469 431 469 438 469 439 468 439 467 439
76 5 467 430 508 430 508 431 469 431 467 431
77 12 464 430 467 430 467 431 467 439 467 453 465 453 464 453 464 448 464 447 464 446 464 445 464 441
78 5 464 429 508 429 508 430 467 430 464 430
79 6 464 426 471 426 504 426 508 426 508 429 464 429
80 4 463 448 464 448 464 453 463 453
81 5 459 448 463 448 463 453 463 459 459 459
82 5 459 447 464 447 464 448 463 448 459 448
83 5 458 447 459 447 459 448 459 459 458 459
84 4 455 447 458 447 458 459 455 459
85 6 455 446 464 446 464 447 459 447 458 447 455 447
86 9 450 446 451 446 452 446 454 446 455 446 455 447 455 459 455 491 450 491
87 5 454 445 464 445 464 446 455 446 454 446
88 4 452 445 454 445 454 446 452 446
89 6 452 441 460 441 464 441 464 445 454 445 452 445
90 5 451 441 452 441 452 445 452 446 451 446
91 8 460 426 464 426 464 429 464 430 464 441 460 441 460 436 460 435
92 5 451 436 460 436 460 441 452 441 451 441
93 5 450 436 451 436 451 441 451 446 450 446
94 9 439 436 440 436 444 436 445 436 450 436 450 446 450 491 439 491 439 443
95 9 445 435 446 435 448 435 449 435 460 435 460 436 451 436 450 436 445 436
96 4 449 426 460 426 460 435 449 435
97 5 504 421 508 421 508 426 504 426 504 423
98 4 471 423 504 423 504 426 471 426
99 4 471 421 504 421 504 423 471 423
100 7 471 418 508 418 508 421 504 421 471 421 471 420 471 419
101 9 449 420 471 420 471 421 471 423 471 426 464 426 460 426 449 426 449 422
102 6 448 422 449 422 449 426 449 435 448 435 448 428
103 4 446 428 448 428 448 435 446 435
104 4 446 422 448 422 448 428 446 428
105 5 446 420 449 420 449 422 448 422 446 422
106 6 445 420 446 420 446 422 446 428 446 435 445 435
107 6 445 419 471 419 471 420 449 420 446 420 445 420
108 6 444 419 445 419 445 420 445 435 445 436 444 436
109 4 440 419 444 419 444 436 440 436
110 7 440 418 442 418 471 418 471 419 445 419 444 419 440 419
111 5 442 417 508 417 508 418 471 418 442 418
112 6 442 414 443 414 461 414 508 414 508 417 442 417
113 4 461 412 508 412 508 414 461 414
114 5 461 407 508 407 508 412 461 412 461 409
115 4 461 405 508 405 508 407 461 407
116 8 461 333 508 333 508 405 461 405 461 388 461 369 461 368 461 366
117 5 443 409 461 409 461 412 461 414 443 414
118 9 443 388 453 388 457 388 461 388 461 405 461 407 461 409 443 409 443 401
119 7 442 401 443 401 443 409 443 414 442 414 442 408 442 402
120 7 440 408 442 408 442 414 442 417 442 418 440 418 440 413
121 6 439 413 440 413 440 418 440 419 440 436 439 436
122 5 435 443 436 443 439 443 439 491 435 491
123 5 436 413 439 413 439 436 439 443 436 443
124 6 436 408 437 408 440 408 440 413 439 413 436 413
125 5 435 408 436 408 436 413 436 443 435 443
126 5 437 402 442 402 442 408 440 408 437 408
127 4 437 401 442 401 442 402 437 402
128 6 435 401 437 401 437 402 437 408 436 408 435 408
129 6 434 401 435 401 435 408 435 443 435 491 434 491
130 9 434 388 443 388 443 401 442 401 437 401 435 401 434 401 434 390 434 389
131 6 433 390 434 390 434 401 434 491 433 491 433 437
132 4 432 437 433 437 433 491 432 491
133 4 431 437 432 437 432 491 431 491
134 8 431 390 433 390 433 437 432 437 431 437 431 400 431 398 431 393
135 5 430 400 431 400 431 437 431 491 430 491
136 5 429 400 430 400 430 491 429 491 429 406
137 6 428 406 429 406 429 491 428 491 428 476 428 411
138 5 414 476 425 476 428 476 428 491 414 491
139 5 425 411 427 411 428 411 428 476 425 476
140 4 427 406 428 406 428 411 427 411
141 4 425 406 427 406 427 411 425 411
142 6 414 406 424 406 425 406 425 411 425 476 414 476
143 8 424 400 426 400 429 400 429 406 428 406 427 406 425 406 424 406
144 5 414 400 416 400 424 400 424 406 414 406
145 6 407 400 414 400 414 406 414 476 414 491 407 491
146 7 426 398 431 398 431 400 430 400 429 400 426 400 426 399
147 5 426 393 431 393 431 398 426 398 426 395
148 5 426 390 431 390 431 393 426 393 426 392
149 6 426 389 434 389 434 390 433 390 431 390 426 390
150 5 416 399 426 399 426 400 424 400 416 400
151 5 416 395 426 395 426 398 426 399 416 399
152 5 416 392 426 392 426 393 426 395 416 395
153 8 407 392 408 392 416 392 416 395 416 399 416 400 414 400 407 400
154 8 408 389 415 389 423 389 426 389 426 390 426 392 416 392 408 392
155 5 423 388 434 388 434 389 426 389 423 389
156 7 457 369 461 369 461 388 457 388 457 383 457 372 457 370
157 4 453 383 457 383 457 388 453 388
158 7 423 383 453 383 453 388 443 388 434 388 423 388 423 387
159 7 415 387 419 387 422 387 423 387 423 388 423 389 415 389
160 6 422 383 423 383 423 387 422 387 422 386 422 384
161 4 419 386 422 386 422 387 419 387
162 5 419 384 422 384 422 386 419 386 419 385
163 6 415 385 417 385 419 385 419 386 419 387 415 387
164 6 408 385 410 385 415 385 415 387 415 389 408 389
165 4 417 384 419 384 419 385 417 385
166 5 417 383 422 383 422 384 419 384 417 384
167 10 417 372 457 372 457 383 453 383 423 383 422 383 417 383 417 377 417 375 417 373
168 9 410 377 417 377 417 383 417 384 417 385 415 385 410 385 410 381 410 380
169 4 408 381 410 381 410 385 408 385
170 6 407 381 408 381 408 385 408 389 408 392 407 392
171 10 398 381 400 381 402 381 404 381 405 381 407 381 407 392 407 400 407 491 398 491
172 6 405 380 410 380 410 381 408 381 407 381 405 381
173 4 405 377 410 377 410 380 405 380
174 5 404 377 405 377 405 380 405 381 404 381
175 6 404 375 417 375 417 377 410 377 405 377 404 377
176 5 402 375 404 375 404 377 404 381 402 381
177 5 402 373 417 373 417 375 404 375 402 375
178 4 402 372 417 372 417 373 402 373
179 6 400 372 402 372 402 373 402 375 402 381 400 381
180 6 400 370 457 370 457 372 417 372 402 372 400 372
181 5 398 370 400 370 400 372 400 381 398 381
182 5 395 370 398 370 398 381 398 491 395 491
183 7 395 369 396 369 457 369 457 370 400 370 398 370 395 370
184 7 396 368 406 368 420 368 461 368 461 369 457 369 396 369
185 4 420 366 461 366 461 368 420 368
186 5 406 366 420 366 420 368 406 368 406 367
187 6 406 333 461 333 461 366 420 366 406 366 406 334
188 7 396 367 397 367 399 367 403 367 406 367 406 368 396 368
189 6 403 334 406 334 406 366 406 367 403 367 403 336
190 5 399 336 403 336 403 367 399 367 399 347
191 7 397 347 399 347 399 367 397 367 397 364 397 350 397 348
192 4 396 364 397 364 397 367 396 367
193 6 395 364 396 364 396 367 396 368 396 369 395 369
194 6 394 364 395 364 395 369 395 370 395 491 394 491
195 6 394 350 397 350 397 364 396 364 395 364 394 364
196 9 391 350 394 350 394 364 394 491 391 491 391 460 391 353 391 352 391 351
197 4 390 460 391 460 391 491 390 491
198 4 389 460 390 460 390 491 389 491
199 8 389 353 391 353 391 460 390 460 389 460 389 434 389 358 389 355
200 8 382 434 383 434 387 434 388 434 389 434 389 460 389 491 382 491
201 5 388 358 389 358 389 434 388 434 388 359
202 5 387 359 388 359 388 434 387 434 387 425
203 5 383 425 384 425 387 425 387 434 383 434
204 6 384 359 387 359 387 425 384 425 384 363 384 361
205 4 383 363 384 363 384 425 383 425
206 5 382 363 383 363 383 425 383 434 382 434
207 7 381 363 382 363 382 434 382 491 381 491 381 374 381 365
208 5 380 374 381 374 381 491 380 491 380 451
209 5 377 451 378 451 380 451 380 491 377 491
210 4 378 374 380 374 380 451 378 451
211 4 377 374 378 374 378 451 377 451
212 5 375 374 377 374 377 451 377 491 375 491
213 7 375 365 381 365 381 374 380 374 378 374 377 374 375 374
214 4 375 363 381 363 381 365 375 365
215 6 373 363 375 363 375 365 375 374 375 491 373 491
216 10 373 361 374 361 379 361 384 361 384 363 383 363 382 363 381 363 375 363 373 363
217 5 371 361 373 361 373 363 373 491 371 491
218 4 379 359 384 359 384 361 379 361
219 5 374 359 379 359 379 361 374 361 374 360
220 5 371 360 374 360 374 361 373 361 371 361
221 5 368 360 371 360 371 361 371 491 368 491
222 5 368 359 374 359 374 360 371 360 368 360
223 8 368 358 388 358 388 359 387 359 384 359 379 359 374 359 368 359
224 7 367 358 368 358 368 359 368 360 368 491 367 491 367 427
225 4 366 427 367 427 367 491 366 491
226 4 364 427 366 427 366 491 364 491
227 5 364 358 367 358 367 427 366 427 364 427
228 5 363 358 364 358 364 427 364 491 363 491
229 8 363 355 389 355 389 358 388 358 368 358 367 358 364 358 363 358
230 6 360 355 362 355 363 355 363 358 363 491 360 491
231 6 362 353 389 353 389 355 363 355 362 355 362 354
232 7 362 352 365 352 370 352 391 352 391 353 389 353 362 353
233 4 370 351 391 351 391 352 370 352
234 4 365 351 370 351 370 352 365 352
235 5 365 350 391 350 391 351 370 351 365 351
236 5 362 350 365 350 365 351 365 352 362 352
237 4 360 354 362 354 362 355 360 355
238 5 359 354 360 354 360 355 360 491 359 491
239 7 359 350 362 350 362 352 362 353 362 354 360 354 359 354
240 9 359 348 393 348 397 348 397 350 394 350 391 350 365 350 362 350 359 350
241 6 358 348 359 348 359 350 359 354 359 491 358 491
242 4 393 347 397 347 397 348 393 348
243 5 358 347 393 347 393 348 359 348 358 348
244 5 357 347 358 347 358 348 358 491 357 491
245 10 357 336 399 336 399 347 397 347 393 347 358 347 357 347 357 345 357 338 357 337
246 8 355 345 357 345 357 347 357 491 355 491 355 473 355 391 355 357
247 4 354 473 355 473 355 491 354 491
248 4 352 473 354 473 354 491 352 491
249 6 348 473 349 473 350 473 352 473 352 491 348 491
250 8 350 391 351 391 353 391 355 391 355 473 354 473 352 473 350 473
251 5 353 357 355 357 355 391 353 391 353 379
252 4 353 345 355 345 355 357 353 357
253 4 351 379 353 379 353 391 351 391
254 6 351 345 353 345 353 357 353 379 351 379 351 356
255 5 350 356 351 356 351 379 351 391 350 391
256 4 350 345 351 345 351 356 350 356
257 6 349 345 350 345 350 356 350 391 350 473 349 473
258 10 349 338 357 338 357 345 355 345 353 345 351 345 350 345 349 345 349 341 349 340
259 5 348 341 349 341 349 345 349 473 348 473
260 6 346 341 348 341 348 473 348 491 346 491 346 342
261 4 343 342 346 342 346 491 343 491
262 4 342 342 343 342 343 491 342 491
263 5 341 342 342 342 342 491 341 491 341 343
264 7 338 343 340 343 341 343 341 491 338 491 338 346 338 344
265 4 337 346 338 346 338 491 337 491
266 6 336 346 337 346 337 491 336 491 336 432 336 410
267 10 319 432 321 432 330 432 331 432 332 432 333 432 336 432 336 491 319 491 319 467
268 7 333 410 334 410 335 410 336 410 336 432 333 432 333 416
269 4 335 346 336 346 336 410 335 410
270 4 334 346 335 346 335 410 334 410
271 7 334 344 338 344 338 346 337 346 336 346 335 346 334 346
272 4 334 343 338 343 338 344 334 344
273 6 333 343 334 343 334 344 334 346 334 410 333 410
274 4 340 342 341 342 341 343 340 343
275 6 333 342 340 342 340 343 338 343 334 343 333 343
276 4 332 416 333 416 333 432 332 432
277 4 331 416 332 416 332 432 331 432
278 4 330 416 331 416 331 432 330 432
279 8 330 342 333 342 333 343 333 410 333 416 332 416 331 416 330 416
280 9 330 341 346 341 346 342 343 342 342 342 341 342 340 342 333 342 330 342
281 9 321 341 323 341 330 341 330 342 330 416 330 432 321 432 321 394 321 349
282 7 323 340 349 340 349 341 348 341 346 341 330 341 323 341
283 6 323 338 325 338 345 338 349 338 349 340 323 340
284 5 345 337 357 337 357 338 349 338 345 338
285 5 325 337 327 337 345 337 345 338 325 338
286 6 327 336 344 336 357 336 357 337 345 337 327 337
287 4 325 336 327 336 327 337 325 337
288 7 344 334 403 334 403 336 399 336 357 336 344 336 344 335
289 5 344 333 406 333 406 334 403 334 344 334
290 6 344 332 508 332 508 333 461 333 406 333 344 333
291 4 344 331 508 331 508 332 344 332
292 5 325 335 344 335 344 336 327 336 325 336
293 7 325 331 344 331 344 332 344 333 344 334 344 335 325 335
294 7 323 331 325 331 325 335 325 336 325 337 325 338 323 338
295 6 323 330 508 330 508 331 344 331 325 331 323 331
296 7 321 330 323 330 323 331 323 338 323 340 323 341 321 341
297 5 319 394 320 394 321 394 321 432 319 432
298 5 317 467 319 467 319 491 317 491 317 486
299 4 316 486 317 486 317 491 316 491
300 4 314 486 316 486 316 491 314 491
301 4 312 486 314 486 314 491 312 491
302 4 309 486 312 486 312 491 309 491
303 4 308 486 309 486 309 491 308 491
304 9 308 467 315 467 317 467 317 486 316 486 314 486 312 486 309 486 308 486
305 5 307 467 308 467 308 486 308 491 307 491
306 4 305 467 307 467 307 491 305 491
307 6 315 394 319 394 319 432 319 467 317 467 315 467
308 4 320 349 321 349 321 394 320 394
309 6 320 330 321 330 321 341 321 349 320 349 320 339
310 6 320 329 508 329 508 330 323 330 321 330 320 330
311 4 320 327 508 327 508 329 320 329
312 6 315 339 320 339 320 349 320 394 319 394 315 394
313 7 305 339 315 339 315 394 315 467 308 467 307 467 305 467
314 6 303 339 305 339 305 467 305 491 303 491 303 397
315 8 303 327 320 327 320 329 320 330 320 339 315 339 305 339 303 339
316 7 303 326 313 326 401 326 508 326 508 327 320 327 303 327
317 4 301 397 303 397 303 491 301 491
318 5 300 397 301 397 301 491 300 491 300 433
319 7 300 326 303 326 303 327 303 339 303 397 301 397 300 397
320 4 299 433 300 433 300 491 299 491
321 13 274 433 275 433 283 433 286 433 289 433 290 433 291 433 293 433 294 433 296 433 299 433 299 491 274 491
322 6 296 326 300 326 300 397 300 433 299 433 296 433
323 5 401 323 508 323 508 326 401 326 401 324
324 5 313 324 386 324 401 324 401 326 313 326
325 4 386 323 401 323 401 324 386 324
326 5 386 322 508 322 508 323 401 323 386 323
327 4 386 321 508 321 508 322 386 322
328 6 313 321 386 321 386 322 386 323 386 324 313 324
329 5 313 319 508 319 508 321 386 321 313 321
330 8 296 319 313 319 313 321 313 324 313 326 303 326 300 326 296 326
331 6 296 318 492 318 508 318 508 319 313 319 296 319
332 6 294 318 296 318 296 319 296 326 296 433 294 433
333 5 293 318 294 318 294 433 293 433 293 376
334 10 492 297 508 297 508 318 492 318 492 317 492 316 492 307 492 303 492 300 492 299
335 6 293 317 492 317 492 318 296 318 294 318 293 318
336 8 293 316 298 316 302 316 311 316 318 316 492 316 492 317 293 317
337 4 291 376 293 376 293 433 291 433
338 4 290 376 291 376 291 433 290 433
339 4 289 376 290 376 290 433 289 433
340 6 286 376 289 376 289 433 286 433 286 424 286 415
341 9 286 316 293 316 293 317 293 318 293 376 291 376 290 376 289 376 286 376
342 4 283 424 286 424 286 433 283 433
343 5 283 415 284 415 286 415 286 424 283 424
344 8 275 415 276 415 280 415 281 415 283 415 283 424 283 433 275 433
345 5 284 316 286 316 286 376 286 415 284 415
346 5 318 307 492 307 492 316 318 316 318 312
347 5 311 312 318 312 318 316 311 316 311 313
348 7 302 313 306 313 311 313 311 316 302 316 302 315 302 314
349 4 298 315 302 315 302 316 298 316
350 6 284 315 298 315 298 316 293 316 286 316 284 316
351 5 284 314 302 314 302 315 298 315 284 315
352 7 281 314 284 314 284 315 284 316 284 415 283 415 281 415
353 6 281 313 285 313 302 313 302 314 284 314 281 314
354 4 306 312 311 312 311 313 306 313
355 5 306 307 318 307 318 312 311 312 306 312
356 8 306 303 347 303 409 303 492 303 492 307 318 307 306 307 306 305
357 8 285 305 304 305 306 305 306 307 306 312 306 313 302 313 285 313
358 4 281 305 285 305 285 313 281 313
359 6 280 305 281 305 281 313 281 314 281 415 280 415
360 4 276 305 280 305 280 415 276 415
361 4 304 303 306 303 306 305 304 305
362 7 276 303 304 303 304 305 285 305 281 305 280 305 276 305
363 4 409 300 492 300 492 303 409 303
364 6 347 300 361 300 409 300 409 303 347 303 347 302
365 7 276 302 324 302 347 302 347 303 306 303 304 303 276 303
366 7 275 302 276 302 276 303 276 305 276 415 275 415 275 378
367 4 324 300 347 300 347 302 324 302
368 5 361 299 492 299 492 300 409 300 361 300
369 5 324 299 361 299 361 300 347 300 324 300
370 8 275 299 310 299 322 299 324 299 324 300 324 302 276 302 275 302
371 5 274 378 275 378 275 415 275 433 274 433
372 7 266 378 267 378 273 378 274 378 274 433 274 491 266 491
373 8 273 299 275 299 275 302 275 378 274 378 273 378 273 328 273 304
374 6 322 297 492 297 492 299 361 299 324 299 322 299
375 5 322 296 508 296 508 297 492 297 322 297
376 5 310 296 322 296 322 297 322 299 310 299
377 6 310 294 508 294 508 296 322 296 310 296 310 295
378 7 273 295 297 295 310 295 310 296 310 299 275 299 273 299
379 4 297 294 310 294 310 295 297 295
380 6 297 292 508 292 508 294 310 294 297 294 297 293
381 4 297 282 508 282 508 292 297 292
382 5 273 293 297 293 297 294 297 295 273 295
383 6 267 328 268 328 271 328 273 328 273 378 267 378
384 5 271 304 272 304 273 304 273 328 271 328
385 5 268 304 269 304 271 304 271 328 268 328
386 5 267 304 268 304 268 328 267 328 267 320
387 6 272 293 273 293 273 295 273 299 273 304 272 304
388 8 272 282 297 282 297 292 297 293 273 293 272 293 272 286 272 285
389 5 272 281 508 281 508 282 297 282 272 282
390 8 269 286 272 286 272 293 272 304 271 304 269 304 269 301 269 290
391 5 267 301 269 301 269 304 268 304 267 304
392 5 266 320 267 320 267 328 267 378 266 378
393 5 264 320 266 320 266 378 266 491 264 491
394 8 250 320 253 320 256 320 257 320 259 320 264 320 264 491 250 491
395 10 259 301 261 301 262 301 263 301 267 301 267 304 267 320 266 320 264 320 259 320
396 6 263 290 265 290 269 290 269 301 267 301 263 301
397 4 262 290 263 290 263 301 262 301
398 4 265 286 269 286 269 290 265 290
399 5 262 286 265 286 265 290 263 290 262 290
400 6 262 285 272 285 272 286 269 286 265 286 262 286
401 6 261 285 262 285 262 286 262 290 262 301 261 301
402 6 261 281 272 281 272 282 272 285 262 285 261 285
403 8 259 281 261 281 261 285 261 301 259 301 259 291 259 284 259 283
404 8 259 279 418 279 474 279 508 279 508 281 272 281 261 281 259 281
405 6 474 275 508 275 508 279 474 279 474 277 474 276
406 5 418 277 474 277 474 279 418 279 418 278
407 4 259 278 418 278 418 279 259 279
408 6 257 291 259 291 259 301 259 320 257 320 257 298
409 5 257 284 259 284 259 291 257 291 257 287
410 6 256 298 257 298 257 320 256 320 256 310 256 308
411 5 253 310 254 310 256 310 256 320 253 320
412 4 254 308 256 308 256 310 254 310
413 4 254 298 256 298 256 308 254 308
414 6 254 287 257 287 257 291 257 298 256 298 254 298
415 6 253 287 254 287 254 298 254 308 254 310 253 310
416 5 253 284 257 284 257 287 254 287 253 287
417 7 250 284 251 284 253 284 253 287 253 310 253 320 250 320
418 9 236 284 243 284 246 284 249 284 250 284 250 320 250 491 236 491 236 309
419 6 251 283 259 283 259 284 257 284 253 284 251 284
420 7 251 278 255 278 259 278 259 279 259 281 259 283 251 283
421 7 249 278 251 278 251 283 251 284 250 284 249 284 249 280
422 5 255 277 418 277 418 278 259 278 255 278
423 5 249 277 255 277 255 278 251 278 249 278
424 7 249 276 392 276 474 276 474 277 418 277 255 277 249 277
425 5 246 280 248 280 249 280 249 284 246 284
426 4 243 280 246 280 246 284 243 284
427 6 248 276 249 276 249 277 249 278 249 280 248 280
428 4 392 275 474 275 474 276 392 276
429 5 392 272 508 272 508 275 474 275 392 275
430 8 248 272 392 272 392 275 392 276 249 276 248 276 248 274 248 273
431 7 248 269 282 269 508 269 508 272 392 272 248 272 248 271
432 6 243 274 248 274 248 276 248 280 246 280 243 280
433 5 243 273 244 273 248 273 248 274 243 274
434 6 236 273 243 273 243 274 243 280 243 284 236 284
435 6 221 309 224 309 225 309 236 309 236 491 221 491
436 5 225 273 236 273 236 284 236 309 225 309
437 5 244 271 248 271 248 272 248 273 244 273
438 5 244 269 248 269 248 271 244 271 244 270
439 10 225 270 227 270 234 270 239 270 244 270 244 271 244 273 243 273 236 273 225 273
440 4 239 269 244 269 244 270 239 270
441 4 282 268 508 268 508 269 282 269
442 5 282 267 412 267 508 267 508 268 282 268
443 9 239 267 242 267 245 267 282 267 282 268 282 269 248 269 244 269 239 269
444 4 412 266 508 266 508 267 412 267
445 5 412 265 421 265 508 265 508 266 412 266
446 4 421 264 508 264 508 265 421 265
447 4 421 262 508 262 508 264 421 264
448 4 421 261 508 261 508 262 421 262
449 6 412 261 421 261 421 262 421 264 421 265 412 265
450 8 245 261 252 261 412 261 412 265 412 266 412 267 282 267 245 267
451 7 252 260 292 260 508 260 508 261 421 261 412 261 252 261
452 5 292 257 508 257 508 260 292 260 292 259
453 5 252 259 279 259 292 259 292 260 252 260
454 5 245 259 252 259 252 260 252 261 245 261
455 5 279 257 292 257 292 259 279 259 279 258
456 5 279 256 508 256 508 257 292 257 279 257
457 4 279 255 508 255 508 256 279 256
458 5 245 258 279 258 279 259 252 259 245 259
459 6 242 258 245 258 245 259 245 261 245 267 242 267
460 7 242 255 279 255 279 256 279 257 279 258 245 258 242 258
461 6 242 253 385 253 508 253 508 255 279 255 242 255
462 6 239 253 242 253 242 255 242 258 242 267 239 267
463 5 385 252 441 252 508 252 508 253 385 253
464 7 441 246 508 246 508 252 441 252 441 251 441 250 441 249
465 4 385 251 441 251 441 252 385 252
466 7 239 251 241 251 385 251 385 252 385 253 242 253 239 253
467 9 234 251 237 251 238 251 239 251 239 253 239 267 239 269 239 270 234 270
468 5 227 251 228 251 234 251 234 270 227 270
469 5 241 250 441 250 441 251 385 251 241 251
470 4 241 249 441 249 441 250 241 250
471 6 241 246 270 246 329 246 441 246 441 249 241 249
472 6 329 191 508 191 508 246 441 246 329 246 329 245
473 5 270 245 287 245 329 245 329 246 270 246
474 4 241 245 270 245 270 246 241 246
475 12 287 191 329 191 329 245 287 245 287 212 287 208 287 203 287 201 287 198 287 197 287 195 287 193
476 12 241 212 287 212 287 245 270 245 241 245 241 244 241 242 241 235 241 230 241 225 241 219 241 217
477 9 238 244 241 244 241 245 241 246 241 249 241 250 241 251 239 251 238 251
478 4 237 244 238 244 238 251 237 251
479 7 228 244 230 244 237 244 237 251 234 251 228 251 228 248
480 8 230 242 233 242 235 242 241 242 241 244 238 244 237 244 230 244
481 4 235 235 241 235 241 242 235 242
482 6 233 235 235 235 235 242 233 242 233 241 233 237
483 6 230 241 231 241 232 241 233 241 233 242 230 242
484 5 228 241 230 241 230 242 230 244 228 244
485 4 232 237 233 237 233 241 232 241
486 4 231 237 232 237 232 241 231 241
487 6 228 237 231 237 231 241 230 241 228 241 228 240
488 4 227 248 228 248 228 251 227 251
489 6 227 240 228 240 228 241 228 244 228 248 227 248
490 5 227 237 228 237 228 240 227 240 227 238
491 8 225 238 227 238 227 240 227 248 227 251 227 270 225 270 225 263
492 6 224 263 225 263 225 270 225 273 225 309 224 309
493 4 224 238 225 238 225 263 224 263
494 7 221 238 222 238 224 238 224 263 224 309 221 309 221 289
495 6 220 289 221 289 221 309 221 491 220 491 220 311
496 5 218 311 219 311 220 311 220 491 218 491
497 5 217 311 218 311 218 491 217 491 217 362
498 4 219 289 220 289 220 311 219 311
499 6 219 238 221 238 221 289 220 289 219 289 219 254
500 6 217 254 219 254 219 289 219 311 218 311 217 311
501 4 215 362 217 362 217 491 215 491
502 6 215 254 216 254 217 254 217 311 217 362 215 362
503 6 212 254 215 254 215 362 215 491 212 491 212 396
504 6 216 238 219 238 219 254 217 254 216 254 216 239
505 6 212 239 214 239 216 239 216 254 215 254 212 254
506 6 209 396 210 396 212 396 212 491 209 491 209 461
507 4 207 461 209 461 209 491 207 491
508 4 207 396 209 396 209 461 207 461
509 5 210 239 212 239 212 254 212 396 210 396
510 5 207 239 210 239 210 396 209 396 207 396
511 9 201 239 203 239 205 239 206 239 207 239 207 396 207 461 207 491 201 491
512 4 214 238 216 238 216 239 214 239
513 7 222 237 223 237 227 237 227 238 225 238 224 238 222 238
514 11 223 235 226 235 229 235 233 235 233 237 232 237 231 237 228 237 227 237 223 237 223 236
515 4 222 236 223 236 223 237 222 237
516 8 214 236 222 236 222 237 222 238 221 238 219 238 216 238 214 238
517 8 206 236 214 236 214 238 214 239 212 239 210 239 207 239 206 239
518 4 205 236 206 236 206 239 205 239
519 7 205 235 223 235 223 236 222 236 214 236 206 236 205 236
520 8 229 230 241 230 241 235 235 235 233 235 229 235 229 232 229 231
521 6 226 232 229 232 229 235 226 235 226 234 226 233
522 5 205 234 226 234 226 235 223 235 205 235
523 6 203 234 205 234 205 235 205 236 205 239 203 239
524 4 201 234 203 234 203 239 201 239
525 6 189 234 198 234 201 234 201 239 201 491 189 491
526 9 198 233 199 233 200 233 226 233 226 234 205 234 203 234 201 234 198 234
527 5 200 232 211 232 226 232 226 233 200 233
528 5 211 231 229 231 229 232 226 232 211 232
529 4 200 231 211 231 211 232 200 232
530 5 199 231 200 231 200 232 200 233 199 233
531 4 198 231 199 231 199 233 198 233
532 8 198 230 208 230 229 230 229 231 211 231 200 231 199 231 198 231
533 7 189 230 197 230 198 230 198 231 198 233 198 234 189 234
534 6 208 225 213 225 241 225 241 230 229 230 208 230
535 4 213 219 241 219 241 225 213 225
536 5 208 219 213 219 213 225 208 225 208 220
537 11 197 220 208 220 208 225 208 230 198 230 197 230 197 229 197 228 197 227 197 224 197 222
538 4 189 229 197 229 197 230 189 230
539 9 175 229 176 229 177 229 178 229 189 229 189 230 189 234 189 491 175 491
540 11 178 228 179 228 181 228 182 228 184 228 185 228 193 228 197 228 197 229 189 229 178 229
541 4 193 227 197 227 197 228 193 228
542 4 193 224 197 224 197 227 193 227
543 5 193 222 196 222 197 222 197 224 193 224
544 7 185 222 191 222 193 222 193 224 193 227 193 228 185 228
545 5 196 220 197 220 197 222 196 222 196 221
546 5 196 219 208 219 208 220 197 220 196 220
547 6 196 217 241 217 241 219 213 219 208 219 196 219
548 4 196 212 241 212 241 217 196 217
549 7 191 221 194 221 195 221 196 221 196 222 193 222 191 222
550 7 195 212 196 212 196 217 196 219 196 220 196 221 195 221
551 6 195 208 287 208 287 212 241 212 196 212 195 212
552 4 195 203 287 203 287 208 195 208
553 9 194 203 195 203 195 208 195 212 195 221 194 221 194 218 194 211 194 207
554 4 191 218 194 218 194 221 191 221
555 5 191 211 194 211 194 218 191 218 191 215
556 4 191 207 194 207 194 211 191 211
557 8 185 215 187 215 188 215 191 215 191 218 191 221 191 222 185 222
558 5 188 207 191 207 191 211 191 215 188 215
559 5 188 203 194 203 194 207 191 207 188 207
560 6 188 201 287 201 287 203 195 203 194 203 188 203
561 8 187 201 188 201 188 203 188 207 188 215 187 215 187 206 187 205
562 5 185 206 186 206 187 206 187 215 185 215
563 4 186 205 187 205 187 206 186 206
564 4 185 205 186 205 186 206 185 206
565 8 184 205 185 205 185 206 185 215 185 222 185 228 184 228 184 226
566 6 184 201 187 201 187 205 186 205 185 205 184 205
567 8 184 198 287 198 287 201 188 201 187 201 184 201 184 200 184 199
568 5 182 226 183 226 184 226 184 228 182 228
569 7 183 200 184 200 184 201 184 205 184 226 183 226 183 204
570 5 182 204 183 204 183 226 182 226 182 216
571 5 181 216 182 216 182 226 182 228 181 228
572 4 181 204 182 204 182 216 181 216
573 5 181 200 183 200 183 204 182 204 181 204
574 8 179 200 181 200 181 204 181 216 181 228 179 228 179 223 179 214
575 4 178 223 179 223 179 228 178 228
576 4 178 214 179 214 179 223 178 223
577 6 177 214 178 214 178 223 178 228 178 229 177 229
578 4 176 214 177 214 177 229 176 229
579 6 176 200 179 200 179 214 178 214 177 214 176 214
580 7 176 199 184 199 184 200 183 200 181 200 179 200 176 200
581 9 175 199 176 199 176 200 176 214 176 229 175 229 175 213 175 210 175 209
582 5 175 198 184 198 184 199 176 199 175 199
583 6 173 213 175 213 175 229 175 491 173 491 173 243
584 7 172 243 173 243 173 491 172 491 172 404 172 382 172 247
585 4 171 404 172 404 172 491 171 491
586 5 170 404 171 404 171 491 170 491 170 463
587 4 169 463 170 463 170 491 169 491
588 5 168 463 169 463 169 491 168 491 168 470
589 4 167 470 168 470 168 491 167 491
590 4 167 463 168 463 168 470 167 470
591 5 164 463 167 463 167 470 167 491 164 491
592 4 163 463 164 463 164 491 163 491
593 4 162 463 163 463 163 491 162 491
594 9 162 404 170 404 170 463 169 463 168 463 167 463 164 463 163 463 162 463
595 6 162 382 172 382 172 404 171 404 170 404 162 404
596 11 132 382 138 382 140 382 144 382 156 382 159 382 162 382 162 404 162 463 162 491 132 491
597 6 159 247 160 247 172 247 172 382 162 382 159 382
598 5 160 243 161 243 172 243 172 247 160 247
599 5 161 213 173 213 173 243 172 243 161 243
600 5 161 210 175 210 175 213 173 213 161 213
601 5 160 210 161 210 161 213 161 243 160 243
602 5 159 210 160 210 160 243 160 247 159 247
603 5 156 210 159 210 159 247 159 382 156 382
604 6 144 210 149 210 150 210 156 210 156 382 144 382
605 9 150 209 152 209 175 209 175 210 161 210 160 210 159 210 156 210 150 210
606 5 152 198 175 198 175 199 175 209 152 209
607 6 152 197 287 197 287 198 184 198 175 198 152 198
608 6 152 195 158 195 190 195 287 195 287 197 152 197
609 4 190 193 287 193 287 195 190 195
610 4 190 191 287 191 287 193 190 193
611 9 190 187 356 187 508 187 508 191 329 191 287 191 190 191 190 190 190 188
612 7 158 190 190 190 190 191 190 193 190 195 158 195 158 194
613 5 152 194 153 194 158 194 158 195 152 195
614 9 150 194 151 194 152 194 152 195 152 197 152 198 152 209 150 209 150 202
615 4 153 190 158 190 158 194 153 194
616 6 153 188 154 188 190 188 190 190 158 190 153 190
617 4 154 187 190 187 190 188 154 188
618 4 356 186 508 186 508 187 356 187
619 5 154 186 356 186 356 187 190 187 154 187
620 6 154 185 157 185 508 185 508 186 356 186 154 186
621 8 157 180 260 180 326 180 508 180 508 185 157 185 157 182 157 181
622 5 154 182 157 182 157 185 154 185 154 183
623 7 153 183 154 183 154 185 154 186 154 187 154 188 153 188
624 9 151 183 153 183 153 188 153 190 153 194 152 194 151 194 151 192 151 189
625 4 150 192 151 192 151 194 150 194
626 5 149 202 150 202 150 209 150 210 149 210
627 5 149 192 150 192 150 194 150 202 149 202
628 5 144 192 149 192 149 202 149 210 144 210
629 7 140 192 141 192 142 192 144 192 144 210 144 382 140 382
630 9 142 189 143 189 145 189 151 189 151 192 150 192 149 192 144 192 142 192
631 4 145 183 151 183 151 189 145 189
632 8 145 182 146 182 148 182 154 182 154 183 153 183 151 183 145 183
633 5 143 182 145 182 145 183 145 189 143 189
634 4 142 182 143 182 143 189 142 189
635 5 148 181 157 181 157 182 154 182 148 182
636 5 148 180 155 180 157 180 157 181 148 181
637 5 146 180 148 180 148 181 148 182 146 182
638 5 326 179 447 179 508 179 508 180 326 180
639 5 447 178 495 178 508 178 508 179 447 179
640 4 326 178 447 178 447 179 326 179
641 4 495 176 508 176 508 178 495 178
642 6 495 160 508 160 508 176 495 176 495 173 495 161
643 8 326 173 495 173 495 176 495 178 447 178 326 178 326 175 326 174
644 6 260 175 326 175 326 178 326 179 326 180 260 180
645 4 260 174 326 174 326 175 260 175
646 6 155 174 260 174 260 175 260 180 157 180 155 180
647 6 155 173 165 173 326 173 326 174 260 174 155 174
648 9 165 161 495 161 495 173 326 173 165 173 165 172 165 171 165 163 165 162
649 4 155 172 165 172 165 173 155 173
650 7 146 172 155 172 155 173 155 174 155 180 148 180 146 180
651 5 146 171 165 171 165 172 155 172 146 172
652 9 142 171 146 171 146 172 146 180 146 182 145 182 143 182 142 182 142 177
653 8 142 163 165 163 165 171 146 171 142 171 142 170 142 169 142 164
654 6 141 177 142 177 142 182 142 189 142 192 141 192
655 4 140 177 141 177 141 192 140 192
656 5 138 177 140 177 140 192 140 382 138 382
657 7 138 170 142 170 142 171 142 177 141 177 140 177 138 177
658 8 132 170 133 170 135 170 137 170 138 170 138 177 138 382 132 382
659 5 130 170 132 170 132 382 132 491 130 491
660 6 125 170 126 170 127 170 130 170 130 491 125 491
661 5 137 169 142 169 142 170 138 170 137 170
662 4 135 169 137 169 137 170 135 170
663 6 135 164 142 164 142 169 137 169 135 169 135 166
664 6 133 166 135 166 135 169 135 170 133 170 133 167
665 5 133 164 135 164 135 166 133 166 133 165
666 6 133 163 136 163 142 163 142 164 135 164 133 164
667 7 127 167 133 167 133 170 132 170 130 170 127 170 127 168
668 4 126 168 127 168 127 170 126 170
669 4 126 167 127 167 127 168 126 168
670 5 125 167 126 167 126 168 126 170 125 170
671 6 124 167 125 167 125 170 125 491 124 491 124 371
672 10 124 165 128 165 129 165 133 165 133 166 133 167 127 167 126 167 125 167 124 167
673 5 129 163 133 163 133 164 133 165 129 165
674 6 136 162 139 162 165 162 165 163 142 163 136 163
675 4 139 161 165 161 165 162 139 162
676 6 139 160 278 160 495 160 495 161 165 161 139 161
677 5 136 160 139 160 139 161 139 162 136 162
678 7 278 157 508 157 508 160 495 160 278 160 278 159 278 158
679 5 278 156 413 156 508 156 508 157 278 157
680 5 136 159 278 159 278 160 139 160 136 160
681 7 129 159 136 159 136 160 136 162 136 163 133 163 129 163
682 5 128 159 129 159 129 163 129 165 128 165
683 6 128 158 278 158 278 159 136 159 129 159 128 159
684 5 128 156 278 156 278 157 278 158 128 158
685 8 413 151 508 151 508 156 413 156 413 155 413 154 413 153 413 152
686 5 128 155 413 155 413 156 278 156 128 156
687 7 124 155 128 155 128 156 128 158 128 159 128 165 124 165
688 7 109 371 120 371 121 371 123 371 124 371 124 491 109 491
689 4 108 371 109 371 109 491 108 491
690 6 123 155 124 155 124 165 124 167 124 371 123 371
691 6 123 154 413 154 413 155 128 155 124 155 123 155
692 5 121 154 123 154 123 155 123 371 121 371
693 4 120 154 121 154 121 371 120 371
694 6 120 153 413 153 413 154 123 154 121 154 120 154
695 8 120 152 131 152 166 152 247 152 288 152 413 152 413 153 120 153
696 9 108 152 118 152 119 152 120 152 120 153 120 154 120 371 109 371 108 371
697 5 288 151 339 151 413 151 413 152 288 152
698 5 339 150 508 150 508 151 413 151 339 151
699 4 288 150 339 150 339 151 288 151
700 5 288 149 508 149 508 150 339 150 288 150
701 6 247 149 288 149 288 150 288 151 288 152 247 152
702 5 247 148 508 148 508 149 288 149 247 149
703 5 166 148 247 148 247 149 247 152 166 152
704 4 131 148 166 148 166 152 131 152
705 13 131 133 174 133 508 133 508 148 247 148 166 148 131 148 131 145 131 144 131 140 131 138 131 136 131 134
706 6 119 145 131 145 131 148 131 152 120 152 119 152
707 5 118 145 119 145 119 152 118 152 118 147
708 6 108 147 115 147 117 147 118 147 118 152 108 152
709 9 102 147 103 147 107 147 108 147 108 152 108 371 108 491 102 491 102 325
710 4 117 145 118 145 118 147 117 147
711 6 117 144 131 144 131 145 119 145 118 145 117 145
712 5 117 140 131 140 131 144 117 144 117 141
713 7 115 141 117 141 117 144 117 145 117 147 115 147 115 143
714 6 107 143 115 143 115 147 108 147 107 147 107 146
715 4 107 141 115 141 115 143 107 143
716 6 103 146 104 146 105 146 107 146 107 147 103 147
717 5 105 141 107 141 107 143 107 146 105 146
718 6 105 140 117 140 117 141 115 141 107 141 105 141
719 7 105 138 116 138 131 138 131 140 117 140 105 140 105 139
720 6 104 139 105 139 105 140 105 141 105 146 104 146
721 4 104 138 105 138 105 139 104 139
722 5 103 138 104 138 104 139 104 146 103 146
723 5 116 136 131 136 131 138 116 138 116 137
724 5 116 134 131 134 131 136 116 136 116 135
725 6 103 137 116 137 116 138 105 138 104 138 103 138
726 6 102 137 103 137 103 138 103 146 103 147 102 147
727 5 98 325 101 325 102 325 102 491 98 491
728 6 101 137 102 137 102 147 102 325 101 325 101 196
729 6 98 196 99 196 100 196 101 196 101 325 98 325
730 5 100 137 101 137 101 196 100 196 100 184
731 8 100 135 116 135 116 136 116 137 103 137 102 137 101 137 100 137
732 4 100 134 116 134 116 135 100 135
733 5 100 133 131 133 131 134 116 134 100 134
734 4 99 184 100 184 100 196 99 196
735 7 99 133 100 133 100 134 100 135 100 137 100 184 99 184
736 5 174 131 508 131 508 133 174 133 174 132
737 7 174 129 204 129 240 129 508 129 508 131 174 131 174 130
738 6 99 132 174 132 174 133 131 133 100 133 99 133
739 5 99 130 174 130 174 131 174 132 99 132
740 7 98 130 99 130 99 132 99 133 99 184 99 196 98 196
741 8 96 130 97 130 98 130 98 196 98 325 98 491 96 491 96 403
742 8 97 129 113 129 114 129 174 129 174 130 99 130 98 130 97 130
743 4 240 128 508 128 508 129 240 129
744 4 240 127 508 127 508 128 240 128
745 5 204 127 240 127 240 128 240 129 204 129
746 6 204 125 258 125 508 125 508 127 240 127 204 127
747 4 258 124 508 124 508 125 258 125
748 4 258 123 508 123 508 124 258 124
749 4 258 120 508 120 508 123 258 123
750 7 258 109 508 109 508 120 258 120 258 114 258 111 258 110
751 10 204 114 258 114 258 120 258 123 258 124 258 125 204 125 204 122 204 121 204 117
752 7 114 122 204 122 204 125 204 127 204 129 174 129 114 129
753 5 113 122 114 122 114 129 113 129 113 126
754 6 113 121 202 121 204 121 204 122 114 122 113 122
755 4 97 126 113 126 113 129 97 129
756 5 96 126 97 126 97 129 97 130 96 130
757 6 85 403 91 403 95 403 96 403 96 491 85 491
758 5 95 126 96 126 96 130 96 403 95 403
759 4 91 126 95 126 95 403 91 403
760 8 91 121 113 121 113 122 113 126 97 126 96 126 95 126 91 126
761 5 85 121 91 121 91 126 91 403 85 403
762 5 83 121 85 121 85 403 85 491 83 491
763 6 202 117 204 117 204 121 202 121 202 119 202 118
764 7 83 119 202 119 202 121 113 121 91 121 85 121 83 121
765 6 76 119 78 119 83 119 83 121 83 491 76 491
766 9 78 118 82 118 87 118 90 118 122 118 202 118 202 119 83 119 78 119
767 4 122 117 202 117 202 118 122 118
768 4 90 117 122 117 122 118 90 118
769 7 90 114 204 114 204 117 202 117 122 117 90 117 90 115
770 5 90 111 258 111 258 114 204 114 90 114
771 7 87 115 88 115 90 115 90 117 90 118 87 118 87 116
772 4 82 116 87 116 87 118 82 118
773 5 82 115 86 115 87 115 87 116 82 116
774 7 78 115 79 115 81 115 82 115 82 116 82 118 78 118
775 5 88 111 90 111 90 114 90 115 88 115
776 5 88 110 258 110 258 111 90 111 88 111
777 6 86 110 88 110 88 111 88 115 87 115 86 115
778 8 86 109 92 109 147 109 180 109 258 109 258 110 88 110 86 110
779 5 180 108 508 108 508 109 258 109 180 109
780 4 180 107 508 107 508 108 180 108
781 5 180 106 466 106 508 106 508 107 180 107
782 6 147 106 180 106 180 107 180 108 180 109 147 109
783 5 92 106 93 106 147 106 147 109 92 109
784 4 466 105 508 105 508 106 466 106
785 7 93 105 192 105 466 105 466 106 180 106 147 106 93 106
786 5 192 103 508 103 508 105 466 105 192 105
787 4 93 103 192 103 192 105 93 105
788 7 93 102 134 102 372 102 508 102 508 103 192 103 93 103
789 4 372 100 508 100 508 102 372 102
790 4 372 99 508 99 508 100 372 100
791 8 372 85 376 85 508 85 508 99 372 99 372 89 372 88 372 87
792 8 134 89 328 89 372 89 372 99 372 100 372 102 134 102 134 90
793 4 93 90 134 90 134 102 93 102
794 10 92 90 93 90 93 102 93 103 93 105 93 106 92 106 92 104 92 93 92 92
795 5 86 104 92 104 92 106 92 109 86 109
796 5 86 93 92 93 92 104 86 104 86 95
797 9 81 95 86 95 86 104 86 109 86 110 86 115 82 115 81 115 81 113
798 4 79 113 81 113 81 115 79 115
799 7 79 95 80 95 81 95 81 113 79 113 79 112 79 96
800 5 78 112 79 112 79 113 79 115 78 115
801 7 76 112 77 112 78 112 78 115 78 118 78 119 76 119
802 5 74 112 76 112 76 119 76 491 74 491
803 5 67 112 73 112 74 112 74 491 67 491
804 4 66 112 67 112 67 491 66 491
805 5 77 96 79 96 79 112 78 112 77 112
806 6 73 96 77 96 77 112 76 112 74 112 73 112
807 6 66 96 69 96 73 96 73 112 67 112 66 112
808 6 65 96 66 96 66 112 66 491 65 491 65 97
809 4 63 97 65 97 65 491 63 491
810 4 62 97 63 97 63 491 62 491
811 6 59 97 60 97 62 97 62 491 59 491 59 98
812 4 56 98 59 98 59 491 56 491
813 7 53 98 54 98 55 98 56 98 56 491 53 491 53 306
814 7 55 97 57 97 58 97 59 97 59 98 56 98 55 98
815 4 54 97 55 97 55 98 54 98
816 6 60 96 65 96 65 97 63 97 62 97 60 97
817 6 69 95 79 95 79 96 77 96 73 96 69 96
818 6 80 93 86 93 86 95 81 95 80 95 80 94
819 7 69 94 71 94 75 94 80 94 80 95 79 95 69 95
820 8 60 94 68 94 69 94 69 95 69 96 66 96 65 96 60 96
821 4 75 93 80 93 80 94 75 94
822 5 71 93 72 93 75 93 75 94 71 94
823 7 72 92 92 92 92 93 86 93 80 93 75 93 72 93
824 4 72 90 92 90 92 92 72 92
825 6 72 89 134 89 134 90 93 90 92 90 72 90
826 6 71 89 72 89 72 90 72 92 72 93 71 93
827 4 328 88 372 88 372 89 328 89
828 4 328 87 372 87 372 88 328 88
829 5 328 85 372 85 372 87 328 87 328 86
830 5 376 82 508 82 508 85 376 85 376 83
831 6 328 83 376 83 376 85 372 85 328 85 328 84
832 8 71 86 328 86 328 87 328 88 328 89 134 89 72 89 71 89
833 7 68 86 71 86 71 89 71 93 71 94 69 94 68 94
834 6 68 84 328 84 328 85 328 86 71 86 68 86
835 5 60 84 68 84 68 86 68 94 60 94
836 7 58 84 60 84 60 94 60 96 60 97 59 97 58 97
837 4 57 84 58 84 58 97 57 97
838 7 57 83 328 83 328 84 68 84 60 84 58 84 57 84
839 6 54 83 57 83 57 84 57 97 55 97 54 97
840 7 54 82 112 82 376 82 376 83 328 83 57 83 54 83
841 7 112 80 462 80 508 80 508 82 376 82 112 82 112 81
842 4 462 79 508 79 508 80 462 80
843 6 462 76 482 76 508 76 508 79 462 79 462 77
844 6 112 77 462 77 462 79 462 80 112 80 112 78
845 4 54 81 112 81 112 82 54 82
846 7 53 81 54 81 54 82 54 83 54 97 54 98 53 98
847 4 52 306 53 306 53 491 52 491
848 5 32 306 33 306 52 306 52 491 32 491
849 10 33 81 35 81 37 81 38 81 53 81 53 98 53 306 52 306 33 306 33 142
850 7 38 78 112 78 112 80 112 81 54 81 53 81 38 81
851 6 38 77 39 77 41 77 112 77 112 78 38 78
852 5 41 76 462 76 462 77 112 77 41 77
853 5 482 74 508 74 508 76 482 76 482 75
854 6 41 75 43 75 482 75 482 76 462 76 41 76
855 5 43 74 64 74 482 74 482 75 43 75
856 6 64 72 106 72 508 72 508 74 482 74 64 74
857 10 106 48 508 48 508 72 106 72 106 69 106 62 106 57 106 55 106 54 106 52
858 6 64 69 70 69 94 69 106 69 106 72 64 72
859 5 94 62 106 62 106 69 94 69 94 66
860 6 70 66 94 66 94 69 70 69 70 68 70 67
861 4 64 68 70 68 70 69 64 69
862 4 64 67 70 67 70 68 64 68
863 4 64 66 70 66 70 67 64 67
864 9 43 66 61 66 64 66 64 67 64 68 64 69 64 72 64 74 43 74
865 8 61 62 94 62 94 66 70 66 64 66 61 66 61 64 61 63
866 4 43 64 61 64 61 66 43 66
867 8 43 63 44 63 45 63 46 63 47 63 61 63 61 64 43 64
868 4 47 62 61 62 61 63 47 63
869 7 47 57 106 57 106 62 94 62 61 62 47 62 47 59
870 5 46 59 47 59 47 62 47 63 46 63
871 4 46 57 47 57 47 59 46 59
872 6 46 55 48 55 106 55 106 57 47 57 46 57
873 5 48 54 50 54 106 54 106 55 48 55
874 5 50 52 106 52 106 54 50 54 50 53
875 5 48 53 49 53 50 53 50 54 48 54
876 5 46 53 48 53 48 54 48 55 46 55
877 4 49 52 50 52 50 53 49 53
878 6 49 48 106 48 106 52 50 52 49 52 49 50
879 8 49 47 110 47 111 47 277 47 508 47 508 48 106 48 49 48
880 4 277 46 508 46 508 47 277 47
881 4 111 46 277 46 277 47 111 47
882 4 110 46 111 46 111 47 110 47
883 6 110 45 508 45 508 46 277 46 111 46 110 46
884 5 49 45 110 45 110 46 110 47 49 47
885 6 49 42 411 42 508 42 508 45 110 45 49 45
886 6 46 50 49 50 49 52 49 53 48 53 46 53
887 8 45 50 46 50 46 53 46 55 46 57 46 59 46 63 45 63
888 8 45 42 49 42 49 45 49 47 49 48 49 50 46 50 45 50
889 4 411 40 508 40 508 42 411 42
890 6 411 37 508 37 508 40 411 40 411 39 411 38
891 6 45 39 411 39 411 40 411 42 49 42 45 42
892 9 44 39 45 39 45 42 45 50 45 63 44 63 44 60 44 58 44 56
893 5 44 38 411 38 411 39 45 39 44 39
894 4 44 37 411 37 411 38 44 38
895 5 44 36 508 36 508 37 411 37 44 37
896 6 44 34 295 34 508 34 508 36 44 36 44 35
897 4 43 60 44 60 44 63 43 63
898 10 41 60 43 60 43 63 43 64 43 66 43 74 43 75 41 75 41 73 41 70
899 5 41 58 44 58 44 60 43 60 41 60
900 7 39 73 40 73 41 73 41 75 41 76 41 77 39 77
901 4 40 70 41 70 41 73 40 73
902 4 39 70 40 70 40 73 39 73
903 5 38 70 39 70 39 73 39 77 38 77
904 7 38 58 41 58 41 60 41 70 40 70 39 70 38 70
905 8 37 58 38 58 38 70 38 77 38 78 38 81 37 81 37 65
906 6 37 56 44 56 44 58 41 58 38 58 37 58
907 5 35 65 36 65 37 65 37 81 35 81
908 4 33 65 35 65 35 81 33 81
909 4 32 142 33 142 33 306 32 306
910 5 32 65 33 65 33 81 33 142 32 142
911 6 31 65 32 65 32 142 32 306 32 491 31 491
912 5 36 56 37 56 37 58 37 65 36 65
913 7 31 56 36 56 36 65 35 65 33 65 32 65 31 65
914 11 31 35 44 35 44 36 44 37 44 38 44 39 44 56 37 56 36 56 31 56 31 44
915 9 29 44 30 44 31 44 31 56 31 65 31 491 29 491 29 288 29 51
916 4 28 288 29 288 29 491 28 491
917 4 27 288 28 288 28 491 27 491
918 6 27 51 29 51 29 288 28 288 27 288 27 71
919 8 26 71 27 71 27 288 27 491 26 491 26 450 26 101 26 91
920 4 23 450 26 450 26 491 23 491
921 5 23 101 24 101 26 101 26 450 23 450
922 5 22 101 23 101 23 450 23 491 22 491
923 4 24 91 26 91 26 101 24 101
924 4 24 71 26 71 26 91 24 91
925 6 22 71 24 71 24 91 24 101 23 101 22 101
926 5 21 71 22 71 22 101 22 491 21 491
927 7 16 71 17 71 18 71 19 71 21 71 21 491 16 491
928 8 19 51 27 51 27 71 26 71 24 71 22 71 21 71 19 71
929 6 19 44 20 44 29 44 29 51 27 51 19 51
930 6 18 44 19 44 19 51 19 71 18 71 18 49
931 5 30 35 31 35 31 44 30 44 30 41
932 5 30 34 44 34 44 35 31 35 30 35
933 4 295 33 508 33 508 34 295 34
934 5 30 33 295 33 295 34 44 34 30 34
935 5 20 41 30 41 30 44 29 44 20 44
936 6 20 33 30 33 30 34 30 35 30 41 20 41
937 7 20 32 89 32 508 32 508 33 295 33 30 33 20 33
938 5 89 29 508 29 508 32 89 32 89 30
939 5 20 30 89 30 89 32 20 32 20 31
940 8 18 31 20 31 20 32 20 33 20 41 20 44 19 44 18 44
941 4 18 30 20 30 20 31 18 31
942 5 17 49 18 49 18 71 17 71 17 61
943 4 16 61 17 61 17 71 16 71
944 5 15 61 16 61 16 71 16 491 15 491
945 5 12 61 13 61 15 61 15 491 12 491
946 7 13 49 14 49 17 49 17 61 16 61 15 61 13 61
947 7 14 30 18 30 18 31 18 44 18 49 17 49 14 49
948 6 14 29 89 29 89 30 20 30 18 30 14 30
949 7 14 26 508 26 508 29 89 29 14 29 14 28 14 27
950 4 14 25 508 25 508 26 14 26
951 7 13 28 14 28 14 29 14 30 14 49 13 49 13 43
952 5 12 43 13 43 13 49 13 61 12 61
953 5 11 43 12 43 12 61 12 491 11 491
954 4 8 43 11 43 11 491 8 491
955 4 0 43 8 43 8 491 0 491
956 7 0 28 13 28 13 43 12 43 11 43 8 43 0 43
957 5 0 27 14 27 14 28 13 28 0 28
958 9 0 25 1 25 2 25 3 25 5 25 14 25 14 26 14 27 0 27
959 5 5 24 508 24 508 25 14 25 5 25
960 6 5 23 7 23 369 23 508 23 508 24 5 24
961 4 369 22 508 22 508 23 369 23
962 4 369 21 508 21 508 22 369 22
963 8 7 21 10 21 25 21 34 21 369 21 369 22 369 23 7 23
964 5 34 19 508 19 508 21 369 21 34 21
965 4 34 18 508 18 508 19 34 19
966 5 34 17 42 17 508 17 508 18 34 18
967 4 42 16 508 16 508 17 42 17
968 5 42 15 51 15 508 15 508 16 42 16
969 6 51 14 84 14 456 14 508 14 508 15 51 15
970 5 456 12 508 12 508 14 456 14 456 13
971 5 84 13 438 13 456 13 456 14 84 14
972 4 51 13 84 13 84 14 51 14
973 5 42 13 51 13 51 14 51 15 42 15
974 4 438 12 456 12 456 13 438 13
975 5 438 10 508 10 508 12 456 12 438 12
976 4 438 8 508 8 508 10 438 10
977 4 438 7 508 7 508 8 438 8
978 10 42 7 438 7 438 8 438 10 438 12 438 13 84 13 51 13 42 13 42 11
979 5 42 6 508 6 508 7 438 7 42 7
980 4 42 1 508 1 508 6 42 6
981 7 34 11 42 11 42 13 42 15 42 16 42 17 34 17
982 7 25 11 34 11 34 17 34 18 34 19 34 21 25 21
983 5 10 11 25 11 25 21 10 21 10 20
984 10 10 1 42 1 42 6 42 7 42 11 34 11 25 11 10 11 10 9 10 2
985 5 10 0 508 0 508 1 42 1 10 1
986 4 7 20 10 20 10 21 7 21
987 6 7 9 9 9 10 9 10 11 10 20 7 20
988 7 5 9 6 9 7 9 7 20 7 21 7 23 5 23
989 7 3 9 4 9 5 9 5 23 5 24 5 25 3 25
990 5 9 2 10 2 10 9 9 9 9 4
991 5 6 4 9 4 9 9 7 9 6 9
992 5 4 4 6 4 6 9 5 9 4 9
993 5 3 4 4 4 4 9 3 9 3 5
994 7 3 2 9 2 9 4 6 4 4 4 3 4 3 3
995 6 3 0 10 0 10 1 10 2 9 2 3 2
996 5 2 5 3 5 3 9 3 25 2 25
997 5 2 3 3 3 3 4 3 5 2 5
998 5 2 0 3 0 3 2 3 3 2 3
999 6 1 0 2 0 2 3 2 5 2 25 1 25
1000 4 0 0 1 0 1 25 0 25
1000
1 92 0 530 1 530 20 530 21 530 27 530 31 530 32 530 33 530 35 530 36 530 37 530 38 530 39 530 41 530 46 530 47 530 48 530 50 530 51 530 53 530 54 530 56 530 58 530 61 530 70 530 88 530 89 530 91 530 93 530 116 530 120 530 126 530 133 530 134 530 162 530 163 530 164 530 172 530 174 530 176 530 185 530 187 530 189 530 190 530 191 530 201 530 206 530 217 530 224 530 225 530 234 530 235 530 236 530 238 530 239 530 243 530 245 530 246 530 254 530 257 530 258 530 262 530 264 530 267 530 268 530 269 530 270 530 271 530 272 530 278 530 279 530 280 530 283 530 286 530 287 530 288 530 387 530 401 530 403 530 415 530 424 530 432 530 433 530 437 530 438 530 442 530 447 530 465 530 469 530 470 530 470 531 0 531
2 6 469 526 470 526 470 530 469 530 469 529 469 527
3 4 469 525 470 525 470 526 469 526
4 153 469 0 470 0 470 525 469 525 469 523 469 519 469 513 469 512 469 511 469 507 469 501 469 491 469 490 469 473 469 472 469 471 469 470 469 469 469 461 469 459 469 458 469 451 469 450 469 449 469 448 469 446 469 445 469 444 469 443 469 441 469 438 469 437 469 436 469 434 469 432 469 431 469 430 469 428 469 425 469 424 469 423 469 420 469 419 469 417 469 405 469 404 469 402 469 401 469 393 469 389 469 388 469 384 469 382 469 381 469 354 469 351 469 348 469 347 469 345 469 344 469 343 469 342 469 341 469 337 469 336 469 334 469 333 469 330 469 329 469 328 469 327 469 316 469 306 469 304 469 302 469 298 469 295 469 283 469 275 469 274 469 271 469 253 469 250 469 248 469 247 469 243 469 241 469 240 469 239 469 238 469 226 469 168 469 165 469 160 469 159 469 158 469 157 469 156 469 155 469 142 469 141 469 140 469 139 469 136 469 134 469 133 469 126 469 125 469 124 469 123 469 117 469 116 469 107 469 105 469 104 469 103 469 102 469 100 469 99 469 97 469 96 469 94 469 92 469 89 469 79 469 78 469 70 469 69 469 68 469 66 469 65 469 53 469 51 469 50 469 46 469 22 469 21 469 20 469 19 469 18 469 17 469 16 469 15 469 14 469 13 469 12 469 11 469 10 469 9 469 8 469 7 469 4 469 1
5 4 465 529 469 529 469 530 465 530
6 5 465 527 466 527 469 527 469 529 465 529
7 5 447 527 465 527 465 529 465 530 447 530
8 7 466 523 469 523 469 525 469 526 469 527 466 527 466 524
9 5 466 519 469 519 469 523 466 523 466 520
10 7 466 513 469 513 469 519 466 519 466 518 466 517 466 514
11 7 447 524 449 524 450 524 466 524 466 527 465 527 447 527
12 5 450 520 466 520 466 523 466 524 450 524
13 6 450 518 453 518 466 518 466 519 466 520 450 520
14 5 453 517 456 517 466 517 466 518 453 518
15 4 456 514 466 514 466 517 456 517
16 4 456 513 466 513 466 514 456 514
17 5 456 512 469 512 469 513 466 513 456 513
18 6 456 511 463 511 467 511 469 511 469 512 456 512
19 4 467 507 469 507 469 511 467 511
20 4 467 501 469 501 469 507 467 507
21 4 467 491 469 491 469 501 467 501
22 10 463 491 467 491 467 501 467 507 467 511 463 511 463 504 463 496 463 495 463 492
23 5 456 504 457 504 463 504 463 511 456 511
24 8 453 504 456 504 456 511 456 512 456 513 456 514 456 517 453 517
25 5 450 504 453 504 453 517 453 518 450 518
26 7 449 504 450 504 450 518 450 520 450 524 449 524 449 505
27 5 457 496 463 496 463 504 457 504 457 497
28 10 449 497 452 497 457 497 457 504 456 504 453 504 450 504 449 504 449 499 449 498
29 5 447 505 449 505 449 524 447 524 447 521
30 7 442 521 446 521 447 521 447 524 447 527 447 530 442 530
31 5 446 505 447 505 447 521 446 521 446 506
32 4 442 506 446 506 446 521 442 521
33 6 438 506 442 506 442 521 442 530 438 530 438 510
34 7 438 505 443 505 444 505 446 505 446 506 442 506 438 506
35 5 437 510 438 510 438 530 437 530 437 528
36 5 437 505 438 505 438 506 438 510 437 510
37 5 433 528 436 528 437 528 437 530 433 530
38 6 436 505 437 505 437 510 437 528 436 528 436 522
39 7 444 499 449 499 449 504 449 505 447 505 446 505 444 505
40 7 443 499 444 499 444 505 443 505 443 503 443 502 443 500
41 7 436 503 441 503 443 503 443 505 438 505 437 505 436 505
42 4 441 502 443 502 443 503 441 503
43 4 436 502 441 502 441 503 436 503
44 4 433 522 436 522 436 528 433 528
45 6 433 502 436 502 436 503 436 505 436 522 433 522
46 6 432 502 433 502 433 522 433 528 433 530 432 530
47 4 424 502 432 502 432 530 424 530
48 8 424 500 443 500 443 502 441 502 436 502 433 502 432 502 424 502
49 4 424 499 443 499 443 500 424 500
50 6 415 499 424 499 424 500 424 502 424 530 415 530
51 7 415 498 449 498 449 499 444 499 443 499 424 499 415 499
52 7 415 497 421 497 426 497 445 497 449 497 449 498 415 498
53 6 403 497 415 497 415 498 415 499 415 530 403 530
54 4 452 496 457 496 457 497 452 497
55 5 445 496 452 496 452 497 449 497 445 497
56 6 445 495 463 495 463 496 457 496 452 496 445 496
57 5 426 495 445 495 445 496 445 497 426 497
58 7 426 492 463 492 463 495 445 495 426 495 426 494 426 493
59 5 421 494 426 494 426 495 426 497 421 497
60 4 421 493 426 493 426 494 421 494
61 8 403 493 405 493 406 493 421 493 421 494 421 497 415 497 403 497
62 6 406 492 409 492 426 492 426 493 421 493 406 493
63 5 409 491 463 491 463 492 426 492 409 492
64 7 409 490 431 490 469 490 469 491 467 491 463 491 409 491
65 11 431 473 469 473 469 490 431 490 431 489 431 483 431 482 431 481 431 477 431 476 431 474
66 6 409 489 412 489 422 489 431 489 431 490 409 490
67 6 422 483 431 483 431 489 422 489 422 488 422 484
68 6 412 488 413 488 418 488 422 488 422 489 412 489
69 6 418 484 422 484 422 488 418 488 418 487 418 485
70 4 413 487 418 487 418 488 413 488
71 4 413 485 418 485 418 487 413 487
72 5 412 485 413 485 413 487 413 488 412 488
73 6 409 485 410 485 412 485 412 488 412 489 409 489
74 7 406 485 409 485 409 489 409 490 409 491 409 492 406 492
75 6 410 484 418 484 418 485 413 485 412 485 410 485
76 5 406 484 410 484 410 485 409 485 406 485
77 6 405 484 406 484 406 485 406 492 406 493 405 493
78 7 405 483 422 483 422 484 418 484 410 484 406 484 405 484
79 5 405 482 431 482 431 483 422 483 405 483
80 6 403 482 405 482 405 483 405 484 405 493 403 493
81 7 401 482 403 482 403 493 403 497 403 530 401 530 401 516
82 8 401 481 419 481 430 481 431 481 431 482 405 482 403 482 401 482
83 7 387 516 389 516 390 516 393 516 401 516 401 530 387 530
84 6 393 481 401 481 401 482 401 516 393 516 393 515
85 7 430 477 431 477 431 481 430 481 430 480 430 479 430 478
86 4 419 480 430 480 430 481 419 481
87 4 419 479 430 479 430 480 419 480
88 4 419 478 430 478 430 479 419 479
89 8 393 478 394 478 419 478 419 479 419 480 419 481 401 481 393 481
90 5 394 477 430 477 430 478 419 478 394 478
91 6 394 476 396 476 431 476 431 477 430 477 394 477
92 5 396 474 399 474 431 474 431 476 396 476
93 4 399 473 431 473 431 474 399 474
94 6 399 472 400 472 469 472 469 473 431 473 399 473
95 4 400 471 469 471 469 472 400 472
96 4 400 470 469 470 469 471 400 471
97 6 400 469 440 469 468 469 469 469 469 470 400 470
98 4 468 461 469 461 469 469 468 469
99 4 468 459 469 459 469 461 468 461
100 4 468 458 469 458 469 459 468 459
101 8 440 458 468 458 468 459 468 461 468 469 440 469 440 468 440 465
102 10 440 451 469 451 469 458 468 458 440 458 440 456 440 455 440 454 440 453 440 452
103 5 400 468 402 468 440 468 440 469 400 469
104 6 402 465 407 465 440 465 440 468 402 468 402 467
105 6 407 456 440 456 440 458 440 465 407 465 407 460
106 4 402 460 407 460 407 465 402 465
107 4 402 456 407 456 407 460 402 460
108 4 400 467 402 467 402 468 400 468
109 8 399 467 400 467 400 468 400 469 400 470 400 471 400 472 399 472
110 7 399 456 402 456 402 460 402 465 402 467 400 467 399 467
111 6 399 455 440 455 440 456 407 456 402 456 399 456
112 10 396 455 399 455 399 456 399 467 399 472 399 473 399 474 396 474 396 464 396 457
113 7 396 454 397 454 417 454 440 454 440 455 399 455 396 455
114 5 394 464 396 464 396 474 396 476 394 476
115 6 393 464 394 464 394 476 394 477 394 478 393 478
116 5 390 515 392 515 393 515 393 516 390 516
117 6 392 464 393 464 393 478 393 481 393 515 392 515
118 6 392 457 396 457 396 464 394 464 393 464 392 464
119 5 390 457 392 457 392 464 392 515 390 515
120 5 389 457 390 457 390 515 390 516 389 516
121 8 389 454 395 454 396 454 396 455 396 457 392 457 390 457 389 457
122 5 387 454 389 454 389 457 389 516 387 516
123 7 288 454 289 454 319 454 387 454 387 516 387 530 288 530
124 4 417 453 440 453 440 454 417 454
125 4 417 452 440 452 440 453 417 453
126 5 397 452 417 452 417 453 417 454 397 454
127 6 397 451 411 451 440 451 440 452 417 452 397 452
128 5 411 450 469 450 469 451 440 451 411 451
129 4 411 449 469 449 469 450 411 450
130 5 411 448 455 448 469 448 469 449 411 449
131 5 455 446 469 446 469 448 455 448 455 447
132 4 411 447 455 447 455 448 411 448
133 7 397 447 411 447 411 448 411 449 411 450 411 451 397 451
134 7 395 447 397 447 397 451 397 452 397 454 396 454 395 454
135 6 395 446 455 446 455 447 411 447 397 447 395 447
136 7 319 446 395 446 395 447 395 454 389 454 387 454 319 454
137 9 319 445 323 445 325 445 349 445 469 445 469 446 455 446 395 446 319 446
138 12 349 444 353 444 355 444 356 444 358 444 360 444 361 444 366 444 368 444 469 444 469 445 349 445
139 8 368 443 375 443 376 443 383 443 427 443 469 443 469 444 368 444
140 6 427 441 435 441 458 441 469 441 469 443 427 443
141 5 458 438 469 438 469 441 458 441 458 439
142 4 458 437 469 437 469 438 458 438
143 4 435 439 458 439 458 441 435 441
144 5 435 437 458 437 458 438 458 439 435 439
145 6 427 437 435 437 435 439 435 441 427 441 427 440
146 6 427 436 469 436 469 437 458 437 435 437 427 437
147 5 383 440 427 440 427 441 427 443 383 443
148 5 383 436 427 436 427 437 427 440 383 440
149 5 383 434 469 434 469 436 427 436 383 436
150 4 383 432 469 432 469 434 383 434
151 9 376 432 377 432 379 432 383 432 383 434 383 436 383 440 383 443 376 443
152 6 379 431 451 431 469 431 469 432 383 432 379 432
153 4 451 430 469 430 469 431 451 431
154 4 379 430 451 430 451 431 379 431
155 5 379 428 469 428 469 430 451 430 379 430
156 6 379 425 380 425 439 425 469 425 469 428 379 428
157 4 439 424 469 424 469 425 439 425
158 5 380 424 382 424 439 424 439 425 380 425
159 9 382 423 388 423 404 423 408 423 428 423 469 423 469 424 439 424 382 424
160 6 428 420 459 420 464 420 469 420 469 423 428 423
161 4 408 420 428 420 428 423 408 423
162 4 464 419 469 419 469 420 464 420
163 4 464 417 469 417 469 419 464 419
164 7 464 405 469 405 469 417 464 417 464 416 464 413 464 409
165 6 459 416 464 416 464 417 464 419 464 420 459 420
166 4 459 413 464 413 464 416 459 416
167 6 408 413 459 413 459 416 459 420 428 420 408 420
168 5 404 413 408 413 408 420 408 423 404 423
169 7 404 409 461 409 464 409 464 413 459 413 408 413 404 413
170 7 388 409 404 409 404 413 404 423 388 423 388 422 388 410
171 5 382 422 386 422 388 422 388 423 382 423
172 6 386 410 388 410 388 422 386 422 386 415 386 412
173 6 382 415 384 415 386 415 386 422 382 422 382 421
174 4 384 412 386 412 386 415 384 415
175 5 384 410 386 410 386 412 384 412 384 411
176 5 382 411 384 411 384 412 384 415 382 415
177 6 380 421 382 421 382 422 382 423 382 424 380 424
178 5 380 411 382 411 382 415 382 421 380 421
179 6 379 411 380 411 380 421 380 424 380 425 379 425
180 8 377 411 379 411 379 425 379 428 379 430 379 431 379 432 377 432
181 7 377 410 384 410 384 411 382 411 380 411 379 411 377 411
182 6 377 409 388 409 388 410 386 410 384 410 377 410
183 4 461 405 464 405 464 409 461 409
184 5 461 404 469 404 469 405 464 405 461 405
185 9 377 404 385 404 461 404 461 405 461 409 404 409 388 409 377 409 377 407
186 6 385 402 454 402 469 402 469 404 461 404 385 404
187 4 454 401 469 401 469 402 454 402
188 7 454 393 469 393 469 401 454 401 454 400 454 398 454 397
189 5 385 400 454 400 454 401 454 402 385 402
190 5 385 398 398 398 454 398 454 400 385 400
191 4 398 397 454 397 454 398 398 398
192 4 385 397 398 397 398 398 385 398
193 5 385 393 454 393 454 397 398 397 385 397
194 6 385 389 469 389 469 393 454 393 385 393 385 391
195 9 377 391 385 391 385 393 385 397 385 398 385 400 385 402 385 404 377 404
196 7 376 407 377 407 377 409 377 410 377 411 377 432 376 432
197 7 376 391 377 391 377 404 377 407 376 407 376 399 376 394
198 6 375 399 376 399 376 407 376 432 376 443 375 443
199 6 368 399 369 399 371 399 375 399 375 443 368 443
200 5 371 394 376 394 376 399 375 399 371 399
201 4 371 391 376 391 376 394 371 394
202 6 371 389 385 389 385 391 377 391 376 391 371 391
203 6 371 388 423 388 469 388 469 389 385 389 371 389
204 6 423 384 469 384 469 388 423 388 423 387 423 385
205 4 371 387 423 387 423 388 371 388
206 8 369 387 371 387 371 388 371 389 371 391 371 394 371 399 369 399
207 4 368 387 369 387 369 399 368 399
208 6 368 385 423 385 423 387 371 387 369 387 368 387
209 10 366 385 368 385 368 387 368 399 368 443 368 444 366 444 366 435 366 403 366 395
210 6 366 384 374 384 423 384 423 385 368 385 366 385
211 4 361 435 366 435 366 444 361 444
212 4 360 435 361 435 361 444 360 444
213 5 360 403 366 403 366 435 361 435 360 435
214 5 358 403 360 403 360 435 360 444 358 444
215 5 358 395 366 395 366 403 360 403 358 403
216 5 358 384 366 384 366 385 366 395 358 395
217 6 374 382 469 382 469 384 423 384 374 384 374 383
218 4 374 381 469 381 469 382 374 382
219 11 374 354 469 354 469 381 374 381 374 380 374 375 374 368 374 367 374 366 374 358 374 357
220 5 358 383 374 383 374 384 366 384 358 384
221 7 356 383 358 383 358 384 358 395 358 403 358 444 356 444
222 9 356 380 364 380 365 380 374 380 374 381 374 382 374 383 358 383 356 383
223 7 365 375 372 375 374 375 374 380 365 380 365 378 365 377
224 4 364 378 365 378 365 380 364 380
225 4 356 378 364 378 364 380 356 380
226 5 356 377 365 377 365 378 364 378 356 378
227 8 355 377 356 377 356 378 356 380 356 383 356 444 355 444 355 442
228 4 353 442 355 442 355 444 353 444
229 5 349 442 351 442 353 442 353 444 349 444
230 6 351 377 354 377 355 377 355 442 353 442 351 442
231 7 354 375 365 375 365 377 356 377 355 377 354 377 354 376
232 5 351 376 352 376 354 376 354 377 351 377
233 4 352 375 354 375 354 376 352 376
234 6 372 368 374 368 374 375 372 375 372 372 372 369
235 6 352 372 372 372 372 375 365 375 354 375 352 375
236 5 351 372 352 372 352 375 352 376 351 376
237 7 349 372 351 372 351 376 351 377 351 442 349 442 349 427
238 6 349 369 372 369 372 372 352 372 351 372 349 372
239 9 325 427 330 427 344 427 348 427 349 427 349 442 349 444 349 445 325 445
240 5 348 369 349 369 349 372 349 427 348 427
241 5 348 368 372 368 372 369 349 369 348 369
242 8 344 368 348 368 348 369 348 427 344 427 344 390 344 379 344 373
243 8 344 367 363 367 367 367 374 367 374 368 372 368 348 368 344 368
244 8 330 390 331 390 332 390 338 390 344 390 344 427 330 427 330 392
245 6 338 379 341 379 344 379 344 390 338 390 338 386
246 4 341 373 344 373 344 379 341 379
247 5 338 373 339 373 341 373 341 379 338 379
248 7 339 367 344 367 344 368 344 373 341 373 339 373 339 370
249 4 367 366 374 366 374 367 367 367
250 4 363 366 367 366 367 367 363 367
251 9 363 358 374 358 374 366 367 366 363 366 363 365 363 364 363 363 363 360
252 6 339 365 363 365 363 366 363 367 344 367 339 367
253 4 338 370 339 370 339 373 338 373
254 5 338 365 339 365 339 367 339 370 338 370
255 5 332 386 333 386 338 386 338 390 332 390
256 7 333 365 338 365 338 370 338 373 338 379 338 386 333 386
257 6 333 364 363 364 363 365 339 365 338 365 333 365
258 6 333 363 334 363 347 363 363 363 363 364 333 364
259 6 347 360 363 360 363 363 347 363 347 362 347 361
260 5 334 362 343 362 347 362 347 363 334 363
261 4 343 361 347 361 347 362 343 362
262 4 343 360 347 360 347 361 343 361
263 6 334 360 335 360 343 360 343 361 343 362 334 362
264 7 335 358 336 358 363 358 363 360 347 360 343 360 335 360
265 5 336 357 374 357 374 358 363 358 336 358
266 6 336 354 342 354 345 354 374 354 374 357 336 357
267 5 345 351 469 351 469 354 374 354 345 354
268 6 345 348 469 348 469 351 345 351 345 350 345 349
269 5 342 350 345 350 345 351 345 354 342 354
270 4 336 350 342 350 342 354 336 354
271 5 336 349 345 349 345 350 342 350 336 350
272 10 335 349 336 349 336 350 336 354 336 357 336 358 335 358 335 356 335 355 335 353
273 5 335 348 345 348 345 349 336 349 335 349
274 6 335 347 414 347 469 347 469 348 345 348 335 348
275 4 414 345 469 345 469 347 414 347
276 4 335 345 414 345 414 347 335 347
277 5 335 344 469 344 469 345 414 345 335 345
278 5 334 356 335 356 335 358 335 360 334 360
279 6 333 356 334 356 334 360 334 362 334 363 333 363
280 7 332 356 333 356 333 363 333 364 333 365 333 386 332 386
281 6 332 355 335 355 335 356 334 356 333 356 332 356
282 6 331 355 332 355 332 356 332 386 332 390 331 390
283 5 331 353 335 353 335 355 332 355 331 355
284 8 331 344 335 344 335 345 335 347 335 348 335 349 335 353 331 353
285 6 331 343 346 343 469 343 469 344 335 344 331 344
286 7 330 343 331 343 331 344 331 353 331 355 331 390 330 390
287 5 346 342 434 342 469 342 469 343 346 343
288 4 434 341 469 341 469 342 434 342
289 4 346 341 434 341 434 342 346 342
290 5 346 337 469 337 469 341 434 341 346 341
291 4 346 336 469 336 469 337 346 337
292 8 330 336 346 336 346 337 346 341 346 342 346 343 331 343 330 343
293 5 330 334 469 334 469 336 346 336 330 336
294 6 325 392 327 392 328 392 330 392 330 427 325 427
295 8 328 334 330 334 330 336 330 343 330 390 330 392 328 392 328 335
296 5 327 335 328 335 328 392 327 392 327 371
297 4 325 371 327 371 327 392 325 392
298 6 325 335 327 335 327 371 325 371 325 346 325 340
299 7 323 346 325 346 325 371 325 392 325 427 325 445 323 445
300 4 323 340 325 340 325 346 323 346
301 7 319 340 322 340 323 340 323 346 323 445 319 445 319 414
302 6 289 414 319 414 319 445 319 446 319 454 289 454
303 5 289 340 293 340 319 340 319 414 289 414
304 7 322 335 325 335 325 340 323 340 322 340 322 339 322 338
305 6 322 334 328 334 328 335 327 335 325 335 322 335
306 7 322 333 462 333 469 333 469 334 330 334 328 334 322 334
307 6 293 339 294 339 322 339 322 340 319 340 293 340
308 5 294 338 315 338 322 338 322 339 294 339
309 6 315 333 322 333 322 334 322 335 322 338 315 338
310 5 462 330 469 330 469 333 462 333 462 332
311 6 315 332 340 332 462 332 462 333 322 333 315 333
312 5 340 330 462 330 462 332 340 332 340 331
313 5 340 329 469 329 469 330 462 330 340 330
314 4 340 328 469 328 469 329 340 329
315 4 340 327 469 327 469 328 340 328
316 10 340 316 448 316 469 316 469 327 340 327 340 325 340 324 340 323 340 322 340 321
317 6 315 331 321 331 324 331 340 331 340 332 315 332
318 10 294 331 297 331 312 331 313 331 314 331 315 331 315 332 315 333 315 338 294 338
319 8 324 325 340 325 340 327 340 328 340 329 340 330 340 331 324 331
320 4 321 325 324 325 324 331 321 331
321 5 314 325 321 325 321 331 315 331 314 331
322 7 314 324 337 324 340 324 340 325 324 325 321 325 314 325
323 4 337 323 340 323 340 324 337 324
324 4 337 322 340 322 340 323 337 323
325 8 314 322 316 322 317 322 320 322 337 322 337 323 337 324 314 324
326 5 320 321 340 321 340 322 337 322 320 322
327 4 317 321 320 321 320 322 317 322
328 4 316 321 317 321 317 322 316 322
329 6 316 316 340 316 340 321 320 321 317 321 316 321
330 7 448 306 469 306 469 316 448 316 448 314 448 313 448 307
331 5 316 314 448 314 448 316 340 316 316 316
332 6 316 313 318 313 373 313 448 313 448 314 316 314
333 7 314 313 316 313 316 314 316 316 316 321 316 322 314 322
334 7 313 313 314 313 314 322 314 324 314 325 314 331 313 331
335 8 373 307 391 307 448 307 448 313 373 313 373 312 373 311 373 310
336 4 318 312 373 312 373 313 318 313
337 4 318 311 373 311 373 312 318 312
338 7 313 311 318 311 318 312 318 313 316 313 314 313 313 313
339 5 313 310 373 310 373 311 318 311 313 311
340 5 313 307 373 307 373 310 313 310 313 309
341 9 312 309 313 309 313 310 313 311 313 313 313 331 312 331 312 326 312 315
342 11 297 326 298 326 299 326 303 326 304 326 305 326 309 326 311 326 312 326 312 331 297 331
343 5 311 315 312 315 312 326 311 326 311 318
344 4 309 318 311 318 311 326 309 326
345 4 305 318 309 318 309 326 305 326
346 4 304 318 305 318 305 326 304 326
347 5 303 318 304 318 304 326 303 326 303 320
348 7 299 320 300 320 301 320 302 320 303 320 303 326 299 326
349 4 302 318 303 318 303 320 302 320
350 8 302 315 311 315 311 318 309 318 305 318 304 318 303 318 302 318
351 6 302 309 308 309 312 309 312 315 311 315 302 315
352 7 301 309 302 309 302 315 302 318 302 320 301 320 301 319
353 5 308 307 313 307 313 309 312 309 308 309
354 4 391 306 448 306 448 307 391 307
355 6 308 306 391 306 391 307 373 307 313 307 308 307
356 6 308 304 469 304 469 306 448 306 391 306 308 306
357 8 301 304 308 304 308 306 308 307 308 309 302 309 301 309 301 305
358 7 301 302 357 302 362 302 469 302 469 304 308 304 301 304
359 4 300 319 301 319 301 320 300 320
360 4 299 319 300 319 300 320 299 320
361 6 299 305 301 305 301 309 301 319 300 319 299 319
362 5 299 302 301 302 301 304 301 305 299 305
363 7 298 302 299 302 299 305 299 319 299 320 299 326 298 326
364 5 362 298 469 298 469 302 362 302 362 299
365 4 362 295 469 295 469 298 362 298
366 5 357 299 362 299 362 302 357 302 357 300
367 6 298 300 357 300 357 302 301 302 299 302 298 302
368 4 298 299 357 299 357 300 298 300
369 6 298 295 362 295 362 298 362 299 357 299 298 299
370 8 297 295 298 295 298 299 298 300 298 302 298 326 297 326 297 308
371 7 297 283 469 283 469 295 362 295 298 295 297 295 297 294
372 6 297 275 307 275 469 275 469 283 297 283 297 276
373 7 294 308 295 308 296 308 297 308 297 326 297 331 294 331
374 5 296 294 297 294 297 295 297 308 296 308
375 4 295 294 296 294 296 308 295 308
376 7 295 276 297 276 297 283 297 294 296 294 295 294 295 277
377 6 294 277 295 277 295 294 295 308 294 308 294 278
378 7 293 278 294 278 294 308 294 331 294 338 294 339 293 339
379 6 289 278 293 278 293 339 293 340 289 340 289 279
380 8 288 279 289 279 289 340 289 414 289 454 288 454 288 406 288 289
381 5 287 406 288 406 288 454 288 530 287 530
382 5 286 406 287 406 287 530 286 530 286 418
383 5 283 418 285 418 286 418 286 530 283 530
384 5 280 418 282 418 283 418 283 530 280 530
385 4 285 406 286 406 286 418 285 418
386 9 285 289 288 289 288 406 287 406 286 406 285 406 285 296 285 293 285 291
387 6 282 296 285 296 285 406 285 418 283 418 282 418
388 7 280 296 282 296 282 418 280 418 280 352 280 303 280 301
389 5 279 352 280 352 280 418 280 530 279 530
390 4 279 303 280 303 280 352 279 352
391 4 279 301 280 301 280 303 279 303
392 6 278 301 279 301 279 303 279 352 279 530 278 530
393 7 272 301 273 301 276 301 277 301 278 301 278 530 272 530
394 7 277 296 280 296 280 301 279 301 278 301 277 301 277 297
395 4 276 297 277 297 277 301 276 301
396 4 273 297 276 297 276 301 273 301
397 4 272 297 273 297 273 301 272 301
398 5 271 297 272 297 272 301 272 530 271 530
399 4 270 297 271 297 271 530 270 530
400 8 270 296 277 296 277 297 276 297 273 297 272 297 271 297 270 297
401 7 270 293 285 293 285 296 282 296 280 296 277 296 270 296
402 6 269 293 270 293 270 296 270 297 270 530 269 530
403 5 269 291 285 291 285 293 270 293 269 293
404 5 268 291 269 291 269 293 269 530 268 530
405 4 267 291 268 291 268 530 267 530
406 7 264 291 265 291 266 291 267 291 267 530 264 530 264 433
407 7 266 289 285 289 285 291 269 291 268 291 267 291 266 291
408 4 265 289 266 289 266 291 265 291
409 11 265 279 288 279 288 289 285 289 266 289 265 289 265 287 265 286 265 284 265 281 265 280
410 5 264 287 265 287 265 289 265 291 264 291
411 4 264 286 265 286 265 287 264 287
412 4 262 433 264 433 264 530 262 530
413 4 258 433 262 433 262 530 258 530
414 4 257 433 258 433 258 530 257 530
415 5 254 433 256 433 257 433 257 530 254 530
416 6 246 433 247 433 254 433 254 530 246 530 246 486
417 9 256 286 264 286 264 287 264 291 264 433 262 433 258 433 257 433 256 433
418 6 256 284 263 284 265 284 265 286 264 286 256 286
419 4 263 281 265 281 265 284 263 284
420 4 256 281 263 281 263 284 256 284
421 10 247 281 248 281 251 281 252 281 256 281 256 284 256 286 256 433 254 433 247 433
422 6 252 280 265 280 265 281 263 281 256 281 252 281
423 5 252 279 261 279 265 279 265 280 252 280
424 6 261 278 289 278 289 279 288 279 265 279 261 279
425 6 261 277 294 277 294 278 293 278 289 278 261 278
426 5 261 276 295 276 295 277 294 277 261 277
427 6 252 276 261 276 261 277 261 278 261 279 252 279
428 7 252 275 255 275 297 275 297 276 295 276 261 276 252 276
429 7 251 275 252 275 252 276 252 279 252 280 252 281 251 281
430 4 307 274 469 274 469 275 307 275
431 8 307 271 326 271 425 271 429 271 469 271 469 274 307 274 307 273
432 6 255 273 307 273 307 274 307 275 297 275 255 275
433 5 251 273 255 273 255 275 252 275 251 275
434 6 251 271 275 271 307 271 307 273 255 273 251 273
435 6 248 271 251 271 251 273 251 275 251 281 248 281
436 8 429 253 469 253 469 271 429 271 429 269 429 268 429 264 429 262
437 5 425 269 429 269 429 271 425 271 425 270
438 4 326 270 425 270 425 271 326 271
439 5 275 270 326 270 326 271 307 271 275 271
440 6 275 269 281 269 425 269 425 270 326 270 275 270
441 6 281 268 292 268 429 268 429 269 425 269 281 269
442 6 292 264 429 264 429 268 292 268 292 266 292 265
443 4 281 266 292 266 292 268 281 268
444 6 275 266 281 266 281 268 281 269 275 269 275 267
445 7 248 267 275 267 275 269 275 270 275 271 251 271 248 271
446 4 248 266 275 266 275 267 248 267
447 9 248 265 249 265 260 265 284 265 292 265 292 266 281 266 275 266 248 266
448 7 247 265 248 265 248 266 248 267 248 271 248 281 247 281
449 5 246 265 247 265 247 281 247 433 246 433
450 4 284 264 292 264 292 265 284 265
451 5 284 262 429 262 429 264 292 264 284 264
452 5 284 253 429 253 429 262 284 262 284 254
453 9 260 254 284 254 284 262 284 264 284 265 260 265 260 263 260 260 260 257
454 6 249 263 253 263 259 263 260 263 260 265 249 265
455 4 259 260 260 260 260 263 259 263
456 4 253 260 259 260 259 263 253 263
457 5 249 260 253 260 253 263 249 263 249 261
458 7 246 261 249 261 249 263 249 265 248 265 247 265 246 265
459 4 245 486 246 486 246 530 245 530
460 6 245 261 246 261 246 265 246 433 246 486 245 486
461 6 243 261 245 261 245 486 245 530 243 530 243 463
462 4 239 463 243 463 243 530 239 530
463 4 238 463 239 463 239 530 238 530
464 6 238 261 240 261 243 261 243 463 239 463 238 463
465 5 236 261 238 261 238 463 238 530 236 530
466 8 240 260 242 260 249 260 249 261 246 261 245 261 243 261 240 261
467 10 242 257 244 257 250 257 260 257 260 260 259 260 253 260 249 260 242 260 242 258
468 4 240 258 242 258 242 260 240 260
469 6 236 258 240 258 240 260 240 261 238 261 236 261
470 5 236 257 242 257 242 258 240 258 236 258
471 6 235 257 236 257 236 258 236 261 236 530 235 530
472 5 250 254 260 254 260 257 250 257 250 255
473 5 250 253 284 253 284 254 260 254 250 254
474 9 250 250 370 250 469 250 469 253 429 253 284 253 250 253 250 252 250 251
475 4 244 255 250 255 250 257 244 257
476 6 235 255 244 255 244 257 242 257 236 257 235 257
477 7 234 255 235 255 235 257 235 530 234 530 234 292 234 256
478 8 234 252 250 252 250 253 250 254 250 255 244 255 235 255 234 255
479 10 225 292 226 292 227 292 228 292 229 292 230 292 232 292 234 292 234 530 225 530
480 4 232 256 234 256 234 292 232 292
481 5 232 252 234 252 234 255 234 256 232 256
482 5 230 252 232 252 232 256 232 292 230 292
483 7 230 251 241 251 250 251 250 252 234 252 232 252 230 252
484 5 229 251 230 251 230 252 230 292 229 292
485 4 241 250 250 250 250 251 241 251
486 5 370 248 469 248 469 250 370 250 370 249
487 5 241 249 370 249 370 250 250 250 241 250
488 6 229 249 241 249 241 250 241 251 230 251 229 251
489 5 228 249 229 249 229 251 229 292 228 292
490 9 228 248 231 248 306 248 329 248 370 248 370 249 241 249 229 249 228 249
491 5 227 248 228 248 228 249 228 292 227 292
492 6 329 247 350 247 469 247 469 248 370 248 329 248
493 6 350 243 469 243 469 247 350 247 350 245 350 244
494 4 329 245 350 245 350 247 329 247
495 4 329 244 350 244 350 245 329 245
496 7 306 244 329 244 329 245 329 247 329 248 306 248 306 246
497 4 231 246 306 246 306 248 231 248
498 4 231 244 306 244 306 246 231 246
499 6 231 243 350 243 350 244 329 244 306 244 231 244
500 7 227 243 231 243 231 244 231 246 231 248 228 248 227 248
501 7 227 241 274 241 469 241 469 243 350 243 231 243 227 243
502 6 226 241 227 241 227 243 227 248 227 292 226 292
503 5 225 241 226 241 226 292 225 292 225 288
504 4 274 240 469 240 469 241 274 241
505 5 274 239 359 239 469 239 469 240 274 240
506 4 359 238 469 238 469 239 359 239
507 10 359 226 469 226 469 238 359 238 359 236 359 234 359 232 359 230 359 229 359 228
508 5 274 236 359 236 359 238 359 239 274 239
509 4 274 234 359 234 359 236 274 236
510 11 225 234 237 234 274 234 274 236 274 239 274 240 274 241 227 241 226 241 225 241 225 235
511 5 224 288 225 288 225 292 225 530 224 530
512 7 217 288 219 288 220 288 223 288 224 288 224 530 217 530
513 9 223 235 225 235 225 241 225 288 224 288 223 288 223 259 223 242 223 237
514 4 220 259 223 259 223 288 220 288
515 4 220 242 223 242 223 259 220 259
516 5 219 242 220 242 220 259 220 288 219 288
517 4 217 242 219 242 219 288 217 288
518 8 206 242 208 242 209 242 210 242 217 242 217 288 217 530 206 530
519 8 210 237 213 237 223 237 223 242 220 242 219 242 217 242 210 242
520 4 213 235 223 235 223 237 213 237
521 9 213 234 214 234 215 234 216 234 221 234 225 234 225 235 223 235 213 235
522 5 237 232 359 232 359 234 274 234 237 234
523 5 237 230 359 230 359 232 237 232 237 231
524 4 237 229 359 229 359 230 237 230
525 6 221 231 237 231 237 232 237 234 225 234 221 234
526 5 221 229 237 229 237 230 237 231 221 231
527 5 216 229 221 229 221 231 221 234 216 234
528 6 216 228 359 228 359 229 237 229 221 229 216 229
529 4 216 226 359 226 359 228 216 228
530 8 216 168 469 168 469 226 359 226 216 226 216 179 216 178 216 174
531 9 215 179 216 179 216 226 216 228 216 229 216 234 215 234 215 188 215 180
532 8 214 188 215 188 215 234 214 234 214 233 214 203 214 200 214 199
533 4 213 233 214 233 214 234 213 234
534 9 213 203 214 203 214 233 213 233 213 224 213 223 213 212 213 207 213 204
535 7 210 224 213 224 213 233 213 234 213 235 213 237 210 237
536 6 209 224 210 224 210 237 210 242 209 242 209 225
537 5 208 225 209 225 209 242 208 242 208 227
538 4 206 227 208 227 208 242 206 242
539 4 206 225 208 225 208 227 206 227
540 6 201 225 206 225 206 227 206 242 206 530 201 530
541 7 201 224 207 224 209 224 209 225 208 225 206 225 201 225
542 8 191 224 192 224 193 224 194 224 201 224 201 225 201 530 191 530
543 7 207 223 212 223 213 223 213 224 210 224 209 224 207 224
544 8 194 223 195 223 199 223 205 223 207 223 207 224 201 224 194 224
545 10 212 212 213 212 213 223 212 223 212 222 212 219 212 218 212 217 212 215 212 214
546 5 205 222 212 222 212 223 207 223 205 223
547 4 205 219 212 219 212 222 205 222
548 6 199 219 205 219 205 222 205 223 199 223 199 221
549 5 199 218 212 218 212 219 205 219 199 219
550 4 199 217 212 217 212 218 199 218
551 5 195 221 197 221 199 221 199 223 195 223
552 6 197 217 199 217 199 218 199 219 199 221 197 221
553 6 197 215 204 215 212 215 212 217 199 217 197 217
554 5 195 215 197 215 197 217 197 221 195 221
555 5 204 214 211 214 212 214 212 215 204 215
556 6 195 214 200 214 204 214 204 215 197 215 195 215
557 6 194 214 195 214 195 215 195 221 195 223 194 223
558 4 211 212 212 212 212 214 211 214
559 5 211 207 213 207 213 212 212 212 211 212
560 5 211 204 213 204 213 207 211 207 211 205
561 4 211 203 213 203 213 204 211 204
562 7 200 205 211 205 211 207 211 212 211 214 204 214 200 214
563 5 194 205 200 205 200 214 195 214 194 214
564 6 193 205 194 205 194 214 194 223 194 224 193 224
565 7 193 203 211 203 211 204 211 205 200 205 194 205 193 205
566 6 193 200 214 200 214 203 213 203 211 203 193 203
567 8 192 200 193 200 193 203 193 205 193 224 192 224 192 216 192 209
568 4 191 216 192 216 192 224 191 224
569 4 191 209 192 209 192 216 191 216
570 6 190 209 191 209 191 216 191 224 191 530 190 530
571 6 190 200 192 200 192 209 191 209 190 209 190 201
572 6 190 199 214 199 214 200 193 200 192 200 190 200
573 5 189 201 190 201 190 209 190 530 189 530
574 4 187 201 189 201 189 530 187 530
575 7 185 201 187 201 187 530 185 530 185 290 185 210 185 202
576 8 176 290 177 290 178 290 183 290 184 290 185 290 185 530 176 530
577 4 184 210 185 210 185 290 184 290
578 4 183 210 184 210 184 290 183 290
579 6 178 210 180 210 182 210 183 210 183 290 178 290
580 7 182 202 185 202 185 210 184 210 183 210 182 210 182 208
581 4 182 201 185 201 185 202 182 202
582 9 182 199 186 199 190 199 190 200 190 201 189 201 187 201 185 201 182 201
583 4 180 208 182 208 182 210 180 210
584 6 180 199 182 199 182 201 182 202 182 208 180 208
585 5 186 188 214 188 214 199 190 199 186 199
586 5 180 188 186 188 186 199 182 199 180 199
587 6 180 180 215 180 215 188 214 188 186 188 180 188
588 9 178 180 180 180 180 188 180 199 180 208 180 210 178 210 178 206 178 181
589 5 177 206 178 206 178 210 178 290 177 290
590 4 177 181 178 181 178 206 177 206
591 7 176 181 177 181 177 206 177 290 176 290 176 196 176 190
592 7 174 196 175 196 176 196 176 290 176 530 174 530 174 475
593 5 172 475 173 475 174 475 174 530 172 530
594 4 173 196 174 196 174 475 173 475
595 7 172 196 173 196 173 475 172 475 172 220 172 213 172 197
596 6 164 220 169 220 172 220 172 475 172 530 164 530
597 4 163 220 164 220 164 530 163 530
598 5 169 213 170 213 172 213 172 220 169 220
599 4 170 197 172 197 172 213 170 213
600 5 169 197 170 197 170 213 169 213 169 211
601 7 163 211 165 211 169 211 169 213 169 220 164 220 163 220
602 6 162 211 163 211 163 220 163 530 162 530 162 426
603 6 134 426 148 426 152 426 162 426 162 530 134 530
604 4 152 211 162 211 162 426 152 426
605 5 165 197 169 197 169 211 165 211 165 198
606 7 152 198 156 198 165 198 165 211 163 211 162 211 152 211
607 5 156 197 157 197 165 197 165 198 156 198
608 10 157 196 159 196 161 196 171 196 172 196 172 197 170 197 169 197 165 197 157 197
609 5 175 190 176 190 176 196 175 196 175 191
610 8 171 191 175 191 175 196 174 196 173 196 172 196 171 196 171 194
611 4 171 190 175 190 175 191 171 191
612 9 171 181 176 181 176 190 175 190 171 190 171 187 171 186 171 185 171 182
613 4 161 194 171 194 171 196 161 196
614 4 159 194 161 194 161 196 159 196
615 5 157 194 159 194 159 196 157 196 157 195
616 5 156 195 157 195 157 196 157 197 156 197
617 5 152 195 156 195 156 197 156 198 152 198
618 7 148 195 151 195 152 195 152 198 152 211 152 426 148 426
619 6 134 195 141 195 143 195 148 195 148 426 134 426
620 6 151 194 157 194 157 195 156 195 152 195 151 195
621 5 143 194 151 194 151 195 148 195 143 195
622 11 143 187 146 187 171 187 171 190 171 191 171 194 161 194 159 194 157 194 151 194 143 194
623 5 146 186 154 186 171 186 171 187 146 187
624 4 154 185 171 185 171 186 154 186
625 4 146 185 154 185 154 186 146 186
626 6 143 185 144 185 146 185 146 186 146 187 143 187
627 9 144 182 145 182 149 182 171 182 171 185 154 185 146 185 144 185 144 184
628 5 149 181 166 181 171 181 171 182 149 182
629 4 145 181 149 181 149 182 145 182
630 8 166 180 168 180 178 180 178 181 177 181 176 181 171 181 166 181
631 5 145 180 166 180 166 181 149 181 145 181
632 6 168 179 215 179 215 180 180 180 178 180 168 180
633 5 145 179 168 179 168 180 166 180 145 180
634 7 145 178 147 178 216 178 216 179 215 179 168 179 145 179
635 7 144 178 145 178 145 179 145 180 145 181 145 182 144 182
636 4 143 184 144 184 144 185 143 185
637 7 141 184 143 184 143 185 143 187 143 194 143 195 141 195
638 6 134 184 135 184 136 184 141 184 141 195 134 195
639 7 133 184 134 184 134 195 134 426 134 530 133 530 133 285
640 9 136 178 137 178 139 178 144 178 144 182 144 184 143 184 141 184 136 184
641 9 147 174 155 174 158 174 160 174 179 174 216 174 216 178 147 178 147 177
642 5 179 168 216 168 216 174 179 174 179 169
643 5 179 165 469 165 469 168 216 168 179 168
644 5 160 169 179 169 179 174 160 174 160 173
645 4 158 173 160 173 160 174 158 174
646 4 155 173 158 173 158 174 155 174
647 5 147 173 150 173 155 173 155 174 147 174
648 6 150 169 160 169 160 173 158 173 155 173 150 173
649 6 150 165 179 165 179 168 179 169 160 169 150 169
650 5 150 160 469 160 469 165 179 165 150 165
651 10 147 160 150 160 150 165 150 169 150 173 147 173 147 170 147 163 147 162 147 161
652 7 139 177 140 177 147 177 147 178 145 178 144 178 139 178
653 7 140 170 147 170 147 173 147 174 147 177 140 177 140 171
654 5 139 171 140 171 140 177 139 177 139 176
655 4 139 170 140 170 140 171 139 171
656 5 137 176 139 176 139 177 139 178 137 178
657 5 137 170 139 170 139 171 139 176 137 176
658 7 137 163 147 163 147 170 140 170 139 170 137 170 137 164
659 7 136 164 137 164 137 170 137 176 137 178 136 178 136 167
660 5 135 167 136 167 136 178 136 184 135 184
661 4 135 164 136 164 136 167 135 167
662 5 135 163 137 163 137 164 136 164 135 164
663 7 133 163 135 163 135 164 135 167 135 184 134 184 133 184
664 6 133 162 147 162 147 163 137 163 135 163 133 163
665 8 126 285 127 285 131 285 132 285 133 285 133 530 126 530 126 509
666 6 132 162 133 162 133 163 133 184 133 285 132 285
667 6 131 162 132 162 132 285 131 285 131 189 131 175
668 6 131 161 147 161 147 162 133 162 132 162 131 162
669 5 127 189 129 189 131 189 131 285 127 285
670 5 126 189 127 189 127 285 126 285 126 193
671 4 129 175 131 175 131 189 129 189
672 5 126 175 129 175 129 189 127 189 126 189
673 4 120 509 126 509 126 530 120 530
674 4 116 509 120 509 120 530 116 530
675 9 93 509 94 509 95 509 98 509 101 509 104 509 116 509 116 530 93 530
676 10 104 193 111 193 123 193 125 193 126 193 126 285 126 509 120 509 116 509 104 509
677 5 125 175 126 175 126 189 126 193 125 193
678 7 125 161 131 161 131 162 131 175 129 175 126 175 125 175
679 6 123 161 125 161 125 175 125 193 123 193 123 172
680 6 111 172 112 172 121 172 123 172 123 193 111 193
681 4 121 161 123 161 123 172 121 172
682 7 121 160 147 160 147 161 131 161 125 161 123 161 121 161
683 6 121 159 469 159 469 160 150 160 147 160 121 160
684 5 121 158 188 158 469 158 469 159 121 159
685 7 112 158 121 158 121 159 121 160 121 161 121 172 112 172
686 4 188 157 469 157 469 158 188 158
687 4 188 156 469 156 469 157 188 157
688 6 112 156 188 156 188 157 188 158 121 158 112 158
689 7 112 155 218 155 420 155 469 155 469 156 188 156 112 156
690 6 111 155 112 155 112 156 112 158 112 172 111 172
691 6 420 142 469 142 469 155 420 155 420 153 420 143
692 4 218 153 420 153 420 155 218 155
693 9 218 143 233 143 420 143 420 153 218 153 218 152 218 151 218 150 218 144
694 6 111 152 218 152 218 153 218 155 112 155 111 155
695 6 104 152 111 152 111 155 111 172 111 193 104 193
696 7 101 152 102 152 104 152 104 193 104 509 101 509 101 374
697 11 102 151 107 151 108 151 115 151 118 151 130 151 218 151 218 152 111 152 104 152 102 152
698 5 130 150 196 150 218 150 218 151 130 151
699 4 118 150 130 150 130 151 118 151
700 4 115 150 118 150 118 151 115 151
701 5 108 150 109 150 115 150 115 151 108 151
702 6 196 144 218 144 218 150 196 150 196 149 196 148
703 8 109 149 167 149 196 149 196 150 130 150 118 150 115 150 109 150
704 4 167 148 196 148 196 149 167 149
705 6 109 148 110 148 114 148 167 148 167 149 109 149
706 7 114 144 196 144 196 148 167 148 114 148 114 146 114 145
707 4 110 146 114 146 114 148 110 148
708 4 109 146 110 146 110 148 109 148
709 6 109 145 113 145 114 145 114 146 110 146 109 146
710 4 113 144 114 144 114 145 113 145
711 6 113 143 218 143 218 144 196 144 114 144 113 144
712 4 233 142 420 142 420 143 233 143
713 5 233 141 469 141 469 142 420 142 233 142
714 6 113 141 233 141 233 142 233 143 218 143 113 143
715 6 113 140 128 140 469 140 469 141 233 141 113 141
716 7 109 140 113 140 113 141 113 143 113 144 113 145 109 145
717 8 108 140 109 140 109 145 109 146 109 148 109 149 109 150 108 150
718 5 128 139 138 139 469 139 469 140 128 140
719 4 138 136 469 136 469 139 138 139
720 5 138 134 378 134 469 134 469 136 138 136
721 4 378 133 469 133 469 134 378 134
722 7 378 126 469 126 469 133 378 133 378 132 378 131 378 129
723 5 138 132 378 132 378 133 378 134 138 134
724 4 138 131 378 131 378 132 138 132
725 8 128 131 138 131 138 132 138 134 138 136 138 139 128 139 128 135
726 5 128 129 378 129 378 131 138 131 128 131
727 7 108 135 128 135 128 139 128 140 113 140 109 140 108 140
728 7 107 135 108 135 108 140 108 150 108 151 107 151 107 137
729 7 107 129 122 129 128 129 128 131 128 135 108 135 107 135
730 6 122 126 378 126 378 129 128 129 122 129 122 127
731 5 107 127 117 127 122 127 122 129 107 129
732 4 117 126 122 126 122 127 117 127
733 6 117 125 469 125 469 126 378 126 122 126 117 126
734 5 117 124 181 124 469 124 469 125 117 125
735 4 181 123 469 123 469 124 181 124
736 4 117 123 181 123 181 124 117 124
737 7 117 117 469 117 469 123 181 123 117 123 117 119 117 118
738 10 107 119 117 119 117 123 117 124 117 125 117 126 117 127 107 127 107 122 107 120
739 5 102 137 106 137 107 137 107 151 102 151
740 7 106 122 107 122 107 127 107 129 107 135 107 137 106 137
741 6 102 122 103 122 106 122 106 137 102 137 102 128
742 6 101 128 102 128 102 137 102 151 102 152 101 152
743 4 101 122 102 122 102 128 101 128
744 5 98 374 99 374 101 374 101 509 98 509
745 7 99 122 100 122 101 122 101 128 101 152 101 374 99 374
746 6 103 120 105 120 107 120 107 122 106 122 103 122
747 4 105 119 107 119 107 120 105 120
748 5 105 118 117 118 117 119 107 119 105 119
749 5 103 118 105 118 105 119 105 120 103 120
750 5 103 117 117 117 117 118 105 118 103 118
751 6 103 116 460 116 469 116 469 117 117 117 103 117
752 9 100 116 103 116 103 117 103 118 103 120 103 122 102 122 101 122 100 122
753 10 460 107 469 107 469 116 460 116 460 114 460 113 460 112 460 111 460 109 460 108
754 5 100 114 460 114 460 116 103 116 100 116
755 5 99 114 100 114 100 116 100 122 99 122
756 5 99 113 460 113 460 114 100 114 99 114
757 7 98 113 99 113 99 114 99 122 99 374 98 374 98 115
758 5 98 112 460 112 460 113 99 113 98 113
759 10 95 115 96 115 97 115 98 115 98 374 98 509 95 509 95 508 95 138 95 121
760 4 94 508 95 508 95 509 94 509
761 4 94 138 95 138 95 508 94 508
762 4 94 121 95 121 95 138 94 138
763 6 93 121 94 121 94 138 94 508 94 509 93 509
764 9 91 121 92 121 93 121 93 509 93 530 91 530 91 166 91 154 91 130
765 6 92 115 95 115 95 121 94 121 93 121 92 121
766 5 97 112 98 112 98 113 98 115 97 115
767 6 97 111 119 111 460 111 460 112 98 112 97 112
768 5 119 109 381 109 460 109 460 111 119 111
769 4 97 109 119 109 119 111 97 111
770 6 96 109 97 109 97 111 97 112 97 115 96 115
771 4 381 108 460 108 460 109 381 109
772 6 96 108 381 108 381 109 119 109 97 109 96 109
773 7 92 108 96 108 96 109 96 115 95 115 92 115 92 110
774 6 92 107 460 107 460 108 381 108 96 108 92 108
775 8 92 105 203 105 310 105 469 105 469 107 460 107 92 107 92 106
776 5 91 110 92 110 92 115 92 121 91 121
777 5 89 166 91 166 91 530 89 530 89 408
778 4 88 408 89 408 89 530 88 530
779 8 70 408 73 408 83 408 85 408 87 408 88 408 88 530 70 530
780 5 87 166 89 166 89 408 88 408 87 408
781 7 85 166 86 166 87 166 87 408 85 408 85 192 85 183
782 4 83 192 85 192 85 408 83 408
783 4 73 192 83 192 83 408 73 408
784 5 73 183 85 183 85 192 83 192 73 192
785 5 73 166 82 166 85 166 85 183 73 183
786 6 86 154 91 154 91 166 89 166 87 166 86 166
787 4 86 130 91 130 91 154 86 154
788 6 82 130 86 130 86 154 86 166 85 166 82 166
789 6 82 110 91 110 91 121 91 130 86 130 82 130
790 7 73 110 75 110 78 110 82 110 82 130 82 166 73 166
791 7 70 110 73 110 73 166 73 183 73 192 73 408 70 408
792 11 78 106 79 106 84 106 90 106 92 106 92 107 92 108 92 110 91 110 82 110 78 110
793 4 90 105 92 105 92 106 90 106
794 4 310 104 469 104 469 105 310 105
795 4 203 104 310 104 310 105 203 105
796 5 203 103 469 103 469 104 310 104 203 104
797 4 203 102 469 102 469 103 203 103
798 4 203 100 469 100 469 102 203 102
799 9 90 100 203 100 203 102 203 103 203 104 203 105 92 105 90 105 90 101
800 5 90 99 469 99 469 100 203 100 90 100
801 5 84 101 90 101 90 105 90 106 84 106
802 5 79 101 81 101 84 101 84 106 79 106
803 4 78 101 79 101 79 106 78 106
804 6 81 99 90 99 90 100 90 101 84 101 81 101
805 6 81 97 469 97 469 99 90 99 81 99 81 98
806 6 78 98 81 98 81 99 81 101 79 101 78 101
807 4 78 97 81 97 81 98 78 98
808 7 75 97 78 97 78 98 78 101 78 106 78 110 75 110
809 8 75 96 153 96 291 96 469 96 469 97 81 97 78 97 75 97
810 6 70 96 75 96 75 97 75 110 73 110 70 110
811 12 61 96 62 96 63 96 64 96 66 96 70 96 70 110 70 408 70 530 61 530 61 466 61 429
812 4 291 94 469 94 469 96 291 96
813 5 153 94 291 94 291 96 153 96 153 95
814 5 153 92 469 92 469 94 291 94 153 94
815 5 153 89 469 89 469 92 153 92 153 91
816 9 66 95 68 95 77 95 80 95 153 95 153 96 75 96 70 96 66 96
817 6 80 91 153 91 153 92 153 94 153 95 80 95
818 4 80 89 153 89 153 91 80 91
819 7 77 89 80 89 80 91 80 95 77 95 77 93 77 90
820 12 77 79 469 79 469 89 153 89 80 89 77 89 77 88 77 86 77 84 77 83 77 81 77 80
821 5 68 93 76 93 77 93 77 95 68 95
822 4 76 90 77 90 77 93 76 93
823 5 76 88 77 88 77 89 77 90 76 90
824 6 68 88 69 88 76 88 76 90 76 93 68 93
825 5 69 86 77 86 77 88 76 88 69 88
826 5 69 84 74 84 77 84 77 86 69 86
827 4 74 83 77 83 77 84 74 84
828 5 69 83 72 83 74 83 74 84 69 84
829 6 72 81 77 81 77 83 74 83 72 83 72 82
830 5 69 82 71 82 72 82 72 83 69 83
831 7 68 82 69 82 69 83 69 84 69 86 69 88 68 88
832 7 66 82 67 82 68 82 68 88 68 93 68 95 66 95
833 4 71 81 72 81 72 82 71 82
834 5 71 80 77 80 77 81 72 81 71 81
835 4 71 79 77 79 77 80 71 80
836 5 71 78 469 78 469 79 77 79 71 79
837 9 67 78 71 78 71 79 71 80 71 81 71 82 69 82 68 82 67 82
838 11 67 70 222 70 469 70 469 78 71 78 67 78 67 77 67 75 67 74 67 73 67 71
839 5 66 77 67 77 67 78 67 82 66 82
840 4 66 75 67 75 67 77 66 77
841 7 64 75 66 75 66 77 66 82 66 95 66 96 64 96
842 5 64 74 67 74 67 75 66 75 64 75
843 5 64 73 65 73 67 73 67 74 64 74
844 4 65 71 67 71 67 73 65 73
845 4 65 70 67 70 67 71 65 71
846 4 222 69 469 69 469 70 222 70
847 4 222 68 469 68 469 69 222 69
848 4 222 66 469 66 469 68 222 68
849 4 222 65 469 65 469 66 222 66
850 8 65 65 222 65 222 66 222 68 222 69 222 70 67 70 65 70
851 7 65 53 469 53 469 65 222 65 65 65 65 55 65 54
852 7 64 55 65 55 65 65 65 70 65 71 65 73 64 73
853 15 63 55 64 55 64 73 64 74 64 75 64 96 63 96 63 67 63 63 63 62 63 61 63 60 63 59 63 57 63 56
854 5 62 67 63 67 63 96 62 96 62 72
855 4 61 72 62 72 62 96 61 96
856 4 58 466 61 466 61 530 58 530
857 5 56 466 57 466 58 466 58 530 56 530
858 5 54 466 55 466 56 466 56 530 54 530
859 6 57 429 59 429 61 429 61 466 58 466 57 466
860 5 55 429 57 429 57 466 56 466 55 466
861 5 59 72 61 72 61 96 61 429 59 429
862 6 55 72 59 72 59 429 57 429 55 429 55 272
863 6 55 67 62 67 62 72 61 72 59 72 55 72
864 5 55 63 63 63 63 67 62 67 55 67
865 5 54 272 55 272 55 429 55 466 54 466
866 6 54 63 55 63 55 67 55 72 55 272 54 272
867 7 53 63 54 63 54 272 54 466 54 530 53 530 53 462
868 5 51 462 52 462 53 462 53 530 51 530
869 4 52 63 53 63 53 462 52 462
870 7 52 62 63 62 63 63 55 63 54 63 53 63 52 63
871 6 51 62 52 62 52 63 52 462 51 462 51 85
872 5 51 61 63 61 63 62 52 62 51 62
873 5 50 85 51 85 51 462 51 530 50 530
874 5 48 85 49 85 50 85 50 530 48 530
875 6 49 61 51 61 51 62 51 85 50 85 49 85
876 4 48 61 49 61 49 85 48 85
877 5 47 61 48 61 48 85 48 530 47 530
878 7 47 60 63 60 63 61 51 61 49 61 48 61 47 61
879 4 47 59 63 59 63 60 47 60
880 7 46 59 47 59 47 60 47 61 47 530 46 530 46 396
881 6 41 396 42 396 45 396 46 396 46 530 41 530
882 4 45 59 46 59 46 396 45 396
883 6 45 57 63 57 63 59 47 59 46 59 45 59
884 4 45 56 63 56 63 57 45 57
885 8 42 56 43 56 44 56 45 56 45 57 45 59 45 396 42 396
886 4 41 56 42 56 42 396 41 396
887 5 44 55 63 55 63 56 45 56 44 56
888 7 44 54 60 54 65 54 65 55 64 55 63 55 44 55
889 4 60 53 65 53 65 54 60 54
890 6 60 51 290 51 469 51 469 53 65 53 60 53
891 5 44 51 60 51 60 53 60 54 44 54
892 4 290 50 469 50 469 51 290 51
893 4 290 46 469 46 469 50 290 50
894 12 290 22 469 22 469 46 290 46 290 45 290 44 290 43 290 36 290 32 290 28 290 26 290 24
895 9 44 45 124 45 290 45 290 46 290 50 290 51 60 51 44 51 44 49
896 7 43 49 44 49 44 51 44 54 44 55 44 56 43 56
897 4 43 45 44 45 44 49 43 49
898 4 124 44 290 44 290 45 124 45
899 4 124 43 290 43 290 44 124 44
900 6 43 43 124 43 124 44 124 45 44 45 43 45
901 8 43 36 290 36 290 43 124 43 43 43 43 42 43 39 43 37
902 8 41 42 43 42 43 43 43 45 43 49 43 56 42 56 41 56
903 7 39 42 40 42 41 42 41 56 41 396 41 530 39 530
904 5 38 42 39 42 39 530 38 530 38 359
905 7 40 39 43 39 43 42 41 42 40 42 40 41 40 40
906 5 38 41 40 41 40 42 39 42 38 42
907 4 37 359 38 359 38 530 37 530
908 4 36 359 37 359 37 530 36 530
909 6 36 41 38 41 38 42 38 359 37 359 36 359
910 6 35 41 36 41 36 359 36 530 35 530 35 87
911 6 35 40 40 40 40 41 38 41 36 41 35 41
912 7 33 87 34 87 35 87 35 530 33 530 33 317 33 147
913 4 32 317 33 317 33 530 32 530
914 4 31 317 32 317 32 530 31 530
915 5 31 147 33 147 33 317 32 317 31 317
916 5 27 147 31 147 31 317 31 530 27 530
917 7 27 87 28 87 29 87 33 87 33 147 31 147 27 147
918 5 34 40 35 40 35 41 35 87 34 87
919 5 29 40 34 40 34 87 33 87 29 87
920 5 28 40 29 40 29 87 28 87 28 76
921 8 28 39 30 39 40 39 40 40 35 40 34 40 29 40 28 40
922 4 27 76 28 76 28 87 27 87
923 8 21 76 24 76 27 76 27 87 27 147 27 530 21 530 21 282
924 9 24 39 25 39 26 39 28 39 28 40 28 76 27 76 24 76 24 58
925 5 21 58 23 58 24 58 24 76 21 76
926 5 23 39 24 39 24 58 23 58 23 48
927 5 30 37 43 37 43 39 40 39 30 39
928 5 26 37 30 37 30 39 28 39 26 39
929 5 26 36 43 36 43 37 30 37 26 37
930 6 26 32 290 32 290 36 43 36 26 36 26 33
931 4 26 28 290 28 290 32 26 32
932 8 25 33 26 33 26 36 26 37 26 39 25 39 25 38 25 35
933 6 25 28 26 28 26 32 26 33 25 33 25 30
934 5 23 38 25 38 25 39 24 39 23 39
935 4 23 35 25 35 25 38 23 38
936 5 23 30 25 30 25 33 25 35 23 35
937 4 21 48 23 48 23 58 21 58
938 4 20 282 21 282 21 530 20 530
939 7 20 48 21 48 21 58 21 76 21 282 20 282 20 64
940 8 1 64 2 64 14 64 15 64 20 64 20 282 20 530 1 530
941 6 15 48 19 48 20 48 20 64 15 64 15 52
942 10 19 30 23 30 23 35 23 38 23 39 23 48 21 48 20 48 19 48 19 47
943 5 19 28 25 28 25 30 23 30 19 30
944 6 19 26 290 26 290 28 26 28 25 28 19 28
945 6 15 47 16 47 18 47 19 47 19 48 15 48
946 6 18 26 19 26 19 28 19 30 19 47 18 47
947 4 16 26 18 26 18 47 16 47
948 6 16 24 290 24 290 26 19 26 18 26 16 26
949 5 16 22 290 22 290 24 16 24 16 23
950 5 16 21 469 21 469 22 290 22 16 22
951 7 15 23 16 23 16 24 16 26 16 47 15 47 15 25
952 4 14 52 15 52 15 64 14 64
953 6 2 52 3 52 12 52 14 52 14 64 2 64
954 10 12 25 13 25 15 25 15 47 15 48 15 52 14 52 12 52 12 34 12 27
955 7 3 34 4 34 10 34 11 34 12 34 12 52 3 52
956 4 11 27 12 27 12 34 11 34
957 5 10 27 11 27 11 34 10 34 10 31
958 7 4 31 5 31 6 31 9 31 10 31 10 34 4 34
959 5 9 27 10 27 10 31 9 31 9 29
960 6 6 29 7 29 8 29 9 29 9 31 6 31
961 4 8 27 9 27 9 29 8 29
962 7 8 25 12 25 12 27 11 27 10 27 9 27 8 27
963 4 13 23 15 23 15 25 13 25
964 6 13 21 16 21 16 22 16 23 15 23 13 23
965 5 13 20 469 20 469 21 16 21 13 21
966 7 8 20 13 20 13 21 13 23 13 25 12 25 8 25
967 5 8 19 469 19 469 20 13 20 8 20
968 7 7 19 8 19 8 20 8 25 8 27 8 29 7 29
969 5 7 18 469 18 469 19 8 19 7 19
970 4 7 17 469 17 469 18 7 18
971 5 7 16 416 16 469 16 469 17 7 17
972 7 6 16 7 16 7 17 7 18 7 19 7 29 6 29
973 5 5 16 6 16 6 29 6 31 5 31
974 4 416 15 469 15 469 16 416 16
975 7 5 15 142 15 416 15 416 16 7 16 6 16 5 16
976 5 142 14 469 14 469 15 416 15 142 15
977 4 5 14 142 14 142 15 5 15
978 5 5 13 469 13 469 14 142 14 5 14
979 4 5 12 469 12 469 13 5 13
980 8 4 12 5 12 5 13 5 14 5 15 5 16 5 31 4 31
981 5 4 11 469 11 469 12 5 12 4 12
982 6 3 11 4 11 4 12 4 31 4 34 3 34
983 7 3 10 17 10 22 10 469 10 469 11 4 11 3 11
984 4 22 9 469 9 469 10 22 10
985 4 22 8 469 8 469 9 22 9
986 5 22 7 202 7 469 7 469 8 22 8
987 5 202 4 469 4 469 7 202 7 202 6
988 5 22 6 198 6 202 6 202 7 22 7
989 7 17 6 22 6 22 7 22 8 22 9 22 10 17 10
990 4 198 4 202 4 202 6 198 6
991 7 198 1 469 1 469 4 202 4 198 4 198 3 198 2
992 7 17 3 198 3 198 4 198 6 22 6 17 6 17 5
993 5 3 5 17 5 17 6 17 10 3 10
994 7 2 5 3 5 3 10 3 11 3 34 3 52 2 52
995 5 1 5 2 5 2 52 2 64 1 64
996 5 0 5 1 5 1 64 1 530 0 530
997 7 0 3 17 3 17 5 3 5 2 5 1 5 0 5
998 5 0 2 198 2 198 3 17 3 0 3
999 4 0 1 198 1 198 2 0 2
1000 5 0 0 469 0 469 1 198 1 0 1
1000
1 178 0 481 3 481 4 481 5 481 6 481 9 481 10 481 11 481 12 481 14 481 15 481 16 481 17 481 18 481 20 481 22 481 23 481 29 481 32 481 33 481 35 481 36 481 37 481 45 481 47 481 50 481 51 481 55 481 56 481 57 481 58 481 59 481 61 481 62 481 64 481 65 481 66 481 67 481 92 481 96 481 109 481 111 481 116 481 118 481 119 481 159 481 163 481 166 481 168 481 169 481 170 481 175 481 177 481 178 481 179 481 180 481 181 481 187 481 191 481 194 481 195 481 198 481 199 481 201 481 204 481 206 481 211 481 212 481 213 481 223 481 228 481 229 481 242 481 243 481 244 481 255 481 256 481 258 481 259 481 260 481 262 481 263 481 265 481 269 481 274 481 275 481 276 481 280 481 281 481 282 481 284 481 285 481 286 481 297 481 298 481 299 481 300 481 301 481 303 481 304 481 307 481 308 481 309 481 310 481 311 481 312 481 313 481 315 481 316 481 317 481 320 481 337 481 339 481 340 481 341 481 342 481 343 481 344 481 345 481 346 481 347 481 352 481 353 481 354 481 359 481 363 481 364 481 366 481 371 481 372 481 373 481 376 481 378 481 380 481 384 481 385 481 388 481 389 481 396 481 397 481 401 481 408 481 409 481 412 481 415 481 418 481 419 481 420 481 421 481 422 481 423 481 424 481 444 481 445 481 446 481 447 481 448 481 449 481 450 481 453 481 457 481 459 481 461 481 494 481 497 481 499 481 502 481 504 481 506 481 507 481 508 481 510 481 514 481 516 481 518 481 519 481 519 482 0 482
2 126 518 0 519 0 519 481 518 481 518 477 518 474 518 462 518 460 518 454 518 453 518 451 518 448 518 447 518 441 518 440 518 439 518 438 518 437 518 436 518 434 518 431 518 429 518 427 518 424 518 423 518 399 518 398 518 397 518 395 518 394 518 393 518 392 518 390 518 389 518 386 518 385 518 378 518 324 518 323 518 322 518 321 518 319 518 318 518 316 518 315 518 312 518 311 518 308 518 307 518 306 518 304 518 301 518 296 518 294 518 293 518 292 518 291 518 289 518 287 518 286 518 283 518 282 518 279 518 277 518 273 518 269 518 267 518 225 518 224 518 222 518 221 518 220 518 214 518 164 518 161 518 159 518 158 518 149 518 143 518 142 518 139 518 138 518 137 518 125 518 124 518 123 518 122 518 121 518 120 518 119 518 117 518 115 518 109 518 108 518 106 518 105 518 104 518 103 518 102 518 100 518 87 518 86 518 85 518 84 518 83 518 81 518 79 518 78 518 71 518 70 518 61 518 58 518 51 518 43 518 40 518 33 518 29 518 28 518 20 518 17 518 15 518 14 518 13 518 11 518 8 518 2
3 5 516 477 518 477 518 481 516 481 516 478
4 5 514 478 516 478 516 481 514 481 514 479
5 5 510 479 512 479 514 479 514 481 510 481
6 4 508 479 510 479 510 481 508 481
7 4 507 479 508 479 508 481 507 481
8 4 512 478 514 478 514 479 512 479
9 5 512 477 516 477 516 478 514 478 512 478
10 8 512 474 515 474 517 474 518 474 518 477 516 477 512 477 512 476
11 7 517 462 518 462 518 474 517 474 517 473 517 471 517 469
12 4 515 473 517 473 517 474 515 474
13 4 515 471 517 471 517 473 515 473
14 5 512 471 515 471 515 473 515 474 512 474
15 8 507 476 512 476 512 477 512 478 512 479 510 479 508 479 507 479
16 5 506 476 507 476 507 479 507 481 506 481
17 4 504 476 506 476 506 481 504 481
18 7 504 471 512 471 512 474 512 476 507 476 506 476 504 476
19 6 504 469 517 469 517 471 515 471 512 471 504 471
20 6 502 469 504 469 504 471 504 476 504 481 502 481
21 4 499 469 502 469 502 481 499 481
22 8 499 462 501 462 517 462 517 469 504 469 502 469 499 469 499 464
23 9 497 464 499 464 499 469 499 481 497 481 497 470 497 468 497 467 497 465
24 6 494 470 495 470 497 470 497 481 494 481 494 475
25 7 461 475 462 475 463 475 482 475 494 475 494 481 461 481
26 4 482 470 494 470 494 475 482 475
27 4 495 468 497 468 497 470 495 470
28 4 495 467 497 467 497 468 495 468
29 7 482 467 484 467 495 467 495 468 495 470 494 470 482 470
30 7 484 465 485 465 487 465 497 465 497 467 495 467 484 467
31 4 487 464 497 464 497 465 487 465
32 6 487 462 492 462 499 462 499 464 497 464 487 464
33 6 501 460 511 460 518 460 518 462 517 462 501 462
34 7 511 454 518 454 518 460 511 460 511 459 511 458 511 457
35 4 501 459 511 459 511 460 501 460
36 6 492 459 501 459 501 460 501 462 499 462 492 462
37 5 487 459 488 459 492 459 492 462 487 462
38 8 488 458 489 458 491 458 511 458 511 459 501 459 492 459 488 459
39 4 491 457 511 457 511 458 491 458
40 4 489 457 491 457 491 458 489 458
41 7 489 454 503 454 511 454 511 457 491 457 489 457 489 456
42 6 503 453 509 453 518 453 518 454 511 454 503 454
43 4 489 453 503 453 503 454 489 454
44 4 509 451 518 451 518 453 509 453
45 5 509 448 518 448 518 451 509 451 509 449
46 4 509 447 518 447 518 448 509 448
47 6 489 449 509 449 509 451 509 453 503 453 489 453
48 5 488 456 489 456 489 457 489 458 488 458
49 6 488 449 489 449 489 453 489 454 489 456 488 456
50 6 487 449 488 449 488 456 488 458 488 459 487 459
51 8 487 447 490 447 509 447 509 448 509 449 489 449 488 449 487 449
52 8 485 447 487 447 487 449 487 459 487 462 487 464 487 465 485 465
53 10 490 441 518 441 518 447 509 447 490 447 490 446 490 445 490 444 490 443 490 442
54 6 485 446 486 446 490 446 490 447 487 447 485 447
55 4 486 445 490 445 490 446 486 446
56 4 485 445 486 445 486 446 485 446
57 5 485 444 490 444 490 445 486 445 485 445
58 4 485 443 490 443 490 444 485 444
59 9 484 443 485 443 485 444 485 445 485 446 485 447 485 465 484 465 484 455
60 6 482 455 483 455 484 455 484 465 484 467 482 467
61 4 483 443 484 443 484 455 483 455
62 6 483 442 490 442 490 443 485 443 484 443 483 443
63 5 482 442 483 442 483 443 483 455 482 455
64 8 463 442 464 442 482 442 482 455 482 467 482 470 482 475 463 475
65 6 464 441 490 441 490 442 483 442 482 442 464 442
66 6 464 440 500 440 518 440 518 441 490 441 464 441
67 4 500 439 518 439 518 440 500 440
68 10 464 439 466 439 467 439 473 439 479 439 480 439 481 439 500 439 500 440 464 440
69 5 481 438 518 438 518 439 500 439 481 439
70 5 481 437 496 437 518 437 518 438 481 438
71 4 496 436 518 436 518 437 496 437
72 5 496 434 513 434 518 434 518 436 496 436
73 5 481 434 496 434 496 436 496 437 481 437
74 6 480 434 481 434 481 437 481 438 481 439 480 439
75 6 513 431 518 431 518 434 513 434 513 433 513 432
76 6 480 433 513 433 513 434 496 434 481 434 480 434
77 5 479 433 480 433 480 434 480 439 479 439
78 4 473 433 479 433 479 439 473 439
79 6 473 432 513 432 513 433 480 433 479 433 473 433
80 5 467 432 473 432 473 433 473 439 467 439
81 7 467 431 468 431 469 431 513 431 513 432 473 432 467 432
82 9 469 429 470 429 472 429 475 429 476 429 518 429 518 431 513 431 469 431
83 4 476 427 518 427 518 429 476 429
84 5 476 424 478 424 518 424 518 427 476 427
85 5 475 424 476 424 476 427 476 429 475 429
86 4 478 423 518 423 518 424 478 424
87 6 478 399 518 399 518 423 478 423 478 420 478 401
88 6 475 420 478 420 478 423 478 424 476 424 475 424
89 5 472 420 475 420 475 424 475 429 472 429
90 4 470 420 472 420 472 429 470 429
91 9 470 401 477 401 478 401 478 420 475 420 472 420 470 420 470 405 470 404
92 5 469 405 470 405 470 420 470 429 469 429
93 10 468 405 469 405 469 429 469 431 468 431 468 425 468 422 468 412 468 410 468 406
94 4 467 425 468 425 468 431 467 431
95 4 467 422 468 422 468 425 467 425
96 7 466 422 467 422 467 425 467 431 467 432 467 439 466 439
97 4 464 422 466 422 466 439 464 439
98 7 463 422 464 422 464 439 464 440 464 441 464 442 463 442
99 7 463 412 468 412 468 422 467 422 466 422 464 422 463 422
100 6 462 412 463 412 463 422 463 442 463 475 462 475
101 8 461 412 462 412 462 475 461 475 461 426 461 421 461 418 461 414
102 6 459 426 461 426 461 475 461 481 459 481 459 430
103 4 457 430 459 430 459 481 457 481
104 5 457 426 458 426 459 426 459 430 457 430
105 5 458 421 461 421 461 426 459 426 458 426
106 4 457 421 458 421 458 426 457 426
107 7 453 421 454 421 457 421 457 426 457 430 457 481 453 481
108 7 454 418 455 418 461 418 461 421 458 421 457 421 454 421
109 4 455 414 461 414 461 418 455 418
110 6 454 414 455 414 455 418 454 418 454 417 454 415
111 5 453 417 454 417 454 418 454 421 453 421
112 6 450 417 452 417 453 417 453 421 453 481 450 481
113 4 449 417 450 417 450 481 449 481
114 6 452 415 454 415 454 417 453 417 452 417 452 416
115 6 449 416 451 416 452 416 452 417 450 417 449 417
116 5 448 416 449 416 449 417 449 481 448 481
117 4 451 415 452 415 452 416 451 416
118 5 448 415 451 415 451 416 449 416 448 416
119 6 448 414 454 414 454 415 452 415 451 415 448 415
120 7 447 414 448 414 448 415 448 416 448 481 447 481 447 480
121 4 446 480 447 480 447 481 446 481
122 4 445 480 446 480 446 481 445 481
123 4 444 480 445 480 445 481 444 481
124 7 444 414 447 414 447 480 446 480 445 480 444 480 444 419
125 9 444 412 460 412 461 412 461 414 455 414 454 414 448 414 447 414 444 414
126 11 424 419 430 419 437 419 438 419 439 419 440 419 443 419 444 419 444 480 444 481 424 481
127 5 443 412 444 412 444 414 444 419 443 419
128 7 460 410 468 410 468 412 463 412 462 412 461 412 460 412
129 4 460 406 468 406 468 410 460 410
130 4 460 405 468 405 468 406 460 406
131 7 443 405 460 405 460 406 460 410 460 412 444 412 443 412
132 7 443 404 470 404 470 405 469 405 468 405 460 405 443 405
133 7 440 404 442 404 443 404 443 405 443 412 443 419 440 419
134 4 439 404 440 404 440 419 439 419
135 6 442 401 470 401 470 404 443 404 442 404 442 403
136 4 477 399 478 399 478 401 477 401
137 5 477 398 518 398 518 399 478 399 477 399
138 4 477 397 518 397 518 398 477 398
139 4 477 395 518 395 518 397 477 397
140 9 442 395 477 395 477 397 477 398 477 399 477 401 470 401 442 401 442 396
141 6 439 403 441 403 442 403 442 404 440 404 439 404
142 5 438 403 439 403 439 404 439 419 438 419
143 5 441 396 442 396 442 401 442 403 441 403
144 5 438 396 441 396 441 403 439 403 438 403
145 5 437 396 438 396 438 403 438 419 437 419
146 7 430 396 432 396 434 396 437 396 437 419 430 419 430 409
147 7 434 395 442 395 442 396 441 396 438 396 437 396 434 396
148 6 434 394 518 394 518 395 477 395 442 395 434 395
149 5 432 394 434 394 434 395 434 396 432 396
150 5 432 393 518 393 518 394 434 394 432 394
151 5 430 393 432 393 432 394 432 396 430 396
152 5 430 392 518 392 518 393 432 393 430 393
153 6 424 409 425 409 426 409 430 409 430 419 424 419
154 6 426 392 430 392 430 393 430 396 430 409 426 409
155 6 426 390 431 390 518 390 518 392 430 392 426 392
156 6 431 389 474 389 493 389 518 389 518 390 431 390
157 4 493 386 518 386 518 389 493 389
158 4 493 385 518 385 518 386 493 386
159 5 493 378 518 378 518 385 493 385 493 379
160 11 493 324 518 324 518 378 493 378 493 375 493 373 493 372 493 371 493 329 493 328 493 325
161 8 474 379 493 379 493 385 493 386 493 389 474 389 474 383 474 380
162 5 431 383 474 383 474 389 431 389 431 388
163 5 431 380 436 380 474 380 474 383 431 383
164 4 436 379 474 379 474 380 436 380
165 7 436 375 465 375 493 375 493 378 493 379 474 379 436 379
166 6 431 375 436 375 436 379 436 380 431 380 431 376
167 4 465 373 493 373 493 375 465 375
168 5 431 373 465 373 465 375 436 375 431 375
169 6 426 388 428 388 431 388 431 389 431 390 426 390
170 7 428 376 429 376 431 376 431 380 431 383 431 388 428 388
171 5 429 373 431 373 431 375 431 376 429 376
172 6 429 372 493 372 493 373 465 373 431 373 429 373
173 4 429 371 493 371 493 372 429 372
174 5 429 329 493 329 493 371 429 371 429 334
175 10 428 334 429 334 429 371 429 372 429 373 429 376 428 376 428 374 428 363 428 335
176 5 426 374 428 374 428 376 428 388 426 388
177 7 425 374 426 374 426 388 426 390 426 392 426 409 425 409
178 4 424 374 425 374 425 409 424 409
179 7 423 374 424 374 424 409 424 419 424 481 423 481 423 384
180 7 423 363 428 363 428 374 426 374 425 374 424 374 423 374
181 7 423 335 428 335 428 363 423 363 423 351 423 337 423 336
182 4 422 384 423 384 423 481 422 481
183 6 422 351 423 351 423 363 423 374 423 384 422 384
184 5 421 351 422 351 422 384 422 481 421 481
185 8 420 351 421 351 421 481 420 481 420 357 420 356 420 355 420 353
186 6 419 357 420 357 420 481 419 481 419 361 419 358
187 4 418 361 419 361 419 481 418 481
188 6 415 361 418 361 418 481 415 481 415 382 415 362
189 5 412 382 415 382 415 481 412 481 412 452
190 4 409 452 412 452 412 481 409 481
191 4 409 382 412 382 412 452 409 452
192 5 409 362 415 362 415 382 412 382 409 382
193 9 408 362 409 362 409 382 409 452 409 481 408 481 408 370 408 369 408 366
194 5 408 361 415 361 415 362 409 362 408 362
195 5 401 370 402 370 408 370 408 481 401 481
196 5 397 370 399 370 401 370 401 481 397 481
197 4 396 370 397 370 397 481 396 481
198 5 389 370 393 370 396 370 396 481 389 481
199 6 402 369 405 369 407 369 408 369 408 370 402 370
200 4 407 366 408 366 408 369 407 369
201 6 407 361 408 361 408 362 408 366 407 366 407 364
202 8 407 358 419 358 419 361 418 361 415 361 408 361 407 361 407 359
203 5 405 364 407 364 407 366 407 369 405 369
204 5 405 359 407 359 407 361 407 364 405 364
205 4 405 358 407 358 407 359 405 359
206 5 405 357 419 357 419 358 407 358 405 358
207 7 402 357 405 357 405 358 405 359 405 364 405 369 402 369
208 6 402 356 420 356 420 357 419 357 405 357 402 357
209 4 402 355 420 355 420 356 402 356
210 9 399 355 402 355 402 356 402 357 402 369 402 370 401 370 399 370 399 367
211 8 399 353 400 353 404 353 406 353 420 353 420 355 402 355 399 355
212 5 406 351 416 351 420 351 420 353 406 353
213 8 416 337 423 337 423 351 422 351 421 351 420 351 416 351 416 349
214 4 406 349 416 349 416 351 406 351
215 5 404 349 406 349 406 351 406 353 404 353
216 4 400 349 404 349 404 353 400 353
217 8 400 337 416 337 416 349 406 349 404 349 400 349 400 341 400 338
218 5 399 341 400 341 400 349 400 353 399 353
219 7 393 367 398 367 399 367 399 370 397 370 396 370 393 370
220 6 389 367 390 367 392 367 393 367 393 370 389 370
221 7 398 341 399 341 399 353 399 355 399 367 398 367 398 360
222 5 392 360 398 360 398 367 393 367 392 367
223 7 392 341 398 341 398 360 392 360 392 344 392 343 392 342
224 5 390 344 392 344 392 360 392 367 390 367
225 7 389 344 390 344 390 367 389 367 389 354 389 347 389 346
226 6 388 354 389 354 389 367 389 370 389 481 388 481
227 5 385 354 386 354 388 354 388 481 385 481
228 4 384 354 385 354 385 481 384 481
229 7 386 347 389 347 389 354 388 354 386 354 386 350 386 348
230 5 384 350 386 350 386 354 385 354 384 354
231 5 380 350 384 350 384 354 384 481 380 481
232 6 380 348 381 348 386 348 386 350 384 350 380 350
233 5 381 347 383 347 386 347 386 348 381 348
234 5 383 346 389 346 389 347 386 347 383 347
235 5 383 344 389 344 389 346 383 346 383 345
236 6 383 343 392 343 392 344 390 344 389 344 383 344
237 5 381 345 383 345 383 346 383 347 381 347
238 5 381 343 383 343 383 344 383 345 381 345
239 6 381 342 391 342 392 342 392 343 383 343 381 343
240 7 380 342 381 342 381 343 381 345 381 347 381 348 380 348
241 8 378 342 380 342 380 348 380 350 380 481 378 481 378 472 378 450
242 4 376 472 378 472 378 481 376 481
243 5 373 472 375 472 376 472 376 481 373 481
244 4 372 472 373 472 373 481 372 481
245 5 375 450 378 450 378 472 376 472 375 472
246 4 375 342 378 342 378 450 375 450
247 4 391 341 392 341 392 342 391 342
248 8 391 338 400 338 400 341 399 341 398 341 392 341 391 341 391 339
249 8 375 339 391 339 391 341 391 342 381 342 380 342 378 342 375 342
250 8 372 339 375 339 375 342 375 450 375 472 373 472 372 472 372 411
251 5 371 411 372 411 372 472 372 481 371 481
252 5 371 339 372 339 372 411 371 411 371 381
253 6 371 338 391 338 391 339 375 339 372 339 371 339
254 5 366 381 371 381 371 411 371 481 366 481
255 5 364 381 365 381 366 381 366 481 364 481
256 6 365 338 371 338 371 339 371 381 366 381 365 381
257 6 365 337 400 337 400 338 391 338 371 338 365 338
258 6 365 336 423 336 423 337 416 337 400 337 365 337
259 6 364 336 365 336 365 337 365 338 365 381 364 381
260 7 363 336 364 336 364 381 364 481 363 481 363 461 363 402
261 6 363 335 423 335 423 336 365 336 364 336 363 336
262 6 363 334 387 334 428 334 428 335 423 335 363 335
263 4 359 461 363 461 363 481 359 481
264 4 359 402 363 402 363 461 359 461
265 5 354 402 359 402 359 461 359 481 354 481
266 8 354 334 355 334 363 334 363 335 363 336 363 402 359 402 354 402
267 6 387 329 411 329 429 329 429 334 428 334 387 334
268 6 411 328 456 328 493 328 493 329 429 329 411 329
269 6 456 325 493 325 493 328 456 328 456 327 456 326
270 4 411 327 456 327 456 328 411 328
271 5 387 327 411 327 411 328 411 329 387 329
272 6 355 327 387 327 387 329 387 334 363 334 355 334
273 7 355 326 356 326 456 326 456 327 411 327 387 327 355 327
274 4 356 325 456 325 456 326 356 326
275 5 356 324 493 324 493 325 456 325 356 325
276 6 356 323 357 323 518 323 518 324 493 324 356 324
277 5 357 322 471 322 518 322 518 323 357 323
278 4 471 321 518 321 518 322 471 322
279 4 471 319 518 319 518 321 471 321
280 4 471 318 518 318 518 319 471 319
281 4 471 316 518 316 518 318 471 318
282 7 357 316 471 316 471 318 471 319 471 321 471 322 357 322
283 9 357 315 361 315 369 315 370 315 379 315 518 315 518 316 471 316 357 316
284 8 379 312 435 312 498 312 505 312 518 312 518 315 379 315 379 313
285 5 370 313 374 313 379 313 379 315 370 315
286 4 369 313 370 313 370 315 369 315
287 4 374 312 379 312 379 313 374 313
288 5 369 312 374 312 374 313 370 313 369 313
289 4 505 311 518 311 518 312 505 312
290 4 498 311 505 311 505 312 498 312
291 6 498 308 518 308 518 311 505 311 498 311 498 309
292 4 498 307 518 307 518 308 498 308
293 4 498 306 518 306 518 307 498 307
294 5 498 304 518 304 518 306 498 306 498 305
295 4 498 301 518 301 518 304 498 304
296 5 435 309 498 309 498 311 498 312 435 312
297 7 435 305 498 305 498 306 498 307 498 308 498 309 435 309
298 5 435 301 498 301 498 304 498 305 435 305
299 9 369 301 435 301 435 305 435 309 435 312 379 312 374 312 369 312 369 302
300 7 369 296 518 296 518 301 498 301 435 301 369 301 369 297
301 8 361 302 368 302 369 302 369 312 369 313 369 315 361 315 361 310
302 5 368 297 369 297 369 301 369 302 368 302
303 6 361 297 362 297 368 297 368 302 361 302 361 298
304 4 357 310 361 310 361 315 357 315
305 7 357 298 361 298 361 302 361 310 357 310 357 300 357 299
306 8 356 300 357 300 357 310 357 315 357 316 357 322 357 323 356 323
307 7 355 300 356 300 356 323 356 324 356 325 356 326 355 326
308 5 355 299 357 299 357 300 356 300 355 300
309 7 354 299 355 299 355 300 355 326 355 327 355 334 354 334
310 6 353 299 354 299 354 334 354 402 354 481 353 481
311 6 353 298 357 298 357 299 355 299 354 299 353 299
312 5 352 298 353 298 353 299 353 481 352 481
313 5 347 298 349 298 352 298 352 481 347 481
314 7 349 297 361 297 361 298 357 298 353 298 352 298 349 298
315 5 362 296 369 296 369 297 368 297 362 297
316 6 362 294 518 294 518 296 369 296 362 296 362 295
317 4 362 293 518 293 518 294 362 294
318 4 362 292 518 292 518 293 362 293
319 6 349 295 362 295 362 296 362 297 361 297 349 297
320 8 349 292 350 292 351 292 362 292 362 293 362 294 362 295 349 295
321 6 351 291 358 291 518 291 518 292 362 292 351 292
322 5 358 289 360 289 518 289 518 291 358 291
323 4 360 287 518 287 518 289 360 289
324 4 360 286 518 286 518 287 360 287
325 6 360 283 377 283 403 283 518 283 518 286 360 286
326 4 403 282 518 282 518 283 403 283
327 4 377 282 403 282 403 283 377 283
328 5 377 279 518 279 518 282 403 282 377 282
329 5 377 277 413 277 518 277 518 279 377 279
330 6 413 273 414 273 518 273 518 277 413 277 413 276
331 5 414 269 518 269 518 273 414 273 414 272
332 4 414 267 518 267 518 269 414 269
333 10 414 225 518 225 518 267 414 267 414 261 414 254 414 232 414 230 414 228 414 227
334 4 413 272 414 272 414 273 413 273
335 4 377 276 413 276 413 277 377 277
336 5 377 272 413 272 413 273 413 276 377 276
337 8 377 261 395 261 414 261 414 267 414 269 414 272 413 272 377 272
338 10 360 261 367 261 377 261 377 272 377 276 377 277 377 279 377 282 377 283 360 283
339 4 395 254 414 254 414 261 395 261
340 6 367 254 382 254 395 254 395 261 377 261 367 261
341 8 382 232 414 232 414 254 395 254 382 254 382 242 382 234 382 233
342 4 367 242 382 242 382 254 367 254
343 7 360 242 367 242 367 254 367 261 360 261 360 244 360 243
344 9 358 244 360 244 360 261 360 283 360 286 360 287 360 289 358 289 358 246
345 6 351 246 358 246 358 289 358 291 351 291 351 252
346 7 350 252 351 252 351 291 351 292 350 292 350 255 350 253
347 9 349 255 350 255 350 292 349 292 349 285 349 271 349 265 349 264 349 262
348 7 347 285 349 285 349 292 349 295 349 297 349 298 347 298
349 5 346 285 347 285 347 298 347 481 346 481
350 4 345 285 346 285 346 481 345 481
351 5 344 285 345 285 345 481 344 481 344 352
352 4 343 352 344 352 344 481 343 481
353 6 342 352 343 352 343 481 342 481 342 377 342 365
354 4 341 377 342 377 342 481 341 481
355 5 340 377 341 377 341 481 340 481 340 428
356 4 339 428 340 428 340 481 339 481
357 4 337 428 339 428 339 481 337 481
358 5 337 377 340 377 340 428 339 428 337 428
359 8 320 377 321 377 324 377 335 377 337 377 337 428 337 481 320 481
360 7 335 365 342 365 342 377 341 377 340 377 337 377 335 377
361 5 335 352 336 352 342 352 342 365 335 365
362 8 324 352 326 352 330 352 332 352 335 352 335 365 335 377 324 377
363 6 336 285 344 285 344 352 343 352 342 352 336 352
364 8 336 271 349 271 349 285 347 285 346 285 345 285 344 285 336 285
365 4 336 265 349 265 349 271 336 271
366 8 332 265 334 265 336 265 336 271 336 285 336 352 335 352 332 352
367 6 334 264 338 264 349 264 349 265 336 265 334 265
368 4 338 262 349 262 349 264 338 264
369 5 338 255 349 255 349 262 338 262 338 257
370 5 334 257 338 257 338 262 338 264 334 264
371 5 332 257 334 257 334 264 334 265 332 265
372 6 330 257 332 257 332 265 332 352 330 352 330 330
373 6 330 255 338 255 338 257 334 257 332 257 330 257
374 6 330 253 350 253 350 255 349 255 338 255 330 255
375 4 330 252 350 252 350 253 330 253
376 6 326 330 328 330 329 330 330 330 330 352 326 352
377 4 324 330 326 330 326 352 324 352
378 8 329 252 330 252 330 253 330 255 330 257 330 330 329 330 329 256
379 6 328 256 329 256 329 330 328 330 328 275 328 270
380 5 324 275 328 275 328 330 326 330 324 330
381 6 321 275 324 275 324 330 324 352 324 377 321 377
382 9 321 270 322 270 323 270 325 270 327 270 328 270 328 275 324 275 321 275
383 4 327 256 328 256 328 270 327 270
384 5 327 252 329 252 329 256 328 256 327 256
385 7 327 246 351 246 351 252 350 252 330 252 329 252 327 252
386 5 327 244 358 244 358 246 351 246 327 246
387 9 325 244 327 244 327 246 327 252 327 256 327 270 325 270 325 268 325 266
388 4 323 268 325 268 325 270 323 270
389 4 323 266 325 266 325 268 323 268
390 5 323 244 325 244 325 266 323 266 323 249
391 7 322 249 323 249 323 266 323 268 323 270 322 270 322 250
392 5 321 250 322 250 322 270 321 270 321 251
393 6 320 251 321 251 321 270 321 275 321 377 320 377
394 7 317 251 318 251 320 251 320 377 320 481 317 481 317 260
395 4 316 260 317 260 317 481 316 481
396 6 315 260 316 260 316 481 315 481 315 333 315 263
397 4 313 333 315 333 315 481 313 481
398 4 313 263 315 263 315 333 313 333
399 5 312 263 313 263 313 333 313 481 312 481
400 4 311 263 312 263 312 481 311 481
401 4 310 263 311 263 311 481 310 481
402 8 310 260 314 260 315 260 315 263 313 263 312 263 311 263 310 263
403 6 314 251 317 251 317 260 316 260 315 260 314 260
404 4 310 251 314 251 314 260 310 260
405 6 309 251 310 251 310 260 310 263 310 481 309 481
406 5 308 251 309 251 309 481 308 481 308 303
407 5 318 250 321 250 321 251 320 251 318 251
408 5 318 249 322 249 322 250 321 250 318 250
409 9 308 249 318 249 318 250 318 251 317 251 314 251 310 251 309 251 308 251
410 5 307 303 308 303 308 481 307 481 307 340
411 5 304 340 305 340 307 340 307 481 304 481
412 4 305 303 307 303 307 340 305 340
413 7 305 249 306 249 308 249 308 251 308 303 307 303 305 303
414 7 306 244 323 244 323 249 322 249 318 249 308 249 306 249
415 8 306 243 360 243 360 244 358 244 327 244 325 244 323 244 306 244
416 4 306 242 360 242 360 243 306 243
417 6 306 234 382 234 382 242 367 242 360 242 306 242
418 7 305 234 306 234 306 242 306 243 306 244 306 249 305 249
419 6 304 234 305 234 305 249 305 303 305 340 304 340
420 6 304 233 382 233 382 234 306 234 305 234 304 234
421 6 303 233 304 233 304 234 304 340 304 481 303 481
422 5 301 233 303 233 303 481 301 481 301 391
423 4 300 391 301 391 301 481 300 481
424 5 300 233 301 233 301 391 300 391 300 259
425 7 300 232 382 232 382 233 304 233 303 233 301 233 300 233
426 5 299 259 300 259 300 391 300 481 299 481
427 5 298 259 299 259 299 481 298 481 298 317
428 4 297 317 298 317 298 481 297 481
429 6 286 317 287 317 296 317 297 317 297 481 286 481
430 5 296 259 298 259 298 317 297 317 296 317
431 9 287 259 289 259 291 259 292 259 294 259 295 259 296 259 296 317 287 317
432 9 295 232 300 232 300 233 300 259 299 259 298 259 296 259 295 259 295 235
433 6 295 230 414 230 414 232 382 232 300 232 295 232
434 4 294 235 295 235 295 259 294 259
435 4 292 235 294 235 294 259 292 259
436 4 291 235 292 235 292 259 291 259
437 7 291 230 295 230 295 232 295 235 294 235 292 235 291 235
438 6 289 230 291 230 291 235 291 259 289 259 289 241
439 7 289 228 414 228 414 230 295 230 291 230 289 230 289 229
440 4 287 241 289 241 289 259 287 259
441 5 286 241 287 241 287 259 287 317 286 317
442 6 285 241 286 241 286 317 286 481 285 481 285 248
443 4 284 248 285 248 285 481 284 481
444 7 282 248 283 248 284 248 284 481 282 481 282 274 282 258
445 5 281 274 282 274 282 481 281 481 281 280
446 4 280 280 281 280 281 481 280 481
447 5 276 280 279 280 280 280 280 481 276 481
448 5 275 280 276 280 276 481 275 481 275 466
449 5 279 274 281 274 281 280 280 280 279 280
450 5 279 258 282 258 282 274 281 274 279 274
451 4 279 248 282 248 282 258 279 258
452 7 275 248 279 248 279 258 279 274 279 280 276 280 275 280
453 4 274 466 275 466 275 481 274 481
454 4 269 466 274 466 274 481 269 481
455 5 265 466 266 466 269 466 269 481 265 481
456 9 266 248 267 248 271 248 275 248 275 280 275 466 274 466 269 466 266 466
457 5 283 241 285 241 285 248 284 248 283 248
458 8 283 229 289 229 289 230 289 241 287 241 286 241 285 241 283 241
459 8 271 229 283 229 283 241 283 248 282 248 279 248 275 248 271 248
460 5 267 229 268 229 271 229 271 248 267 248
461 6 268 228 289 228 289 229 283 229 271 229 268 229
462 6 268 227 270 227 414 227 414 228 289 228 268 228
463 5 267 227 268 227 268 228 268 229 267 229
464 5 266 227 267 227 267 229 267 248 266 248
465 4 270 225 414 225 414 227 270 227
466 7 270 224 272 224 278 224 518 224 518 225 414 225 270 225
467 5 278 222 288 222 518 222 518 224 278 224
468 4 288 221 518 221 518 222 288 222
469 5 288 220 293 220 518 220 518 221 288 221
470 5 293 214 518 214 518 220 293 220 293 219
471 10 293 164 410 164 518 164 518 214 293 214 293 213 293 171 293 169 293 167 293 166
472 4 288 219 293 219 293 220 288 220
473 5 288 213 293 213 293 214 293 219 288 219
474 7 278 213 288 213 288 219 288 220 288 221 288 222 278 222
475 9 278 171 293 171 293 213 288 213 278 213 278 183 278 175 278 173 278 172
476 7 272 183 278 183 278 213 278 222 278 224 272 224 272 184
477 4 270 184 272 184 272 224 270 224
478 11 266 184 270 184 270 224 270 225 270 227 268 227 267 227 266 227 266 187 266 186 266 185
479 10 265 187 266 187 266 227 266 248 266 466 265 466 265 205 265 204 265 193 265 188
480 7 263 205 265 205 265 466 265 481 263 481 263 216 263 211
481 4 262 216 263 216 263 481 262 481
482 5 260 216 262 216 262 481 260 481 260 223
483 7 259 223 260 223 260 481 259 481 259 245 259 240 259 238
484 4 258 245 259 245 259 481 258 481
485 4 258 240 259 240 259 245 258 245
486 4 258 238 259 238 259 240 258 240
487 6 256 238 258 238 258 240 258 245 258 481 256 481
488 4 255 238 256 238 256 481 255 481
489 10 244 238 245 238 246 238 247 238 248 238 251 238 254 238 255 238 255 481 244 481
490 7 254 223 259 223 259 238 258 238 256 238 255 238 254 238
491 5 254 216 260 216 260 223 259 223 254 223
492 6 251 216 254 216 254 223 254 238 251 238 251 237
493 5 248 237 250 237 251 237 251 238 248 238
494 4 250 216 251 216 251 237 250 237
495 10 250 211 252 211 263 211 263 216 262 216 260 216 254 216 251 216 250 216 250 212
496 6 248 212 249 212 250 212 250 216 250 237 248 237
497 4 249 211 250 211 250 212 249 212
498 4 248 211 249 211 249 212 248 212
499 6 247 211 248 211 248 212 248 237 248 238 247 238
500 9 252 205 257 205 261 205 263 205 263 211 252 211 252 210 252 209 252 207
501 7 247 210 252 210 252 211 250 211 249 211 248 211 247 211
502 6 246 210 247 210 247 211 247 238 246 238 246 215
503 4 245 215 246 215 246 238 245 238
504 4 244 215 245 215 245 238 244 238
505 5 243 215 244 215 244 238 244 481 243 481
506 5 242 215 243 215 243 481 242 481 242 368
507 7 229 368 230 368 239 368 242 368 242 481 229 481 229 413
508 5 239 215 242 215 242 368 239 368 239 226
509 8 239 210 246 210 246 215 245 215 244 215 243 215 242 215 239 215
510 6 239 209 252 209 252 210 247 210 246 210 239 210
511 5 230 226 234 226 239 226 239 368 230 368
512 6 234 209 239 209 239 210 239 215 239 226 234 226
513 4 230 209 234 209 234 226 230 226
514 7 230 207 231 207 252 207 252 209 239 209 234 209 230 209
515 6 229 207 230 207 230 209 230 226 230 368 229 368
516 4 228 413 229 413 229 481 228 481
517 4 223 413 228 413 228 481 223 481
518 7 223 207 227 207 229 207 229 368 229 413 228 413 223 413
519 6 231 205 241 205 252 205 252 207 231 207 231 206
520 5 261 204 265 204 265 205 263 205 261 205
521 7 261 193 265 193 265 204 261 204 261 201 261 199 261 198
522 6 257 201 261 201 261 204 261 205 257 205 257 203
523 5 241 203 257 203 257 205 252 205 241 205
524 4 231 203 241 203 241 205 231 205
525 6 227 206 231 206 231 207 230 207 229 207 227 207
526 5 227 203 231 203 231 205 231 206 227 206
527 7 227 201 238 201 257 201 257 203 241 203 231 203 227 203
528 6 223 201 227 201 227 203 227 206 227 207 223 207
529 9 213 201 215 201 217 201 219 201 223 201 223 207 223 413 223 481 213 481
530 6 238 199 261 199 261 201 257 201 238 201 238 200
531 5 238 198 240 198 261 198 261 199 238 199
532 5 240 193 261 193 261 198 240 198 240 197
533 4 238 197 240 197 240 198 238 198
534 8 219 200 220 200 221 200 238 200 238 201 227 201 223 201 219 201
535 7 221 197 233 197 238 197 238 198 238 199 238 200 221 200
536 7 233 193 240 193 240 197 238 197 233 197 233 195 233 194
537 4 221 195 233 195 233 197 221 197
538 5 220 195 221 195 221 197 221 200 220 200
539 5 220 194 233 194 233 195 221 195 220 195
540 5 219 194 220 194 220 195 220 200 219 200
541 5 217 194 219 194 219 200 219 201 217 201
542 7 217 193 225 193 233 193 233 194 220 194 219 194 217 194
543 5 215 193 217 193 217 194 217 201 215 201
544 9 225 188 232 188 265 188 265 193 261 193 240 193 233 193 225 193 225 190
545 4 232 187 265 187 265 188 232 188
546 5 232 186 266 186 266 187 265 187 232 187
547 5 225 186 232 186 232 187 232 188 225 188
548 6 215 190 225 190 225 193 217 193 215 193 215 192
549 5 215 186 225 186 225 188 225 190 215 190
550 7 215 185 235 185 266 185 266 186 232 186 225 186 215 186
551 5 213 192 215 192 215 193 215 201 213 201
552 5 212 192 213 192 213 201 213 481 212 481
553 5 211 192 212 192 212 481 211 481 211 331
554 6 206 331 209 331 210 331 211 331 211 481 206 481
555 4 210 192 211 192 211 331 210 331
556 9 210 185 215 185 215 186 215 190 215 192 213 192 212 192 211 192 210 192
557 6 209 185 210 185 210 192 210 331 209 331 209 278
558 5 206 278 208 278 209 278 209 331 206 331
559 5 204 278 206 278 206 331 206 481 204 481
560 5 208 185 209 185 209 278 208 278 208 191
561 6 204 191 205 191 208 191 208 278 206 278 204 278
562 7 201 191 202 191 203 191 204 191 204 278 204 481 201 481
563 5 205 185 208 185 208 191 205 191 205 189
564 5 235 184 264 184 266 184 266 185 235 185
565 10 205 184 214 184 216 184 235 184 235 185 215 185 210 185 209 185 208 185 205 185
566 6 264 183 272 183 272 184 270 184 266 184 264 184
567 7 216 183 236 183 237 183 264 183 264 184 235 184 216 184
568 10 237 175 278 175 278 183 272 183 264 183 237 183 237 182 237 178 237 177 237 176
569 4 236 182 237 182 237 183 236 183
570 4 216 182 236 182 236 183 216 183
571 5 214 182 216 182 216 183 216 184 214 184
572 9 214 178 237 178 237 182 236 182 216 182 214 182 214 181 214 180 214 179
573 5 205 181 214 181 214 182 214 184 205 184
574 5 203 189 205 189 205 191 204 191 203 191
575 6 203 181 205 181 205 184 205 185 205 189 203 189
576 6 203 180 207 180 214 180 214 181 205 181 203 181
577 6 202 180 203 180 203 181 203 189 203 191 202 191
578 4 207 179 214 179 214 180 207 180
579 5 202 179 207 179 207 180 203 180 202 180
580 5 202 178 214 178 214 179 207 179 202 179
581 6 202 177 218 177 237 177 237 178 214 178 202 178
582 7 201 177 202 177 202 178 202 179 202 180 202 191 201 191
583 5 199 177 201 177 201 191 201 481 199 481
584 4 198 177 199 177 199 481 198 481
585 4 218 176 237 176 237 177 218 177
586 7 198 176 218 176 218 177 202 177 201 177 199 177 198 177
587 6 195 176 198 176 198 177 198 481 195 481 195 407
588 4 194 407 195 407 195 481 194 481
589 5 194 176 195 176 195 407 194 407 194 218
590 7 194 175 237 175 237 176 218 176 198 176 195 176 194 176
591 7 191 218 192 218 193 218 194 218 194 407 194 481 191 481
592 7 187 218 188 218 190 218 191 218 191 481 187 481 187 288
593 5 193 175 194 175 194 176 194 218 193 218
594 4 192 175 193 175 193 218 192 218
595 7 192 173 278 173 278 175 237 175 194 175 193 175 192 175
596 7 190 173 192 173 192 175 192 218 191 218 190 218 190 196
597 8 190 172 197 172 200 172 222 172 278 172 278 173 192 173 190 173
598 4 188 196 190 196 190 218 188 218
599 4 187 196 188 196 188 218 187 218
600 4 181 288 187 288 187 481 181 481
601 6 181 196 182 196 187 196 187 218 187 288 181 288
602 7 182 172 190 172 190 173 190 196 188 196 187 196 182 196
603 5 222 171 226 171 278 171 278 172 222 172
604 5 226 169 293 169 293 171 278 171 226 171
605 5 222 169 226 169 226 171 222 171 222 170
606 5 222 167 293 167 293 169 226 169 222 169
607 4 222 166 293 166 293 167 222 167
608 5 200 170 222 170 222 171 222 172 200 172
609 6 200 166 222 166 222 167 222 169 222 170 200 170
610 5 197 166 200 166 200 170 200 172 197 172
611 7 182 166 185 166 186 166 197 166 197 172 190 172 182 172
612 8 186 164 196 164 293 164 293 166 222 166 200 166 197 166 186 166
613 4 410 161 518 161 518 164 410 164
614 4 410 159 518 159 518 161 410 161
615 6 196 159 410 159 410 161 410 164 293 164 196 164
616 5 196 158 518 158 518 159 410 159 196 159
617 5 186 158 196 158 196 159 196 164 186 164
618 8 186 149 518 149 518 158 196 158 186 158 186 157 186 156 186 152
619 8 185 157 186 157 186 158 186 164 186 166 185 166 185 165 185 162
620 4 185 156 186 156 186 157 185 157
621 4 182 165 185 165 185 166 182 166
622 4 182 162 185 162 185 165 182 165
623 7 181 162 182 162 182 165 182 166 182 172 182 196 181 196
624 6 180 162 181 162 181 196 181 288 181 481 180 481
625 9 180 156 183 156 184 156 185 156 185 157 185 162 182 162 181 162 180 162
626 5 179 156 180 156 180 162 180 481 179 481
627 5 184 152 186 152 186 156 185 156 184 156
628 4 184 149 186 149 186 152 184 152
629 5 184 143 518 143 518 149 186 149 184 149
630 8 183 143 184 143 184 149 184 152 184 156 183 156 183 150 183 144
631 5 179 150 183 150 183 156 180 156 179 156
632 5 178 150 179 150 179 156 179 481 178 481
633 7 177 150 178 150 178 481 177 481 177 314 177 168 177 160
634 5 175 314 176 314 177 314 177 481 175 481
635 4 170 314 175 314 175 481 170 481
636 4 169 314 170 314 170 481 169 481
637 4 176 168 177 168 177 314 176 314
638 8 169 168 174 168 176 168 176 314 175 314 170 314 169 314 169 247
639 5 174 160 177 160 177 168 176 168 174 168
640 6 174 150 177 150 177 160 174 160 174 155 174 151
641 8 174 144 183 144 183 150 179 150 178 150 177 150 174 150 174 148
642 5 169 155 174 155 174 160 174 168 169 168
643 5 168 247 169 247 169 314 169 481 168 481
644 5 166 247 168 247 168 481 166 481 166 463
645 5 163 463 164 463 166 463 166 481 163 481
646 4 164 247 166 247 166 463 164 463
647 4 163 247 164 247 164 463 163 463
648 10 163 155 165 155 169 155 169 168 169 247 168 247 166 247 164 247 163 247 163 174
649 7 159 174 163 174 163 247 163 463 163 481 159 481 159 332
650 10 119 332 124 332 125 332 135 332 139 332 141 332 155 332 159 332 159 481 119 481
651 4 155 174 159 174 159 332 155 332
652 8 155 155 158 155 161 155 162 155 163 155 163 174 159 174 155 174
653 6 141 155 153 155 155 155 155 174 155 332 141 332
654 6 165 151 167 151 174 151 174 155 169 155 165 155
655 5 162 151 165 151 165 155 163 155 162 155
656 5 161 151 162 151 162 155 161 155 161 154
657 4 158 154 161 154 161 155 158 155
658 8 153 154 154 154 156 154 157 154 158 154 158 155 155 155 153 155
659 5 141 154 142 154 153 154 153 155 141 155
660 6 157 151 160 151 161 151 161 154 158 154 157 154
661 6 167 148 172 148 174 148 174 150 174 151 167 151
662 7 160 148 167 148 167 151 165 151 162 151 161 151 160 151
663 4 157 148 160 148 160 151 157 151
664 5 156 148 157 148 157 151 157 154 156 154
665 6 172 144 174 144 174 148 172 148 172 146 172 145
666 5 172 143 183 143 183 144 174 144 172 144
667 7 172 142 433 142 518 142 518 143 184 143 183 143 172 143
668 4 433 139 518 139 518 142 433 142
669 5 172 139 433 139 433 142 172 142 172 140
670 8 172 138 224 138 277 138 319 138 518 138 518 139 433 139 172 139
671 7 156 146 172 146 172 148 167 148 160 148 157 148 156 148
672 5 154 146 156 146 156 148 156 154 154 154
673 6 142 146 154 146 154 154 153 154 142 154 142 147
674 7 142 145 144 145 172 145 172 146 156 146 154 146 142 146
675 8 144 140 147 140 172 140 172 142 172 143 172 144 172 145 144 145
676 7 147 138 149 138 151 138 172 138 172 139 172 140 147 140
677 4 319 137 518 137 518 138 319 138
678 6 319 125 518 125 518 137 319 137 319 127 319 126
679 6 277 127 319 127 319 137 319 138 277 138 277 128
680 4 224 128 277 128 277 138 224 138
681 8 151 128 224 128 224 138 172 138 151 138 151 134 151 130 151 129
682 6 149 134 151 134 151 138 149 138 149 136 149 135
683 4 147 136 149 136 149 138 147 138
684 4 147 135 149 135 149 136 147 136
685 6 144 135 147 135 147 136 147 138 147 140 144 140
686 7 144 134 145 134 146 134 149 134 149 135 147 135 144 135
687 5 146 130 151 130 151 134 149 134 146 134
688 6 145 130 146 130 146 134 145 134 145 132 145 131
689 4 144 132 145 132 145 134 144 134
690 8 142 132 143 132 144 132 144 134 144 135 144 140 144 145 142 145
691 4 141 147 142 147 142 154 141 154
692 7 139 147 141 147 141 154 141 155 141 332 139 332 139 239
693 7 139 132 142 132 142 145 142 146 142 147 141 147 139 147
694 5 143 131 145 131 145 132 144 132 143 132
695 5 139 131 143 131 143 132 142 132 139 132
696 6 135 239 136 239 138 239 139 239 139 332 135 332
697 7 138 131 139 131 139 132 139 147 139 239 138 239 138 163
698 4 136 163 138 163 138 239 136 239
699 5 135 163 136 163 136 239 135 239 135 208
700 8 125 208 128 208 131 208 133 208 135 208 135 239 135 332 125 332
701 4 133 163 135 163 135 208 133 208
702 6 133 131 138 131 138 163 136 163 135 163 133 163
703 7 133 130 145 130 145 131 143 131 139 131 138 131 133 131
704 7 131 130 133 130 133 131 133 163 133 208 131 208 131 202
705 7 131 129 151 129 151 130 146 130 145 130 133 130 131 130
706 4 128 202 131 202 131 208 128 208
707 6 128 129 131 129 131 130 131 202 128 202 128 141
708 6 125 141 126 141 128 141 128 202 128 208 125 208
709 5 124 141 125 141 125 208 125 332 124 332
710 5 119 141 121 141 124 141 124 332 119 332
711 5 126 129 128 129 128 141 126 141 126 133
712 7 126 128 130 128 151 128 151 129 131 129 128 129 126 129
713 7 130 127 173 127 277 127 277 128 224 128 151 128 130 128
714 5 173 126 319 126 319 127 277 127 173 127
715 4 173 125 319 125 319 126 173 126
716 5 173 124 518 124 518 125 319 125 173 125
717 4 173 123 518 123 518 124 173 124
718 4 173 122 518 122 518 123 173 123
719 10 130 122 134 122 140 122 173 122 173 123 173 124 173 125 173 126 173 127 130 127
720 6 140 121 150 121 518 121 518 122 173 122 140 122
721 5 150 120 273 120 518 120 518 121 150 121
722 4 273 119 518 119 518 120 273 120
723 4 150 119 273 119 273 120 150 120
724 6 150 117 518 117 518 119 273 119 150 119 150 118
725 5 150 115 518 115 518 117 150 117 150 116
726 6 150 109 290 109 518 109 518 115 150 115 150 114
727 6 140 118 150 118 150 119 150 120 150 121 140 121
728 5 140 116 150 116 150 117 150 118 140 118
729 5 140 114 150 114 150 115 150 116 140 116
730 8 134 114 137 114 140 114 140 116 140 118 140 121 140 122 134 122
731 4 130 114 134 114 134 122 130 122
732 9 137 109 150 109 150 114 140 114 137 114 137 113 137 112 137 111 137 110
733 5 130 113 137 113 137 114 134 114 130 114
734 7 126 113 130 113 130 114 130 122 130 127 130 128 126 128
735 7 121 133 122 133 126 133 126 141 125 141 124 141 121 141
736 6 122 113 126 113 126 128 126 129 126 133 122 133
737 6 122 112 137 112 137 113 130 113 126 113 122 113
738 5 121 112 122 112 122 113 122 133 121 133
739 5 119 112 121 112 121 133 121 141 119 141
740 6 118 112 119 112 119 141 119 332 119 481 118 481
741 8 118 111 120 111 137 111 137 112 122 112 121 112 119 112 118 112
742 6 116 111 118 111 118 112 118 481 116 481 116 290
743 4 111 290 116 290 116 481 111 481
744 5 109 290 111 290 111 481 109 481 109 408
745 8 96 408 97 408 104 408 105 408 108 408 109 408 109 481 96 481
746 4 108 290 109 290 109 408 108 408
747 4 105 290 108 290 108 408 105 408
748 7 105 111 116 111 116 290 111 290 109 290 108 290 105 290
749 6 120 110 123 110 127 110 137 110 137 111 120 111
750 4 127 109 137 109 137 110 127 110
751 4 290 108 518 108 518 109 290 109
752 4 290 106 518 106 518 108 290 108
753 4 290 105 518 105 518 106 290 106
754 8 127 105 290 105 290 106 290 108 290 109 150 109 137 109 127 109
755 5 123 105 127 105 127 109 127 110 123 110
756 6 123 104 518 104 518 105 290 105 127 105 123 105
757 5 123 103 152 103 518 103 518 104 123 104
758 4 152 102 518 102 518 103 152 103
759 6 152 100 171 100 518 100 518 102 152 102 152 101
760 7 171 87 518 87 518 100 171 100 171 92 171 90 171 89
761 6 152 92 171 92 171 100 152 100 152 99 152 93
762 5 123 101 152 101 152 102 152 103 123 103
763 6 123 99 132 99 152 99 152 100 152 101 123 101
764 8 120 99 123 99 123 101 123 103 123 104 123 105 123 110 120 110
765 7 132 93 152 93 152 99 132 99 132 98 132 97 132 94
766 6 120 98 129 98 132 98 132 99 123 99 120 99
767 9 105 98 113 98 120 98 120 99 120 110 120 111 118 111 116 111 105 111
768 6 104 98 105 98 105 111 105 290 105 408 104 408
769 7 97 98 98 98 100 98 102 98 104 98 104 408 97 408
770 4 129 97 132 97 132 98 129 98
771 4 129 94 132 94 132 97 129 97
772 7 113 94 129 94 129 97 129 98 120 98 113 98 113 95
773 7 102 95 103 95 113 95 113 98 105 98 104 98 102 98
774 4 103 94 113 94 113 95 103 95
775 6 103 93 132 93 132 94 129 94 113 94 103 94
776 5 102 93 103 93 103 94 103 95 102 95
777 7 102 92 114 92 152 92 152 93 132 93 103 93 102 93
778 6 100 92 102 92 102 93 102 95 102 98 100 98
779 5 98 92 100 92 100 98 98 98 98 96
780 6 114 90 171 90 171 92 152 92 114 92 114 91
781 7 98 91 106 91 114 91 114 92 102 92 100 92 98 92
782 4 97 96 98 96 98 98 97 98
783 6 96 96 97 96 97 98 97 408 96 408 96 400
784 5 92 400 96 400 96 408 96 481 92 481
785 4 92 96 96 96 96 400 92 400
786 7 92 91 98 91 98 92 98 96 97 96 96 96 92 96
787 12 67 91 68 91 69 91 70 91 71 91 76 91 78 91 92 91 92 96 92 400 92 481 67 481
788 4 106 90 114 90 114 91 106 91
789 5 106 89 171 89 171 90 114 90 106 90
790 7 78 89 106 89 106 90 106 91 98 91 92 91 78 91
791 9 78 87 80 87 81 87 83 87 84 87 171 87 171 89 106 89 78 89
792 7 84 86 112 86 302 86 518 86 518 87 171 87 84 87
793 4 302 85 518 85 518 86 302 86
794 4 302 84 518 84 518 85 302 85
795 5 112 84 302 84 302 85 302 86 112 86
796 6 84 84 85 84 86 84 112 84 112 86 84 86
797 6 86 83 518 83 518 84 302 84 112 84 86 84
798 5 86 81 427 81 518 81 518 83 86 83
799 5 427 79 518 79 518 81 427 81 427 80
800 7 86 80 87 80 348 80 394 80 427 80 427 81 86 81
801 4 394 79 427 79 427 80 394 80
802 5 394 78 518 78 518 79 427 79 394 79
803 4 394 71 518 71 518 78 394 78
804 8 348 71 394 71 394 78 394 79 394 80 348 80 348 77 348 76
805 5 348 70 518 70 518 71 394 71 348 71
806 8 87 77 88 77 89 77 90 77 91 77 348 77 348 80 87 80
807 6 91 76 189 76 331 76 348 76 348 77 91 77
808 6 331 70 348 70 348 71 348 76 331 76 331 74
809 8 331 61 333 61 518 61 518 70 348 70 331 70 331 69 331 66
810 4 189 74 331 74 331 76 189 76
811 4 91 74 189 74 189 76 91 76
812 12 91 69 93 69 94 69 107 69 110 69 117 69 148 69 331 69 331 70 331 74 189 74 91 74
813 4 148 66 331 66 331 69 148 69
814 5 148 61 331 61 331 66 148 66 148 62
815 7 117 62 148 62 148 66 148 69 117 69 117 68 117 63
816 4 110 68 117 68 117 69 110 69
817 4 110 63 117 63 117 68 110 68
818 5 107 63 110 63 110 68 110 69 107 69
819 7 94 63 99 63 101 63 107 63 107 69 94 69 94 64
820 6 101 62 117 62 117 63 110 63 107 63 101 63
821 5 101 61 148 61 148 62 117 62 101 62
822 5 333 58 518 58 518 61 333 61 333 60
823 5 333 51 518 51 518 58 333 58 333 56
824 6 101 60 333 60 333 61 331 61 148 61 101 61
825 5 101 56 333 56 333 58 333 60 101 60
826 8 99 56 101 56 101 60 101 61 101 62 101 63 99 63 99 59
827 6 99 51 333 51 333 56 101 56 99 56 99 53
828 6 99 43 518 43 518 51 333 51 99 51 99 44
829 5 94 59 95 59 99 59 99 63 94 63
830 5 95 53 99 53 99 56 99 59 95 59
831 4 94 53 95 53 95 59 94 59
832 4 93 64 94 64 94 69 93 69
833 6 93 53 94 53 94 59 94 63 94 64 93 64
834 8 93 44 99 44 99 51 99 53 95 53 94 53 93 53 93 46
835 7 91 46 93 46 93 53 93 64 93 69 91 69 91 47
836 7 90 47 91 47 91 69 91 74 91 76 91 77 90 77
837 5 89 47 90 47 90 77 89 77 89 49
838 4 88 49 89 49 89 77 88 77
839 4 87 49 88 49 88 77 87 77
840 7 86 49 87 49 87 77 87 80 86 80 86 57 86 50
841 7 85 57 86 57 86 80 86 81 86 83 86 84 85 84
842 4 85 50 86 50 86 57 85 57
843 5 84 50 85 50 85 57 85 84 84 84
844 7 83 50 84 50 84 84 84 86 84 87 83 87 83 72
845 6 83 49 86 49 86 50 85 50 84 50 83 50
846 5 81 72 82 72 83 72 83 87 81 87
847 5 82 49 83 49 83 50 83 72 82 72
848 8 82 47 89 47 89 49 88 49 87 49 86 49 83 49 82 49
849 6 82 46 91 46 91 47 90 47 89 47 82 47
850 5 82 44 93 44 93 46 91 46 82 46
851 7 81 44 82 44 82 46 82 47 82 49 82 72 81 72
852 6 81 43 99 43 99 44 93 44 82 44 81 44
853 6 81 40 518 40 518 43 99 43 81 43 81 41
854 9 80 41 81 41 81 43 81 44 81 72 81 87 80 87 80 75 80 45
855 5 78 75 79 75 80 75 80 87 78 87
856 4 79 45 80 45 80 75 79 75
857 5 78 45 79 45 79 75 78 75 78 73
858 7 76 73 78 73 78 75 78 87 78 89 78 91 76 91
859 5 71 73 75 73 76 73 76 91 71 91
860 7 75 45 77 45 78 45 78 73 76 73 75 73 75 52
861 4 71 52 75 52 75 73 71 73
862 5 71 45 73 45 75 45 75 52 71 52
863 6 77 41 80 41 80 45 79 45 78 45 77 45
864 5 77 40 81 40 81 41 80 41 77 41
865 6 77 33 518 33 518 40 81 40 77 40 77 36
866 7 73 36 77 36 77 40 77 41 77 45 75 45 73 45
867 5 71 36 72 36 73 36 73 45 71 45
868 9 70 36 71 36 71 45 71 52 71 73 71 91 70 91 70 65 70 38
869 5 72 33 77 33 77 36 73 36 72 36
870 5 72 29 518 29 518 33 77 33 72 33
871 9 70 29 72 29 72 33 72 36 71 36 70 36 70 34 70 32 70 31
872 4 69 65 70 65 70 91 69 91
873 4 68 65 69 65 69 91 68 91
874 6 68 38 70 38 70 65 69 65 68 65 68 42
875 7 67 42 68 42 68 65 68 91 67 91 67 88 67 82
876 6 66 88 67 88 67 91 67 481 66 481 66 281
877 4 65 281 66 281 66 481 65 481
878 4 64 281 65 281 65 481 64 481
879 6 64 88 66 88 66 281 65 281 64 281 64 107
880 5 62 107 64 107 64 281 64 481 62 481
881 5 61 107 62 107 62 481 61 481 61 231
882 4 59 231 61 231 61 481 59 481
883 4 59 107 61 107 61 231 59 231
884 6 58 107 59 107 59 231 59 481 58 481 58 320
885 8 58 88 63 88 64 88 64 107 62 107 61 107 59 107 58 107
886 4 57 320 58 320 58 481 57 481
887 6 57 88 58 88 58 107 58 320 57 320 57 284
888 5 56 284 57 284 57 320 57 481 56 481
889 4 55 284 56 284 56 481 55 481
890 4 51 284 55 284 55 481 51 481
891 7 51 88 54 88 57 88 57 284 56 284 55 284 51 284
892 6 63 82 67 82 67 88 66 88 64 88 63 88
893 6 54 82 63 82 63 88 58 88 57 88 54 88
894 7 54 42 67 42 67 82 63 82 54 82 54 67 54 48
895 5 54 38 68 38 68 42 67 42 54 42
896 7 54 34 70 34 70 36 70 38 68 38 54 38 54 37
897 6 51 67 53 67 54 67 54 82 54 88 51 88
898 6 50 67 51 67 51 88 51 284 51 481 50 481
899 5 47 67 48 67 50 67 50 481 47 481
900 4 45 67 47 67 47 481 45 481
901 5 53 48 54 48 54 67 53 67 53 55
902 6 53 37 54 37 54 38 54 42 54 48 53 48
903 6 48 55 53 55 53 67 51 67 50 67 48 67
904 5 45 55 48 55 48 67 47 67 45 67
905 8 37 55 38 55 40 55 45 55 45 67 45 481 37 481 37 217
906 8 40 37 46 37 53 37 53 48 53 55 48 55 45 55 40 55
907 6 46 34 54 34 54 37 53 37 46 37 46 35
908 5 46 32 70 32 70 34 54 34 46 34
909 5 40 35 41 35 46 35 46 37 40 37
910 5 41 32 46 32 46 34 46 35 41 35
911 7 41 31 43 31 52 31 70 31 70 32 46 32 41 32
912 5 40 31 41 31 41 32 41 35 40 35
913 8 38 31 39 31 40 31 40 35 40 37 40 55 38 55 38 54
914 4 52 29 70 29 70 31 52 31
915 6 52 28 518 28 518 29 72 29 70 29 52 29
916 7 52 20 518 20 518 28 52 28 52 27 52 26 52 22
917 8 43 27 49 27 52 27 52 28 52 29 52 31 43 31 43 30
918 4 49 26 52 26 52 27 49 27
919 4 43 26 49 26 49 27 43 27
920 7 43 22 52 22 52 26 49 26 43 26 43 25 43 24
921 6 39 30 43 30 43 31 41 31 40 31 39 31
922 4 38 30 39 30 39 31 38 31
923 4 37 54 38 54 38 55 37 55
924 4 36 217 37 217 37 481 36 481
925 4 35 217 36 217 36 481 35 481
926 4 33 217 35 217 35 481 33 481
927 4 32 217 33 217 33 481 32 481
928 8 32 54 37 54 37 55 37 217 36 217 35 217 33 217 32 217
929 7 29 54 30 54 31 54 32 54 32 217 32 481 29 481
930 7 31 30 38 30 38 31 38 54 37 54 32 54 31 54
931 8 31 25 43 25 43 26 43 27 43 30 39 30 38 30 31 30
932 6 30 25 31 25 31 30 31 54 30 54 30 39
933 4 29 39 30 39 30 54 29 54
934 8 23 39 24 39 27 39 28 39 29 39 29 54 29 481 23 481
935 5 28 25 30 25 30 39 29 39 28 39
936 7 28 24 42 24 43 24 43 25 31 25 30 25 28 25
937 5 27 24 28 24 28 25 28 39 27 39
938 4 42 22 43 22 43 24 42 24
939 6 42 20 52 20 52 22 43 22 42 22 42 21
940 7 42 17 44 17 518 17 518 20 52 20 42 20 42 18
941 6 27 21 42 21 42 22 42 24 28 24 27 24
942 7 27 18 34 18 42 18 42 20 42 21 27 21 27 19
943 8 24 19 25 19 26 19 27 19 27 21 27 24 27 39 24 39
944 4 26 18 27 18 27 19 26 19
945 4 34 17 42 17 42 18 34 18
946 4 44 15 518 15 518 17 44 17
947 4 44 14 518 14 518 15 44 15
948 5 44 13 253 13 518 13 518 14 44 14
949 5 253 11 518 11 518 13 253 13 253 12
950 5 253 8 417 8 518 8 518 11 253 11
951 6 417 2 518 2 518 8 417 8 417 7 417 5
952 5 417 0 518 0 518 2 417 2 417 1
953 4 253 7 417 7 417 8 253 8
954 5 44 12 115 12 253 12 253 13 44 13
955 8 34 12 44 12 44 13 44 14 44 15 44 17 42 17 34 17
956 6 26 12 34 12 34 17 34 18 27 18 26 18
957 5 25 12 26 12 26 18 26 19 25 19
958 6 115 7 253 7 253 8 253 11 253 12 115 12
959 9 25 7 60 7 74 7 115 7 115 12 44 12 34 12 26 12 25 12
960 6 74 5 417 5 417 7 253 7 115 7 74 7
961 6 74 1 417 1 417 2 417 5 74 5 74 3
962 6 60 3 74 3 74 5 74 7 60 7 60 4
963 4 25 4 60 4 60 7 25 7
964 7 24 4 25 4 25 7 25 12 25 19 24 19 24 6
965 5 24 3 60 3 60 4 25 4 24 4
966 5 23 6 24 6 24 19 24 39 23 39
967 6 22 6 23 6 23 39 23 481 22 481 22 435
968 4 20 435 22 435 22 481 20 481
969 5 18 435 19 435 20 435 20 481 18 481
970 6 19 6 21 6 22 6 22 435 20 435 19 435
971 7 21 3 24 3 24 4 24 6 23 6 22 6 21 6
972 6 21 1 74 1 74 3 60 3 24 3 21 3
973 5 21 0 417 0 417 1 74 1 21 1
974 6 19 0 21 0 21 1 21 3 21 6 19 6
975 5 18 0 19 0 19 6 19 435 18 435
976 6 17 0 18 0 18 435 18 481 17 481 17 9
977 4 16 9 17 9 17 481 16 481
978 7 15 9 16 9 16 481 15 481 15 23 15 16 15 10
979 4 14 23 15 23 15 481 14 481
980 4 14 16 15 16 15 23 14 23
981 7 12 16 13 16 14 16 14 23 14 481 12 481 12 387
982 4 11 387 12 387 12 481 11 481
983 4 11 16 12 16 12 387 11 387
984 6 10 16 11 16 11 387 11 481 10 481 10 236
985 4 9 236 10 236 10 481 9 481
986 6 6 236 7 236 8 236 9 236 9 481 6 481
987 5 8 16 10 16 10 236 9 236 8 236
988 5 13 10 15 10 15 16 14 16 13 16
989 7 8 10 13 10 13 16 12 16 11 16 10 16 8 16
990 6 7 10 8 10 8 16 8 236 7 236 7 153
991 6 7 9 15 9 15 10 13 10 8 10 7 10
992 4 6 153 7 153 7 236 6 236
993 5 5 153 6 153 6 236 6 481 5 481
994 4 4 153 5 153 5 481 4 481
995 4 3 153 4 153 4 481 3 481
996 6 0 153 1 153 2 153 3 153 3 481 0 481
997 9 2 9 7 9 7 10 7 153 6 153 5 153 4 153 3 153 2 153
998 7 2 0 17 0 17 9 16 9 15 9 7 9 2 9
999 5 1 0 2 0 2 9 2 153 1 153
1000 4 0 0 1 0 1 153 0 153
1000
1 149 483 0 484 0 484 517 483 517 483 514 483 513 483 512 483 510 483 506 483 505 483 504 483 503 483 502 483 500 483 499 483 495 483 493 483 492 483 471 483 470 483 469 483 464 483 463 483 456 483 455 483 453 483 452 483 447 483 446 483 443 483 442 483 438 483 437 483 436 483 435 483 433 483 432 483 431 483 429 483 428 483 426 483 425 483 424 483 423 483 422 483 421 483 420 483 419 483 418 483 366 483 349 483 348 483 329 483 326 483 323 483 321 483 320 483 317 483 315 483 311 483 308 483 307 483 305 483 303 483 256 483 255 483 253 483 252 483 251 483 250 483 248 483 245 483 229 483 227 483 224 483 206 483 200 483 199 483 183 483 180 483 178 483 177 483 174 483 168 483 158 483 157 483 154 483 150 483 132 483 130 483 126 483 118 483 116 483 115 483 114 483 113 483 112 483 95 483 94 483 93 483 92 483 91 483 89 483 88 483 87 483 86 483 85 483 84 483 83 483 82 483 81 483 79 483 78 483 75 483 73 483 72 483 71 483 70 483 69 483 68 483 66 483 65 483 64 483 58 483 55 483 54 483 53 483 52 483 49 483 48 483 47 483 46 483 45 483 43 483 41 483 39 483 37 483 34 483 24 483 23 483 21 483 20 483 18 483 17 483 15 483 12 483 8 483 7 483 3
2 5 481 514 483 514 483 517 481 517 481 516
3 5 471 516 480 516 481 516 481 517 471 517
4 4 467 516 471 516 471 517 467 517
5 122 0 516 6 516 7 516 10 516 15 516 17 516 18 516 20 516 21 516 22 516 26 516 27 516 28 516 29 516 30 516 31 516 32 516 35 516 36 516 41 516 45 516 46 516 59 516 64 516 71 516 75 516 77 516 86 516 90 516 91 516 94 516 98 516 109 516 110 516 122 516 140 516 143 516 145 516 149 516 151 516 152 516 153 516 154 516 155 516 156 516 157 516 159 516 160 516 161 516 162 516 163 516 164 516 175 516 176 516 178 516 187 516 188 516 191 516 192 516 194 516 195 516 196 516 198 516 200 516 201 516 202 516 203 516 204 516 206 516 207 516 208 516 210 516 213 516 214 516 218 516 220 516 221 516 228 516 244 516 245 516 246 516 266 516 267 516 306 516 307 516 308 516 309 516 310 516 311 516 312 516 313 516 314 516 316 516 336 516 338 516 341 516 342 516 343 516 344 516 346 516 347 516 348 516 349 516 372 516 375 516 376 516 385 516 390 516 391 516 392 516 393 516 395 516 397 516 398 516 399 516 402 516 452 516 457 516 458 516 467 516 467 517 0 517
6 4 480 514 481 514 481 516 480 516
7 6 458 514 480 514 480 516 471 516 467 516 458 516
8 6 458 513 483 513 483 514 481 514 480 514 458 514
9 5 457 513 458 513 458 514 458 516 457 516
10 5 452 513 456 513 457 513 457 516 452 516
11 8 456 512 466 512 474 512 483 512 483 513 458 513 457 513 456 513
12 5 474 510 477 510 483 510 483 512 474 512
13 5 477 506 483 506 483 510 477 510 477 507
14 4 477 505 483 505 483 506 477 506
15 4 474 507 477 507 477 510 474 510
16 7 466 507 474 507 474 510 474 512 466 512 466 511 466 509
17 5 456 511 460 511 466 511 466 512 456 512
18 5 452 511 456 511 456 512 456 513 452 513
19 5 402 511 452 511 452 513 452 516 402 516
20 4 460 509 466 509 466 511 460 511
21 9 402 509 404 509 412 509 420 509 460 509 460 511 456 511 452 511 402 511
22 5 420 507 466 507 466 509 460 509 420 509
23 9 420 505 430 505 431 505 477 505 477 506 477 507 474 507 466 507 420 507
24 5 431 504 483 504 483 505 477 505 431 505
25 5 431 503 475 503 483 503 483 504 431 504
26 4 475 502 483 502 483 503 475 503
27 6 431 502 461 502 464 502 475 502 475 503 431 503
28 5 464 500 483 500 483 502 475 502 464 502
29 4 461 500 464 500 464 502 461 502
30 7 461 499 472 499 476 499 483 499 483 500 464 500 461 500
31 9 431 499 432 499 440 499 447 499 455 499 461 499 461 500 461 502 431 502
32 6 476 495 483 495 483 499 476 499 476 498 476 497
33 4 472 498 476 498 476 499 472 499
34 4 472 497 476 497 476 498 472 498
35 7 455 497 463 497 472 497 472 498 472 499 461 499 455 499
36 5 463 495 476 495 476 497 472 497 463 497
37 5 463 493 483 493 483 495 476 495 463 495
38 5 463 492 478 492 483 492 483 493 463 493
39 9 478 471 483 471 483 492 478 492 478 491 478 487 478 484 478 480 478 473
40 4 463 491 478 491 478 492 463 492
41 8 455 491 463 491 463 492 463 493 463 495 463 497 455 497 455 494
42 5 455 487 478 487 478 491 463 491 455 491
43 7 447 494 450 494 453 494 455 494 455 497 455 499 447 499
44 5 453 487 455 487 455 491 455 494 453 494
45 6 453 484 478 484 478 487 455 487 453 487 453 485
46 5 450 485 453 485 453 487 453 494 450 494
47 6 447 485 450 485 450 494 447 494 447 489 447 486
48 6 440 489 447 489 447 494 447 499 440 499 440 490
49 4 440 486 447 486 447 489 440 489
50 8 440 485 442 485 443 485 444 485 445 485 447 485 447 486 440 486
51 6 445 484 453 484 453 485 450 485 447 485 445 485
52 4 444 484 445 484 445 485 444 485
53 7 444 480 478 480 478 484 453 484 445 484 444 484 444 481
54 7 444 473 478 473 478 480 444 480 444 478 444 477 444 474
55 5 443 481 444 481 444 484 444 485 443 485
56 4 442 481 443 481 443 485 442 485
57 6 442 478 444 478 444 480 444 481 443 481 442 481
58 7 440 478 442 478 442 481 442 485 440 485 440 483 440 479
59 7 432 490 433 490 435 490 438 490 440 490 440 499 432 499
60 7 438 483 440 483 440 485 440 486 440 489 440 490 438 490
61 4 435 483 438 483 438 490 435 490
62 5 435 479 440 479 440 483 438 483 435 483
63 4 435 478 440 478 440 479 435 479
64 6 435 477 444 477 444 478 442 478 440 478 435 478
65 4 435 474 444 474 444 477 435 477
66 8 433 474 435 474 435 477 435 478 435 479 435 483 435 490 433 490
67 5 433 473 444 473 444 474 435 474 433 474
68 5 433 471 478 471 478 473 444 473 433 473
69 7 432 471 433 471 433 473 433 474 433 490 432 490 432 482
70 6 432 470 483 470 483 471 478 471 433 471 432 471
71 6 432 469 441 469 469 469 483 469 483 470 432 470
72 6 469 464 483 464 483 469 469 469 469 467 469 466
73 4 469 463 483 463 483 464 469 464
74 5 441 467 465 467 469 467 469 469 441 469
75 4 465 466 469 466 469 467 465 467
76 5 465 463 469 463 469 464 469 466 465 466
77 10 465 456 479 456 483 456 483 463 469 463 465 463 465 460 465 459 465 458 465 457
78 7 441 460 459 460 465 460 465 463 465 466 465 467 441 467
79 6 432 460 441 460 441 467 441 469 432 469 432 462
80 5 431 482 432 482 432 490 432 499 431 499
81 8 430 482 431 482 431 499 431 502 431 503 431 504 431 505 430 505
82 6 420 482 421 482 422 482 430 482 430 505 420 505
83 10 422 462 423 462 432 462 432 469 432 470 432 471 432 482 431 482 430 482 422 482
84 6 423 460 424 460 428 460 432 460 432 462 423 462
85 4 459 459 465 459 465 460 459 460
86 4 459 458 465 458 465 459 459 459
87 8 428 458 454 458 459 458 459 459 459 460 441 460 432 460 428 460
88 5 454 457 465 457 465 458 459 458 454 458
89 4 428 457 454 457 454 458 428 458
90 6 428 456 434 456 465 456 465 457 454 457 428 457
91 4 479 455 483 455 483 456 479 456
92 4 479 453 483 453 483 455 479 455
93 7 434 453 479 453 479 455 479 456 465 456 434 456 434 454
94 7 434 452 449 452 473 452 483 452 483 453 479 453 434 453
95 4 473 447 483 447 483 452 473 452
96 6 449 447 473 447 473 452 449 452 449 451 449 450
97 4 434 451 449 451 449 452 434 452
98 6 434 450 436 450 439 450 449 450 449 451 434 451
99 4 439 447 449 447 449 450 439 450
100 6 439 446 483 446 483 447 473 447 449 447 439 447
101 4 439 443 483 443 483 446 439 446
102 4 439 442 483 442 483 443 439 443
103 8 436 442 439 442 439 443 439 446 439 447 439 450 436 450 436 448
104 8 436 438 483 438 483 442 439 442 436 442 436 441 436 440 436 439
105 4 434 448 436 448 436 450 434 450
106 5 428 454 429 454 434 454 434 456 428 456
107 8 429 448 434 448 434 450 434 451 434 452 434 453 434 454 429 454
108 6 429 441 436 441 436 442 436 448 434 448 429 448
109 5 428 441 429 441 429 448 429 454 428 454
110 9 424 441 426 441 428 441 428 454 428 456 428 457 428 458 428 460 424 460
111 4 423 441 424 441 424 460 423 460
112 6 426 440 436 440 436 441 429 441 428 441 426 441
113 5 423 440 426 440 426 441 424 441 423 441
114 7 422 440 423 440 423 441 423 460 423 462 422 462 422 444
115 6 422 439 436 439 436 440 426 440 423 440 422 440
116 6 421 444 422 444 422 462 422 482 421 482 421 445
117 4 420 445 421 445 421 482 420 482
118 7 412 445 420 445 420 482 420 505 420 507 420 509 412 509
119 5 404 445 405 445 412 445 412 509 404 509
120 6 405 444 421 444 421 445 420 445 412 445 405 445
121 7 405 439 407 439 422 439 422 440 422 444 421 444 405 444
122 7 407 438 409 438 419 438 436 438 436 439 422 439 407 439
123 5 419 437 483 437 483 438 436 438 419 438
124 5 409 437 415 437 419 437 419 438 409 438
125 5 415 436 483 436 483 437 419 437 415 437
126 4 415 435 483 435 483 436 415 436
127 4 415 433 483 433 483 435 415 435
128 5 415 432 417 432 483 432 483 433 415 433
129 7 417 431 427 431 451 431 470 431 483 431 483 432 417 432
130 4 470 429 483 429 483 431 470 431
131 4 470 428 483 428 483 429 470 429
132 4 470 426 483 426 483 428 470 428
133 4 470 425 483 425 483 426 470 426
134 7 451 425 470 425 470 426 470 428 470 429 470 431 451 431
135 5 451 424 483 424 483 425 470 425 451 425
136 4 451 423 483 423 483 424 451 424
137 6 427 423 451 423 451 424 451 425 451 431 427 431
138 5 427 422 483 422 483 423 451 423 427 423
139 5 427 421 437 421 483 421 483 422 427 422
140 4 437 420 483 420 483 421 437 421
141 5 437 419 448 419 483 419 483 420 437 420
142 5 427 419 437 419 437 420 437 421 427 421
143 4 448 418 483 418 483 419 448 419
144 5 427 418 448 418 448 419 437 419 427 419
145 15 427 366 483 366 483 418 448 418 427 418 427 416 427 414 427 412 427 411 427 408 427 395 427 386 427 381 427 375 427 374
146 10 417 416 418 416 427 416 427 418 427 419 427 421 427 422 427 423 427 431 417 431
147 4 418 414 427 414 427 416 418 416
148 5 418 412 425 412 427 412 427 414 418 414
149 4 425 411 427 411 427 412 425 412
150 4 418 411 425 411 425 412 418 412
151 5 418 408 427 408 427 411 425 411 418 411
152 7 418 395 427 395 427 408 418 408 418 402 418 400 418 397
153 10 417 402 418 402 418 408 418 411 418 412 418 414 418 416 417 416 417 406 417 405
154 8 415 406 417 406 417 416 417 431 417 432 415 432 415 415 415 407
155 8 409 415 415 415 415 432 415 433 415 435 415 436 415 437 409 437
156 4 409 407 415 407 415 415 409 415
157 8 407 407 409 407 409 415 409 437 409 438 407 438 407 434 407 427
158 5 407 406 415 406 415 407 409 407 407 407
159 6 407 405 408 405 417 405 417 406 415 406 407 406
160 6 408 402 411 402 417 402 417 405 408 405 408 404
161 6 411 400 413 400 418 400 418 402 417 402 411 402
162 5 413 397 416 397 418 397 418 400 413 400
163 4 416 395 418 395 418 397 416 397
164 4 413 395 416 395 416 397 413 397
165 8 413 386 427 386 427 395 418 395 416 395 413 395 413 394 413 392
166 6 411 394 413 394 413 395 413 397 413 400 411 400
167 6 408 394 410 394 411 394 411 400 411 402 408 402
168 4 407 404 408 404 408 405 407 405
169 5 405 434 407 434 407 438 407 439 405 439
170 6 404 434 405 434 405 439 405 444 405 445 404 445
171 5 402 434 404 434 404 445 404 509 402 509
172 6 399 434 402 434 402 509 402 511 402 516 399 516
173 8 399 427 401 427 407 427 407 434 405 434 404 434 402 434 399 434
174 6 398 427 399 427 399 434 399 516 398 516 398 468
175 8 401 404 403 404 407 404 407 405 407 406 407 407 407 427 401 427
176 6 403 394 408 394 408 402 408 404 407 404 403 404
177 5 410 392 413 392 413 394 411 394 410 394
178 4 410 386 413 386 413 392 410 392
179 5 410 381 427 381 427 386 413 386 410 386
180 7 403 381 410 381 410 386 410 392 410 394 408 394 403 394
181 5 403 375 427 375 427 381 410 381 403 381
182 9 401 375 403 375 403 381 403 394 403 404 401 404 401 378 401 377 401 376
183 6 398 378 401 378 401 404 401 427 399 427 398 427
184 4 397 468 398 468 398 516 397 516
185 9 397 378 398 378 398 427 398 468 397 468 397 390 397 383 397 380 397 379
186 5 395 390 397 390 397 468 397 516 395 516
187 4 393 390 395 390 395 516 393 516
188 4 392 390 393 390 393 516 392 516
189 5 391 390 392 390 392 516 391 516 391 391
190 6 390 391 391 391 391 516 390 516 390 398 390 393
191 5 385 398 386 398 390 398 390 516 385 516
192 8 376 398 377 398 382 398 385 398 385 516 376 516 376 461 376 449
193 5 386 393 388 393 390 393 390 398 386 398
194 4 388 391 390 391 390 393 388 393
195 5 388 390 391 390 391 391 390 391 388 391
196 11 388 383 396 383 397 383 397 390 395 390 393 390 392 390 391 390 388 390 388 388 388 385
197 6 386 388 388 388 388 390 388 391 388 393 386 393
198 8 382 388 384 388 386 388 386 393 386 398 385 398 382 398 382 389
199 4 377 389 382 389 382 398 377 398
200 5 377 388 381 388 382 388 382 389 377 389
201 5 384 385 388 385 388 388 386 388 384 388
202 4 384 383 388 383 388 385 384 385
203 4 396 380 397 380 397 383 396 383
204 4 396 379 397 379 397 380 396 380
205 6 384 379 396 379 396 380 396 383 388 383 384 383
206 5 384 378 397 378 397 379 396 379 384 379
207 8 381 378 384 378 384 379 384 383 384 385 384 388 382 388 381 388
208 7 381 377 401 377 401 378 398 378 397 378 384 378 381 378
209 5 377 377 381 377 381 378 381 388 377 388
210 6 376 377 377 377 377 388 377 389 377 398 376 398
211 4 375 461 376 461 376 516 375 516
212 4 372 461 375 461 375 516 372 516
213 6 372 449 373 449 376 449 376 461 375 461 372 461
214 5 373 377 376 377 376 398 376 449 373 449
215 10 373 376 380 376 383 376 400 376 401 376 401 377 381 377 377 377 376 377 373 377
216 4 400 375 401 375 401 376 400 376
217 4 383 375 400 375 400 376 383 376
218 7 383 374 427 374 427 375 403 375 401 375 400 375 383 375
219 6 383 366 427 366 427 374 383 374 383 373 383 371
220 8 383 349 483 349 483 366 427 366 383 366 383 364 383 353 383 351
221 6 380 373 383 373 383 374 383 375 383 376 380 376
222 4 373 373 380 373 380 376 373 376
223 5 373 371 383 371 383 373 380 373 373 373
224 7 372 371 373 371 373 373 373 376 373 377 373 449 372 449
225 13 349 371 350 371 351 371 352 371 353 371 355 371 371 371 372 371 372 449 372 461 372 516 349 516 349 465
226 12 371 364 379 364 383 364 383 366 383 371 373 371 372 371 371 371 371 370 371 369 371 368 371 365
227 5 355 370 356 370 371 370 371 371 355 371
228 4 356 369 371 369 371 370 356 370
229 9 356 368 358 368 361 368 362 368 364 368 369 368 371 368 371 369 356 369
230 4 369 365 371 365 371 368 369 368
231 4 364 365 369 365 369 368 364 368
232 5 364 364 371 364 371 365 369 365 364 365
233 6 379 353 383 353 383 364 379 364 379 357 379 355
234 6 364 357 367 357 379 357 379 364 371 364 364 364
235 6 362 357 364 357 364 364 364 365 364 368 362 368
236 6 367 355 370 355 379 355 379 357 367 357 367 356
237 5 362 356 367 356 367 357 364 357 362 357
238 5 362 355 365 355 367 355 367 356 362 356
239 4 370 353 379 353 379 355 370 355
240 6 370 351 383 351 383 353 379 353 370 353 370 352
241 6 365 352 370 352 370 353 370 355 367 355 365 355
242 5 362 352 363 352 365 352 365 355 362 355
243 8 361 352 362 352 362 355 362 356 362 357 362 368 361 368 361 360
244 5 363 351 370 351 370 352 365 352 363 352
245 5 361 351 363 351 363 352 362 352 361 352
246 6 361 349 383 349 383 351 370 351 363 351 361 351
247 5 361 348 483 348 483 349 383 349 361 349
248 5 358 360 360 360 361 360 361 368 358 368
249 8 360 348 361 348 361 349 361 351 361 352 361 360 360 360 360 358
250 9 360 329 394 329 483 329 483 348 361 348 360 348 360 343 360 342 360 331
251 5 358 358 359 358 360 358 360 360 358 360
252 5 356 358 358 358 358 360 358 368 356 368
253 7 359 343 360 343 360 348 360 358 359 358 359 347 359 346
254 5 356 347 359 347 359 358 358 358 356 358
255 8 355 347 356 347 356 358 356 368 356 369 356 370 355 370 355 350
256 6 353 350 354 350 355 350 355 370 355 371 353 371
257 4 354 347 355 347 355 350 354 350
258 6 354 346 359 346 359 347 356 347 355 347 354 347
259 4 354 343 359 343 359 346 354 346
260 5 354 342 360 342 360 343 359 343 354 343
261 7 353 342 354 342 354 343 354 346 354 347 354 350 353 350
262 6 352 342 353 342 353 350 353 371 352 371 352 359
263 12 352 331 360 331 360 342 354 342 353 342 352 342 352 338 352 337 352 335 352 334 352 333 352 332
264 4 351 359 352 359 352 371 351 371
265 6 351 338 352 338 352 342 352 359 351 359 351 344
266 5 350 344 351 344 351 359 351 371 350 371
267 4 349 344 350 344 350 371 349 371
268 4 348 465 349 465 349 516 348 516
269 4 347 465 348 465 348 516 347 516
270 4 346 465 347 465 347 516 346 516
271 10 346 344 349 344 349 371 349 465 348 465 347 465 346 465 346 410 346 363 346 345
272 5 344 410 346 410 346 465 346 516 344 516
273 5 344 363 346 363 346 410 344 410 344 382
274 6 343 382 344 382 344 410 344 516 343 516 343 401
275 4 342 401 343 401 343 516 342 516
276 4 342 382 343 382 343 401 342 401
277 6 341 382 342 382 342 401 342 516 341 516 341 515
278 4 338 515 341 515 341 516 338 516
279 4 336 515 338 515 338 516 336 516
280 6 316 515 320 515 333 515 336 515 336 516 316 516
281 6 333 382 341 382 341 515 338 515 336 515 333 515
282 7 333 363 344 363 344 382 343 382 342 382 341 382 333 382
283 6 320 363 322 363 333 363 333 382 333 515 320 515
284 8 322 345 323 345 346 345 346 363 344 363 333 363 322 363 322 354
285 8 323 344 328 344 335 344 339 344 340 344 346 344 346 345 323 345
286 8 340 338 351 338 351 344 350 344 349 344 346 344 340 344 340 341
287 4 339 341 340 341 340 344 339 344
288 4 339 338 340 338 340 341 339 341
289 6 339 337 352 337 352 338 351 338 340 338 339 338
290 7 335 337 339 337 339 338 339 341 339 344 335 344 335 340
291 5 335 335 352 335 352 337 339 337 335 337
292 4 328 340 335 340 335 344 328 344
293 6 328 335 335 335 335 337 335 340 328 340 328 339
294 5 328 334 352 334 352 335 335 335 328 335
295 7 323 339 324 339 326 339 328 339 328 340 328 344 323 344
296 5 326 334 328 334 328 335 328 339 326 339
297 6 326 333 327 333 352 333 352 334 328 334 326 334
298 7 327 332 329 332 332 332 345 332 352 332 352 333 327 333
299 4 345 331 352 331 352 332 345 332
300 4 332 331 345 331 345 332 332 332
301 6 332 329 360 329 360 331 352 331 345 331 332 331
302 5 394 326 483 326 483 329 394 329 394 328
303 5 394 323 483 323 483 326 394 326 394 324
304 6 394 321 446 321 483 321 483 323 394 323 394 322
305 6 332 328 334 328 394 328 394 329 360 329 332 329
306 6 329 328 332 328 332 329 332 331 332 332 329 332
307 6 334 324 394 324 394 326 394 328 334 328 334 327
308 5 329 327 334 327 334 328 332 328 329 328
309 5 327 327 329 327 329 328 329 332 327 332
310 5 326 327 327 327 327 332 327 333 326 333
311 6 326 324 334 324 334 327 329 327 327 327 326 327
312 7 324 324 326 324 326 327 326 333 326 334 326 339 324 339
313 9 324 322 357 322 366 322 394 322 394 323 394 324 334 324 326 324 324 324
314 6 323 322 324 322 324 324 324 339 323 339 323 325
315 6 322 325 323 325 323 339 323 344 323 345 322 345
316 4 322 322 323 322 323 325 322 325
317 5 320 354 321 354 322 354 322 363 320 363
318 6 321 322 322 322 322 325 322 345 322 354 321 354
319 5 366 321 387 321 394 321 394 322 366 322
320 4 446 320 483 320 483 321 446 321
321 4 446 317 483 317 483 320 446 320
322 5 446 315 483 315 483 317 446 317 446 316
323 7 387 316 446 316 446 317 446 320 446 321 394 321 387 321
324 4 387 315 446 315 446 316 387 316
325 5 387 311 483 311 483 315 446 315 387 315
326 4 387 308 483 308 483 311 387 311
327 7 366 308 387 308 387 311 387 315 387 316 387 321 366 321
328 5 366 307 483 307 483 308 387 308 366 308
329 6 357 307 366 307 366 308 366 321 366 322 357 322
330 8 321 307 357 307 357 322 324 322 323 322 322 322 321 322 321 313
331 6 321 305 483 305 483 307 366 307 357 307 321 307
332 6 320 313 321 313 321 322 321 354 320 354 320 319
333 6 316 319 320 319 320 354 320 363 320 515 316 515
334 6 316 313 317 313 318 313 320 313 320 319 316 319
335 6 314 313 316 313 316 319 316 515 316 516 314 516
336 6 318 305 321 305 321 307 321 313 320 313 318 313
337 6 318 303 378 303 483 303 483 305 321 305 318 305
338 9 378 256 483 256 483 303 378 303 378 280 378 262 378 260 378 259 378 257
339 4 318 280 378 280 378 303 318 303
340 11 317 280 318 280 318 303 318 305 318 313 317 313 317 312 317 310 317 284 317 283 317 281
341 6 314 312 315 312 317 312 317 313 316 313 314 313
342 4 315 310 317 310 317 312 315 312
343 6 315 284 317 284 317 310 315 310 315 286 315 285
344 5 314 286 315 286 315 310 315 312 314 312
345 6 313 286 314 286 314 312 314 313 314 516 313 516
346 4 312 286 313 286 313 516 312 516
347 7 311 286 312 286 312 516 311 516 311 300 311 299 311 288
348 4 310 300 311 300 311 516 310 516
349 4 309 300 310 300 310 516 309 516
350 4 308 300 309 300 309 516 308 516
351 6 307 300 308 300 308 516 307 516 307 304 307 302
352 7 306 304 307 304 307 516 306 516 306 475 306 384 306 309
353 10 267 475 269 475 271 475 278 475 291 475 292 475 293 475 306 475 306 516 267 516
354 5 293 384 294 384 306 384 306 475 293 475
355 7 294 309 301 309 303 309 304 309 306 309 306 384 294 384
356 4 304 304 306 304 306 309 304 309
357 4 303 304 304 304 304 309 303 309
358 5 301 304 302 304 303 304 303 309 301 309
359 7 302 302 307 302 307 304 306 304 304 304 303 304 302 304
360 4 302 300 307 300 307 302 302 302
361 9 302 299 305 299 311 299 311 300 310 300 309 300 308 300 307 300 302 300
362 4 305 288 311 288 311 299 305 299
363 8 302 288 305 288 305 299 302 299 302 298 302 293 302 292 302 290
364 7 301 298 302 298 302 299 302 300 302 302 302 304 301 304
365 10 294 298 296 298 297 298 298 298 300 298 301 298 301 304 301 309 294 309 294 301
366 6 300 293 302 293 302 298 301 298 300 298 300 296
367 4 298 296 300 296 300 298 298 298
368 5 297 296 298 296 298 298 297 298 297 297
369 7 297 293 300 293 300 296 298 296 297 296 297 295 297 294
370 4 296 297 297 297 297 298 296 298
371 5 296 295 297 295 297 296 297 297 296 297
372 4 296 294 297 294 297 295 296 295
373 6 294 294 296 294 296 295 296 297 296 298 294 298
374 5 294 293 297 293 297 294 296 294 294 294
375 6 293 301 294 301 294 309 294 384 293 384 293 318
376 6 293 293 294 293 294 294 294 298 294 301 293 301
377 5 292 318 293 318 293 384 293 475 292 475
378 5 291 318 292 318 292 475 291 475 291 367
379 5 278 367 287 367 291 367 291 475 278 475
380 5 287 318 291 318 291 367 287 367 287 362
381 7 287 293 293 293 293 301 293 318 292 318 291 318 287 318
382 10 287 292 288 292 289 292 302 292 302 293 300 293 297 293 294 293 293 293 287 293
383 5 289 290 295 290 302 290 302 292 289 292
384 5 295 288 302 288 302 290 295 290 295 289
385 5 289 289 290 289 295 289 295 290 289 290
386 4 290 288 295 288 295 289 290 289
387 7 290 286 311 286 311 288 305 288 302 288 295 288 290 288
388 8 290 285 315 285 315 286 314 286 313 286 312 286 311 286 290 286
389 6 289 285 290 285 290 286 290 288 290 289 289 289
390 5 289 284 315 284 315 285 290 285 289 285
391 5 289 283 317 283 317 284 315 284 289 284
392 8 288 283 289 283 289 284 289 285 289 289 289 290 289 292 288 292
393 4 287 283 288 283 288 292 287 292
394 6 278 362 284 362 286 362 287 362 287 367 278 367
395 7 286 283 287 283 287 292 287 293 287 318 287 362 286 362
396 7 286 281 317 281 317 283 289 283 288 283 287 283 286 283
397 6 284 281 285 281 286 281 286 283 286 362 284 362
398 5 278 281 281 281 284 281 284 362 278 362
399 9 271 281 273 281 274 281 278 281 278 362 278 367 278 475 271 475 271 336
400 5 285 280 317 280 317 281 286 281 285 281
401 9 285 262 378 262 378 280 318 280 317 280 285 280 285 279 285 268 285 264
402 8 281 279 282 279 283 279 285 279 285 280 285 281 284 281 281 281
403 7 283 268 285 268 285 279 283 279 283 273 283 270 283 269
404 5 282 273 283 273 283 279 282 279 282 277
405 5 281 277 282 277 282 279 281 279 281 278
406 7 274 278 276 278 281 278 281 279 281 281 278 281 274 281
407 5 276 277 280 277 281 277 281 278 276 278
408 8 280 273 282 273 282 277 281 277 280 277 280 276 280 275 280 274
409 5 280 270 283 270 283 273 282 273 280 273
410 4 276 276 280 276 280 277 276 277
411 5 276 275 279 275 280 275 280 276 276 276
412 6 274 275 276 275 276 276 276 277 276 278 274 278
413 4 279 274 280 274 280 275 279 275
414 7 279 270 280 270 280 273 280 274 279 274 279 272 279 271
415 6 274 272 279 272 279 274 279 275 276 275 274 275
416 6 273 272 274 272 274 275 274 278 274 281 273 281
417 6 273 271 275 271 279 271 279 272 274 272 273 272
418 5 271 271 273 271 273 272 273 281 271 281
419 5 269 336 271 336 271 475 269 475 269 472
420 4 267 472 269 472 269 475 267 475
421 5 266 472 267 472 267 475 267 516 266 516
422 12 246 472 247 472 250 472 251 472 252 472 253 472 254 472 255 472 259 472 266 472 266 516 246 516
423 8 259 336 260 336 269 336 269 472 267 472 266 472 259 472 259 417
424 7 260 271 263 271 271 271 271 281 271 336 269 336 260 336
425 4 275 270 279 270 279 271 275 271
426 6 275 269 283 269 283 270 280 270 279 270 275 270
427 4 275 268 283 268 283 269 275 269
428 10 263 268 265 268 268 268 275 268 275 269 275 270 275 271 273 271 271 271 263 271
429 7 268 264 277 264 285 264 285 268 283 268 275 268 268 268
430 5 265 264 268 264 268 268 265 268 265 267
431 5 263 267 264 267 265 267 265 268 263 268
432 4 264 264 265 264 265 267 264 267
433 4 277 262 285 262 285 264 277 264
434 7 264 262 277 262 277 264 268 264 265 264 264 264 264 263
435 7 264 260 378 260 378 262 285 262 277 262 264 262 264 261
436 5 263 263 264 263 264 264 264 267 263 267
437 8 260 263 263 263 263 267 263 268 263 271 260 271 260 266 260 265
438 7 260 261 262 261 264 261 264 262 264 263 263 263 260 263
439 5 259 266 260 266 260 271 260 336 259 336
440 5 255 417 257 417 259 417 259 472 255 472
441 4 254 417 255 417 255 472 254 472
442 5 257 266 259 266 259 336 259 417 257 417
443 5 257 265 260 265 260 266 259 266 257 266
444 6 254 265 257 265 257 266 257 417 255 417 254 417
445 6 254 261 260 261 260 263 260 265 257 265 254 265
446 7 253 261 254 261 254 265 254 417 254 472 253 472 253 409
447 4 262 260 264 260 264 261 262 261
448 6 253 260 262 260 262 261 260 261 254 261 253 261
449 8 253 259 325 259 330 259 378 259 378 260 264 260 262 260 253 260
450 4 252 409 253 409 253 472 252 472
451 6 252 259 253 259 253 260 253 261 253 409 252 409
452 4 330 257 378 257 378 259 330 259
453 4 330 256 378 256 378 257 330 257
454 5 325 256 330 256 330 257 330 259 325 259
455 6 325 255 483 255 483 256 378 256 330 256 325 256
456 5 325 253 483 253 483 255 325 255 325 254
457 7 252 254 325 254 325 255 325 256 325 259 253 259 252 259
458 6 251 254 252 254 252 259 252 409 252 472 251 472
459 5 251 253 325 253 325 254 252 254 251 254
460 5 250 253 251 253 251 254 251 472 250 472
461 6 250 252 483 252 483 253 325 253 251 253 250 253
462 6 247 252 250 252 250 253 250 472 247 472 247 258
463 7 247 251 256 251 261 251 483 251 483 252 250 252 247 252
464 4 246 258 247 258 247 472 246 472
465 5 245 258 246 258 246 472 246 516 245 516
466 6 245 251 247 251 247 252 247 258 246 258 245 258
467 6 261 250 270 250 374 250 483 250 483 251 261 251
468 4 374 248 483 248 483 250 374 250
469 5 374 245 483 245 483 248 374 248 374 246
470 6 374 229 483 229 483 245 374 245 374 244 374 231
471 5 270 246 374 246 374 248 374 250 270 250
472 5 261 246 270 246 270 250 261 250 261 249
473 6 261 244 374 244 374 245 374 246 270 246 261 246
474 8 261 231 374 231 374 244 261 244 261 243 261 242 261 240 261 232
475 5 256 249 261 249 261 250 261 251 256 251
476 7 256 243 258 243 261 243 261 244 261 246 261 249 256 249
477 6 245 243 256 243 256 249 256 251 247 251 245 251
478 6 244 243 245 243 245 251 245 258 245 516 244 516
479 5 228 243 230 243 244 243 244 516 228 516
480 4 258 242 261 242 261 243 258 243
481 8 230 242 232 242 258 242 258 243 256 243 245 243 244 243 230 243
482 8 232 240 243 240 248 240 249 240 261 240 261 242 258 242 232 242
483 5 249 232 261 232 261 240 249 240 249 235
484 5 248 235 249 235 249 240 248 240 248 237
485 5 243 237 248 237 248 240 243 240 243 239
486 4 243 235 248 235 248 237 243 237
487 6 243 232 249 232 249 235 248 235 243 235 243 234
488 5 243 231 261 231 261 232 249 232 243 232
489 7 232 239 239 239 240 239 242 239 243 239 243 240 232 240
490 7 242 234 243 234 243 235 243 237 243 239 242 239 242 236
491 5 242 231 243 231 243 232 243 234 242 234
492 7 242 229 374 229 374 231 261 231 243 231 242 231 242 230
493 5 240 236 241 236 242 236 242 239 240 239
494 6 241 230 242 230 242 231 242 234 242 236 241 236
495 4 240 230 241 230 241 236 240 236
496 5 240 229 242 229 242 230 241 230 240 230
497 6 240 227 483 227 483 229 374 229 242 229 240 229
498 8 239 227 240 227 240 229 240 230 240 236 240 239 239 239 239 238
499 5 239 224 483 224 483 227 240 227 239 227
500 5 239 206 483 206 483 224 239 224 239 212
501 7 232 238 233 238 236 238 238 238 239 238 239 239 232 239
502 11 238 212 239 212 239 224 239 227 239 238 238 238 238 228 238 222 238 221 238 219 238 214
503 4 236 228 238 228 238 238 236 238
504 4 233 228 236 228 236 238 233 238
505 5 233 222 238 222 238 228 236 228 233 228
506 6 233 221 234 221 237 221 238 221 238 222 233 222
507 4 237 219 238 219 238 221 237 221
508 4 234 219 237 219 237 221 234 221
509 7 234 214 238 214 238 219 237 219 234 219 234 217 234 215
510 5 233 217 234 217 234 219 234 221 233 221
511 10 232 217 233 217 233 221 233 222 233 228 233 238 232 238 232 226 232 225 232 223
512 7 230 226 232 226 232 238 232 239 232 240 232 242 230 242
513 5 228 226 230 226 230 242 230 243 228 243
514 9 221 226 222 226 224 226 225 226 226 226 228 226 228 243 228 516 221 516
515 8 226 225 227 225 229 225 232 225 232 226 230 226 228 226 226 226
516 4 229 223 232 223 232 225 229 225
517 4 229 217 232 217 232 223 229 223
518 6 229 215 234 215 234 217 233 217 232 217 229 217
519 6 227 215 229 215 229 217 229 223 229 225 227 225
520 4 226 215 227 215 227 225 226 225
521 6 226 214 234 214 234 215 229 215 227 215 226 215
522 6 225 214 226 214 226 215 226 225 226 226 225 226
523 4 224 214 225 214 225 226 224 226
524 7 224 212 238 212 238 214 234 214 226 214 225 214 224 214
525 6 222 212 224 212 224 214 224 226 222 226 222 213
526 7 222 206 239 206 239 212 238 212 224 212 222 212 222 207
527 5 222 200 483 200 483 206 239 206 222 206
528 4 221 213 222 213 222 226 221 226
529 5 221 207 222 207 222 212 222 213 221 213
530 8 220 207 221 207 221 213 221 226 221 516 220 516 220 216 220 209
531 5 218 216 220 216 220 516 218 516 218 396
532 6 214 396 216 396 217 396 218 396 218 516 214 516
533 4 213 396 214 396 214 516 213 516
534 5 217 216 218 216 218 396 217 396 217 314
535 4 216 314 217 314 217 396 216 396
536 6 213 314 216 314 216 396 214 396 213 396 213 361
537 5 210 361 213 361 213 396 213 516 210 516
538 4 208 361 210 361 210 516 208 516
539 5 208 314 213 314 213 361 210 361 208 361
540 5 207 314 208 314 208 361 208 516 207 516
541 9 207 216 211 216 212 216 217 216 217 314 216 314 213 314 208 314 207 314
542 7 212 209 215 209 220 209 220 216 218 216 217 216 212 216
543 5 215 207 219 207 220 207 220 209 215 209
544 7 219 200 222 200 222 206 222 207 221 207 220 207 219 207
545 4 215 200 219 200 219 207 215 207
546 6 215 199 483 199 483 200 222 200 219 200 215 200
547 7 215 183 483 183 483 199 215 199 215 192 215 188 215 184
548 7 212 192 215 192 215 199 215 200 215 207 215 209 212 209
549 10 211 192 212 192 212 209 212 216 211 216 211 208 211 202 211 197 211 196 211 194
550 4 207 208 211 208 211 216 207 216
551 7 206 208 207 208 207 216 207 314 207 516 206 516 206 241
552 4 204 241 206 241 206 516 204 516
553 4 204 208 206 208 206 241 204 241
554 6 204 202 211 202 211 208 207 208 206 208 204 208
555 6 203 202 204 202 204 208 204 241 204 516 203 516
556 4 202 202 203 202 203 516 202 516
557 4 201 202 202 202 202 516 201 516
558 8 201 197 205 197 211 197 211 202 204 202 203 202 202 202 201 202
559 4 205 196 211 196 211 197 205 197
560 4 201 196 205 196 205 197 201 197
561 6 200 196 201 196 201 197 201 202 201 516 200 516
562 5 198 196 199 196 200 196 200 516 198 516
563 7 199 194 211 194 211 196 205 196 201 196 200 196 199 196
564 5 199 192 211 192 211 194 199 194 199 193
565 8 199 188 215 188 215 192 212 192 211 192 199 192 199 190 199 189
566 5 198 193 199 193 199 194 199 196 198 196
567 5 196 193 198 193 198 196 198 516 196 516
568 6 195 193 196 193 196 516 195 516 195 287 195 201
569 7 195 190 199 190 199 192 199 193 198 193 196 193 195 193
570 5 194 287 195 287 195 516 194 516 194 403
571 6 194 201 195 201 195 287 194 287 194 211 194 205
572 4 192 403 194 403 194 516 192 516
573 4 191 403 192 403 192 516 191 516
574 7 191 211 194 211 194 287 194 403 192 403 191 403 191 220
575 5 188 220 191 220 191 403 191 516 188 516
576 6 187 220 188 220 188 516 187 516 187 508 187 387
577 6 187 211 189 211 191 211 191 220 188 220 187 220
578 7 178 508 179 508 185 508 186 508 187 508 187 516 178 516
579 4 186 387 187 387 187 508 186 508
580 5 185 387 186 387 186 508 185 508 185 488
581 4 179 488 185 488 185 508 179 508
582 4 178 488 179 488 179 508 178 508
583 5 176 488 178 488 178 508 178 516 176 516
584 4 175 488 176 488 176 516 175 516
585 8 175 387 183 387 185 387 185 488 179 488 178 488 176 488 175 488
586 8 183 211 184 211 187 211 187 220 187 387 186 387 185 387 183 387
587 5 175 211 177 211 183 211 183 387 175 387
588 8 164 211 170 211 171 211 175 211 175 387 175 488 175 516 164 516
589 5 189 205 194 205 194 211 191 211 189 211
590 5 184 205 189 205 189 211 187 211 184 211
591 5 184 201 194 201 194 205 189 205 184 205
592 6 177 201 184 201 184 205 184 211 183 211 177 211
593 6 171 201 177 201 177 211 175 211 171 211 171 203
594 8 171 190 195 190 195 193 195 201 194 201 184 201 177 201 171 201
595 4 170 203 171 203 171 211 170 211
596 6 164 203 165 203 166 203 170 203 170 211 164 211
597 6 166 190 171 190 171 201 171 203 170 203 166 203
598 7 166 189 190 189 199 189 199 190 195 190 171 190 166 190
599 4 190 188 199 188 199 189 190 189
600 8 190 184 215 184 215 188 199 188 190 188 190 187 190 186 190 185
601 4 190 183 215 183 215 184 190 184
602 5 190 180 483 180 483 183 215 183 190 183
603 6 166 187 180 187 190 187 190 188 190 189 166 189
604 8 165 187 166 187 166 189 166 190 166 203 165 203 165 198 165 195
605 5 180 186 181 186 190 186 190 187 180 187
606 5 181 185 182 185 190 185 190 186 181 186
607 6 182 180 190 180 190 183 190 184 190 185 182 185
608 5 182 178 483 178 483 180 190 180 182 180
609 5 182 177 223 177 483 177 483 178 182 178
610 7 181 177 182 177 182 178 182 180 182 185 181 185 181 181
611 4 223 174 483 174 483 177 223 177
612 5 181 174 223 174 223 177 182 177 181 177
613 5 181 168 483 168 483 174 223 174 181 174
614 5 180 181 181 181 181 185 181 186 180 186
615 8 180 168 181 168 181 174 181 177 181 181 180 181 180 179 180 172
616 8 180 158 483 158 483 168 181 168 180 168 180 162 180 161 180 159
617 7 165 179 180 179 180 181 180 186 180 187 166 187 165 187
618 4 164 198 165 198 165 203 164 203
619 6 163 198 164 198 164 203 164 211 164 516 163 516
620 5 163 195 165 195 165 198 164 198 163 198
621 5 162 195 163 195 163 198 163 516 162 516
622 4 161 195 162 195 162 516 161 516
623 4 160 195 161 195 161 516 160 516
624 8 160 179 165 179 165 187 165 195 163 195 162 195 161 195 160 195
625 5 160 172 180 172 180 179 165 179 160 179
626 6 159 172 160 172 160 179 160 195 160 516 159 516
627 5 157 172 159 172 159 516 157 516 157 175
628 8 157 162 172 162 180 162 180 168 180 172 160 172 159 172 157 172
629 5 156 175 157 175 157 516 156 516 156 306
630 5 155 306 156 306 156 516 155 516 155 399
631 5 155 175 156 175 156 306 155 306 155 282
632 4 154 399 155 399 155 516 154 516
633 4 153 399 154 399 154 516 153 516
634 6 153 282 155 282 155 306 155 399 154 399 153 399
635 5 152 282 153 282 153 399 153 516 152 516
636 4 151 282 152 282 152 516 151 516
637 7 151 175 155 175 155 282 153 282 152 282 151 282 151 204
638 6 149 204 150 204 151 204 151 282 151 516 149 516
639 4 145 204 149 204 149 516 145 516
640 4 150 175 151 175 151 204 150 204
641 12 150 162 157 162 157 172 157 175 156 175 155 175 151 175 150 175 150 171 150 166 150 165 150 164
642 6 145 171 150 171 150 175 150 204 149 204 145 204
643 6 143 171 144 171 145 171 145 204 145 516 143 516
644 4 140 171 143 171 143 516 140 516
645 7 144 166 146 166 150 166 150 171 145 171 144 171 144 167
646 4 146 165 150 165 150 166 146 166
647 4 144 165 146 165 146 166 144 166
648 5 144 164 150 164 150 165 146 165 144 165
649 5 140 167 144 167 144 171 143 171 140 171
650 10 122 167 126 167 127 167 128 167 130 167 140 167 140 171 140 516 122 516 122 169
651 10 130 164 131 164 132 164 137 164 144 164 144 165 144 166 144 167 140 167 130 167
652 6 137 162 150 162 150 164 144 164 137 164 137 163
653 5 172 161 173 161 180 161 180 162 172 162
654 7 137 161 141 161 172 161 172 162 157 162 150 162 137 162
655 5 173 159 174 159 180 159 180 161 173 161
656 4 174 158 180 158 180 159 174 159
657 6 174 157 337 157 483 157 483 158 180 158 174 158
658 5 173 157 174 157 174 158 174 159 173 159
659 4 337 154 483 154 483 157 337 157
660 4 337 150 483 150 483 154 337 154
661 9 337 132 483 132 483 150 337 150 337 142 337 140 337 136 337 135 337 134
662 8 173 142 197 142 337 142 337 150 337 154 337 157 174 157 173 157
663 13 141 142 173 142 173 157 173 159 173 161 172 161 141 161 141 155 141 152 141 149 141 148 141 145 141 143
664 5 137 155 141 155 141 161 137 161 137 160
665 6 132 163 135 163 136 163 137 163 137 164 132 164
666 6 136 160 137 160 137 161 137 162 137 163 136 163
667 4 136 155 137 155 137 160 136 160
668 5 135 155 136 155 136 160 136 163 135 163
669 6 135 152 141 152 141 155 137 155 136 155 135 155
670 5 135 149 139 149 141 149 141 152 135 152
671 4 139 148 141 148 141 149 139 149
672 6 139 145 141 145 141 148 139 148 139 147 139 146
673 6 135 147 138 147 139 147 139 148 139 149 135 149
674 7 132 147 135 147 135 149 135 152 135 155 135 163 132 163
675 5 131 147 132 147 132 163 132 164 131 164
676 4 138 146 139 146 139 147 138 147
677 6 131 146 138 146 138 147 135 147 132 147 131 147
678 5 130 146 131 146 131 147 131 164 130 164
679 6 130 145 139 145 139 146 138 146 131 146 130 146
680 6 128 145 130 145 130 146 130 164 130 167 128 167
681 6 128 143 141 143 141 145 139 145 130 145 128 145
682 5 128 142 129 142 141 142 141 143 128 143
683 6 127 142 128 142 128 143 128 145 128 167 127 167
684 4 197 140 337 140 337 142 197 142
685 6 129 140 197 140 197 142 173 142 141 142 129 142
686 5 129 136 337 136 337 140 197 140 129 140
687 7 127 136 129 136 129 140 129 142 128 142 127 142 127 139
688 5 127 135 337 135 337 136 129 136 127 136
689 6 126 139 127 139 127 142 127 167 126 167 126 141
690 6 122 141 123 141 125 141 126 141 126 167 122 167
691 4 125 139 126 139 126 141 125 141
692 8 125 135 127 135 127 136 127 139 126 139 125 139 125 138 125 137
693 5 125 134 337 134 337 135 127 135 125 135
694 5 123 138 125 138 125 139 125 141 123 141
695 4 122 138 123 138 123 141 122 141
696 5 110 169 111 169 122 169 122 516 110 516
697 8 111 138 112 138 121 138 122 138 122 141 122 167 122 169 111 169
698 6 121 137 125 137 125 138 123 138 122 138 121 138
699 10 112 137 114 137 116 137 117 137 118 137 119 137 120 137 121 137 121 138 112 138
700 6 120 134 125 134 125 135 125 137 121 137 120 137
701 5 120 132 337 132 337 134 125 134 120 134
702 5 119 132 120 132 120 134 120 137 119 137
703 6 119 130 483 130 483 132 337 132 120 132 119 132
704 6 118 130 119 130 119 132 119 137 118 137 118 133
705 5 118 126 483 126 483 130 119 130 118 130
706 7 118 118 272 118 483 118 483 126 118 126 118 120 118 119
707 4 117 133 118 133 118 137 117 137
708 10 117 120 118 120 118 126 118 130 118 133 117 133 117 124 117 123 117 122 117 121
709 6 116 124 117 124 117 133 117 137 116 137 116 125
710 5 114 125 115 125 116 125 116 137 114 137
711 5 112 125 114 125 114 137 112 137 112 127
712 8 111 127 112 127 112 137 112 138 111 138 111 131 111 129 111 128
713 5 110 131 111 131 111 138 111 169 110 169
714 4 110 129 111 129 111 131 110 131
715 8 109 129 110 129 110 131 110 169 110 516 109 516 109 218 109 182
716 7 98 218 100 218 101 218 107 218 109 218 109 516 98 516
717 4 107 182 109 182 109 218 107 218
718 5 107 129 109 129 109 182 107 182 107 144
719 8 101 144 102 144 104 144 105 144 107 144 107 182 107 218 101 218
720 4 105 129 107 129 107 144 105 144
721 7 105 128 111 128 111 129 110 129 109 129 107 129 105 129
722 5 104 128 105 128 105 129 105 144 104 144
723 6 104 127 108 127 111 127 111 128 105 128 104 128
724 5 108 125 112 125 112 127 111 127 108 127
725 4 115 124 116 124 116 125 115 125
726 6 108 124 115 124 115 125 114 125 112 125 108 125
727 6 108 123 117 123 117 124 116 124 115 124 108 124
728 4 108 122 117 122 117 123 108 123
729 7 104 122 108 122 108 123 108 124 108 125 108 127 104 127
730 6 102 122 104 122 104 127 104 128 104 144 102 144
731 6 102 121 117 121 117 122 108 122 104 122 102 122
732 5 101 121 102 121 102 122 102 144 101 144
733 5 101 120 117 120 117 121 102 121 101 121
734 6 100 120 101 120 101 121 101 144 101 218 100 218
735 4 98 120 100 120 100 218 98 218
736 8 98 119 106 119 118 119 118 120 117 120 101 120 100 120 98 120
737 8 94 119 95 119 96 119 98 119 98 120 98 218 98 516 94 516
738 4 106 118 118 118 118 119 106 119
739 5 272 116 483 116 483 118 272 118 272 117
740 4 272 115 483 115 483 116 272 116
741 4 272 114 483 114 483 115 272 115
742 8 106 117 124 117 134 117 142 117 272 117 272 118 118 118 106 118
743 8 96 117 97 117 103 117 106 117 106 118 106 119 98 119 96 119
744 4 95 117 96 117 96 119 95 119
745 6 142 114 272 114 272 115 272 116 272 117 142 117
746 5 142 113 483 113 483 114 272 114 142 114
747 4 142 112 483 112 483 113 142 113
748 17 142 95 462 95 483 95 483 112 142 112 142 111 142 109 142 108 142 106 142 105 142 104 142 102 142 101 142 99 142 98 142 97 142 96
749 7 134 111 142 111 142 112 142 113 142 114 142 117 134 117
750 4 124 111 134 111 134 117 124 117
751 5 124 109 142 109 142 111 134 111 124 111
752 6 103 109 124 109 124 111 124 117 106 117 103 117
753 5 103 108 142 108 142 109 124 109 103 109
754 4 103 106 142 106 142 108 103 108
755 6 97 106 103 106 103 108 103 109 103 117 97 117
756 5 95 106 97 106 97 117 96 117 95 117
757 7 95 105 113 105 142 105 142 106 103 106 97 106 95 106
758 6 94 105 95 105 95 106 95 117 95 119 94 119
759 5 91 105 94 105 94 119 94 516 91 516
760 5 90 105 91 105 91 516 90 516 90 501
761 5 113 104 133 104 142 104 142 105 113 105
762 5 133 102 142 102 142 104 133 104 133 103
763 4 113 103 133 103 133 104 113 104
764 4 113 102 133 102 133 103 113 103
765 9 90 102 113 102 113 103 113 104 113 105 95 105 94 105 91 105 90 105
766 8 90 101 92 101 93 101 142 101 142 102 133 102 113 102 90 102
767 6 86 501 87 501 88 501 90 501 90 516 86 516
768 6 88 101 90 101 90 102 90 105 90 501 88 501
769 4 93 99 142 99 142 101 93 101
770 4 92 99 93 99 93 101 92 101
771 5 92 98 142 98 142 99 93 99 92 99
772 4 92 97 142 97 142 98 92 98
773 7 88 97 92 97 92 98 92 99 92 101 90 101 88 101
774 5 87 97 88 97 88 101 88 501 87 501
775 6 87 96 142 96 142 97 92 97 88 97 87 97
776 8 86 96 87 96 87 97 87 501 86 501 86 247 86 210 86 151
777 9 77 247 79 247 80 247 84 247 86 247 86 501 86 516 77 516 77 413
778 5 84 210 85 210 86 210 86 247 84 247
779 6 80 210 81 210 82 210 84 210 84 247 80 247
780 5 85 151 86 151 86 210 85 210 85 191
781 4 85 96 86 96 86 151 85 151
782 6 85 95 142 95 142 96 87 96 86 96 85 96
783 5 82 191 85 191 85 210 84 210 82 210
784 7 82 95 85 95 85 96 85 151 85 191 82 191 82 153
785 5 462 94 468 94 483 94 483 95 462 95
786 6 82 94 462 94 462 95 142 95 85 95 82 95
787 5 81 153 82 153 82 191 82 210 81 210
788 7 81 94 82 94 82 95 82 153 81 153 81 107 81 100
789 4 468 93 483 93 483 94 468 94
790 6 81 93 468 93 468 94 462 94 82 94 81 94
791 7 81 92 83 92 89 92 483 92 483 93 468 93 81 93
792 5 80 107 81 107 81 153 81 210 80 210
793 6 79 107 80 107 80 210 80 247 79 247 79 233
794 4 77 233 79 233 79 247 77 247
795 4 75 413 77 413 77 516 75 516
796 5 75 233 77 233 77 247 77 413 75 413
797 5 71 233 75 233 75 413 75 516 71 516
798 6 71 107 79 107 79 233 77 233 75 233 71 233
799 6 71 100 81 100 81 107 80 107 79 107 71 107
800 8 64 100 68 100 69 100 71 100 71 107 71 233 71 516 64 516
801 7 69 92 81 92 81 93 81 94 81 100 71 100 69 100
802 7 89 91 147 91 209 91 389 91 483 91 483 92 89 92
803 4 389 89 483 89 483 91 389 91
804 4 209 89 389 89 389 91 209 91
805 4 147 89 209 89 209 91 147 91
806 7 147 88 319 88 483 88 483 89 389 89 209 89 147 89
807 4 319 87 483 87 483 88 319 88
808 4 319 86 483 86 483 87 319 87
809 4 319 85 483 85 483 86 319 86
810 7 147 85 299 85 319 85 319 86 319 87 319 88 147 88
811 6 89 85 147 85 147 88 147 89 147 91 89 91
812 5 299 84 483 84 483 85 319 85 299 85
813 5 89 84 299 84 299 85 147 85 89 85
814 5 89 83 483 83 483 84 299 84 89 84
815 7 83 83 89 83 89 84 89 85 89 91 89 92 83 92
816 5 83 82 483 82 483 83 89 83 83 83
817 7 69 82 73 82 83 82 83 83 83 92 81 92 69 92
818 10 73 81 76 81 148 81 193 81 331 81 406 81 483 81 483 82 83 82 73 82
819 4 406 79 483 79 483 81 406 81
820 4 406 78 483 78 483 79 406 79
821 5 331 78 406 78 406 79 406 81 331 81
822 6 331 75 368 75 483 75 483 78 406 78 331 78
823 6 193 75 331 75 331 78 331 81 193 81 193 80
824 5 368 73 483 73 483 75 368 75 368 74
825 5 193 74 368 74 368 75 331 75 193 75
826 4 193 73 368 73 368 74 193 74
827 5 193 72 483 72 483 73 368 73 193 73
828 4 193 71 483 71 483 72 193 72
829 4 148 80 193 80 193 81 148 81
830 8 148 71 193 71 193 72 193 73 193 74 193 75 193 80 148 80
831 5 148 70 483 70 483 71 193 71 148 71
832 9 76 70 78 70 99 70 148 70 148 71 148 80 148 81 76 81 76 76
833 5 99 69 483 69 483 70 148 70 99 70
834 4 99 68 483 68 483 69 99 69
835 5 99 66 483 66 483 68 99 68 99 67
836 6 78 67 99 67 99 68 99 69 99 70 78 70
837 4 78 66 99 66 99 67 78 67
838 6 78 65 158 65 483 65 483 66 99 66 78 66
839 4 158 64 483 64 483 65 158 65
840 4 158 58 483 58 483 64 158 64
841 7 78 58 158 58 158 64 158 65 78 65 78 60 78 59
842 8 76 60 78 60 78 65 78 66 78 67 78 70 76 70 76 63
843 4 73 76 76 76 76 81 73 81
844 5 69 76 73 76 73 81 73 82 69 82
845 6 68 76 69 76 69 82 69 92 69 100 68 100
846 8 68 63 70 63 76 63 76 70 76 76 73 76 69 76 68 76
847 7 64 63 65 63 67 63 68 63 68 76 68 100 64 100
848 7 59 63 63 63 64 63 64 100 64 516 59 516 59 77
849 4 70 60 76 60 76 63 70 63
850 6 67 60 70 60 70 63 68 63 67 63 67 62
851 4 65 62 67 62 67 63 65 63
852 5 65 60 66 60 67 60 67 62 65 62
853 7 66 59 78 59 78 60 76 60 70 60 67 60 66 60
854 4 66 58 78 58 78 59 66 59
855 6 66 55 483 55 483 58 158 58 78 58 66 58
856 6 65 55 66 55 66 58 66 59 66 60 65 60
857 5 65 54 483 54 483 55 66 55 65 55
858 10 63 54 65 54 65 55 65 60 65 62 65 63 64 63 63 63 63 61 63 57
859 5 63 53 483 53 483 54 65 54 63 54
860 4 59 61 63 61 63 63 59 63
861 5 46 77 47 77 59 77 59 516 46 516
862 11 47 61 49 61 50 61 52 61 53 61 55 61 56 61 59 61 59 63 59 77 47 77
863 8 56 57 57 57 58 57 60 57 63 57 63 61 59 61 56 61
864 5 60 53 63 53 63 54 63 57 60 57
865 5 60 52 483 52 483 53 63 53 60 53
866 5 60 49 61 49 483 49 483 52 60 52
867 6 58 49 60 49 60 52 60 53 60 57 58 57
868 8 61 48 62 48 74 48 169 48 231 48 483 48 483 49 61 49
869 4 231 47 483 47 483 48 231 48
870 4 169 47 231 47 231 48 169 48
871 5 169 46 483 46 483 47 231 47 169 47
872 4 169 45 483 45 483 46 169 46
873 4 169 43 483 43 483 45 169 45
874 7 74 43 169 43 169 45 169 46 169 47 169 48 74 48
875 5 62 43 72 43 74 43 74 48 62 48
876 6 72 41 483 41 483 43 169 43 74 43 72 43
877 4 62 41 72 41 72 43 62 43
878 5 62 39 483 39 483 41 72 41 62 41
879 7 61 39 62 39 62 41 62 43 62 48 61 48 61 40
880 6 61 37 483 37 483 39 62 39 61 39 61 38
881 7 58 40 61 40 61 48 61 49 60 49 58 49 58 44
882 5 58 38 61 38 61 39 61 40 58 40
883 4 58 37 61 37 61 38 58 38
884 5 57 44 58 44 58 49 58 57 57 57
885 6 57 37 58 37 58 38 58 40 58 44 57 44
886 7 57 34 414 34 483 34 483 37 61 37 58 37 57 37
887 7 56 34 57 34 57 37 57 44 57 57 56 57 56 50
888 5 414 24 483 24 483 34 414 34 414 25
889 7 56 25 414 25 414 34 57 34 56 34 56 28 56 26
890 6 55 50 56 50 56 57 56 61 55 61 55 56
891 9 55 28 56 28 56 34 56 50 55 50 55 35 55 32 55 31 55 29
892 4 53 56 55 56 55 61 53 61
893 4 52 56 53 56 53 61 52 61
894 6 52 35 55 35 55 50 55 56 53 56 52 56
895 5 50 35 52 35 52 56 52 61 50 61
896 4 49 35 50 35 50 61 49 61
897 5 47 35 49 35 49 61 47 61 47 51
898 7 47 32 55 32 55 35 52 35 50 35 49 35 47 35
899 5 46 51 47 51 47 61 47 77 46 77
900 5 45 51 46 51 46 77 46 516 45 516
901 6 45 32 47 32 47 35 47 51 46 51 45 51
902 6 41 32 44 32 45 32 45 51 45 516 41 516
903 5 36 32 38 32 41 32 41 516 36 516
904 7 44 31 48 31 55 31 55 32 47 32 45 32 44 32
905 8 38 31 40 31 42 31 43 31 44 31 44 32 41 32 38 32
906 4 48 29 55 29 55 31 48 31
907 4 48 28 55 28 55 29 48 29
908 5 48 26 56 26 56 28 55 28 48 28
909 5 48 25 51 25 56 25 56 26 48 26
910 8 43 25 48 25 48 26 48 28 48 29 48 31 44 31 43 31
911 6 51 24 54 24 414 24 414 25 56 25 51 25
912 6 54 23 482 23 483 23 483 24 414 24 54 24
913 4 51 23 54 23 54 24 51 24
914 5 482 21 483 21 483 23 482 23 482 22
915 6 51 22 167 22 482 22 482 23 54 23 51 23
916 7 43 22 51 22 51 23 51 24 51 25 48 25 43 25
917 5 42 22 43 22 43 25 43 31 42 31
918 5 167 21 168 21 482 21 482 22 167 22
919 5 168 20 483 20 483 21 482 21 168 21
920 4 168 18 483 18 483 20 168 20
921 5 167 18 168 18 168 20 168 21 167 21
922 5 167 17 483 17 483 18 168 18 167 18
923 8 42 17 167 17 167 18 167 21 167 22 51 22 43 22 42 22
924 6 42 15 235 15 483 15 483 17 167 17 42 17
925 5 235 12 483 12 483 15 235 15 235 13
926 4 235 8 483 8 483 12 235 12
927 4 42 13 235 13 235 15 42 15
928 9 40 13 42 13 42 15 42 17 42 22 42 31 40 31 40 27 40 19
929 4 38 27 40 27 40 31 38 31
930 5 38 19 39 19 40 19 40 27 38 27
931 7 36 19 37 19 38 19 38 27 38 31 38 32 36 32
932 7 35 19 36 19 36 32 36 516 35 516 35 476 35 36
933 5 39 13 40 13 40 19 39 19 39 16
934 8 39 8 235 8 235 12 235 13 42 13 40 13 39 13 39 9
935 5 37 16 39 16 39 19 38 19 37 19
936 5 35 16 37 16 37 19 36 19 35 19
937 5 32 476 33 476 35 476 35 516 32 516
938 5 33 36 35 36 35 476 33 476 33 110
939 5 32 110 33 110 33 476 32 476 32 173
940 5 31 173 32 173 32 476 32 516 31 516
941 4 30 173 31 173 31 516 30 516
942 5 30 110 32 110 32 173 31 173 30 173
943 6 29 110 30 110 30 173 30 516 29 516 29 430
944 4 28 430 29 430 29 516 28 516
945 4 28 110 29 110 29 430 28 430
946 5 27 110 28 110 28 430 28 516 27 516
947 8 27 36 33 36 33 110 32 110 30 110 29 110 28 110 27 110
948 6 26 36 27 36 27 110 27 516 26 516 26 372
949 7 22 372 23 372 24 372 25 372 26 372 26 516 22 516
950 4 25 36 26 36 26 372 25 372
951 8 25 16 35 16 35 19 35 36 33 36 27 36 26 36 25 36
952 5 24 16 25 16 25 36 25 372 24 372
953 10 24 9 34 9 39 9 39 13 39 16 37 16 35 16 25 16 24 16 24 10
954 5 23 10 24 10 24 16 24 372 23 372
955 6 22 10 23 10 23 372 22 372 22 176 22 11
956 6 21 176 22 176 22 372 22 516 21 516 21 496
957 4 21 11 22 11 22 176 21 176
958 4 20 496 21 496 21 516 20 516
959 7 20 11 21 11 21 176 21 496 20 496 20 42 20 30
960 5 18 42 20 42 20 496 20 516 18 516
961 7 17 42 18 42 18 516 17 516 17 330 17 156 17 90
962 5 15 330 16 330 17 330 17 516 15 516
963 5 16 156 17 156 17 330 16 330 16 291
964 4 15 291 16 291 16 330 15 330
965 5 15 156 16 156 16 291 15 291 15 170
966 7 10 170 11 170 15 170 15 291 15 330 15 516 10 516
967 6 11 156 12 156 14 156 15 156 15 170 11 170
968 4 10 156 11 156 11 170 10 170
969 6 7 156 9 156 10 156 10 170 10 516 7 516
970 6 14 90 17 90 17 156 16 156 15 156 14 156
971 4 14 42 17 42 17 90 14 90
972 6 12 42 13 42 14 42 14 90 14 156 12 156
973 9 13 30 19 30 20 30 20 42 18 42 17 42 14 42 13 42 13 33
974 4 19 11 20 11 20 30 19 30
975 6 19 10 22 10 22 11 21 11 20 11 19 11
976 6 19 9 24 9 24 10 23 10 22 10 19 10
977 7 13 9 19 9 19 10 19 11 19 30 13 30 13 14
978 4 34 8 39 8 39 9 34 9
979 6 34 7 483 7 483 8 235 8 39 8 34 8
980 4 34 3 483 3 483 7 34 7
981 10 13 3 34 3 34 7 34 8 34 9 24 9 19 9 13 9 13 5 13 4
982 5 13 0 483 0 483 3 34 3 13 3
983 4 12 33 13 33 13 42 12 42
984 7 9 33 12 33 12 42 12 156 11 156 10 156 9 156
985 4 7 33 9 33 9 156 7 156
986 5 6 33 7 33 7 156 7 516 6 516
987 8 6 14 13 14 13 30 13 33 12 33 9 33 7 33 6 33
988 6 0 14 5 14 6 14 6 33 6 516 0 516
989 7 5 5 13 5 13 9 13 14 6 14 5 14 5 6
990 5 0 6 3 6 5 6 5 14 0 14
991 4 3 5 5 5 5 6 3 6
992 4 0 5 3 5 3 6 0 6
993 10 0 4 1 4 2 4 4 4 8 4 13 4 13 5 5 5 3 5 0 5
994 7 8 0 13 0 13 3 13 4 8 4 8 2 8 1
995 4 4 2 8 2 8 4 4 4
996 4 4 1 8 1 8 2 4 2
997 4 4 0 8 0 8 1 4 1
998 6 2 0 4 0 4 1 4 2 4 4 2 4
999 4 1 0 2 0 2 4 1 4
1000 4 0 0 1 0 1 4 0 4
1000
1 133 487 0 488 0 488 513 487 513 487 512 487 509 487 508 487 505 487 486 487 485 487 484 487 481 487 480 487 479 487 478 487 477 487 476 487 475 487 474 487 470 487 466 487 465 487 464 487 461 487 459 487 458 487 456 487 450 487 444 487 420 487 408 487 404 487 402 487 398 487 396 487 395 487 394 487 393 487 380 487 377 487 375 487 372 487 371 487 370 487 367 487 348 487 347 487 346 487 345 487 339 487 331 487 330 487 325 487 324 487 323 487 322 487 321 487 320 487 319 487 318 487 317 487 315 487 314 487 309 487 303 487 302 487 301 487 300 487 299 487 298 487 295 487 294 487 293 487 292 487 291 487 290 487 288 487 245 487 244 487 240 487 235 487 234 487 219 487 217 487 215 487 214 487 213 487 212 487 211 487 209 487 205 487 201 487 170 487 167 487 165 487 162 487 161 487 160 487 158 487 134 487 132 487 131 487 115 487 114 487 113 487 79 487 75 487 74 487 59 487 58 487 55 487 54 487 53 487 50 487 49 487 31 487 25 487 24 487 22 487 21 487 20 487 19 487 18 487 17 487 16 487 15 487 14 487 13 487 10 487 9 487 4 487 2 487 1
2 125 0 512 1 512 2 512 11 512 12 512 13 512 14 512 27 512 28 512 29 512 31 512 32 512 33 512 35 512 36 512 37 512 38 512 39 512 41 512 47 512 64 512 66 512 68 512 69 512 70 512 76 512 77 512 78 512 80 512 81 512 84 512 86 512 87 512 88 512 101 512 104 512 106 512 116 512 120 512 123 512 125 512 127 512 130 512 131 512 132 512 145 512 146 512 147 512 149 512 150 512 151 512 153 512 154 512 156 512 157 512 158 512 161 512 162 512 163 512 164 512 165 512 166 512 167 512 168 512 169 512 171 512 172 512 177 512 178 512 183 512 185 512 186 512 187 512 190 512 193 512 195 512 198 512 199 512 201 512 207 512 208 512 210 512 211 512 226 512 229 512 230 512 256 512 257 512 259 512 279 512 280 512 281 512 282 512 284 512 285 512 320 512 329 512 359 512 360 512 362 512 366 512 368 512 369 512 370 512 372 512 376 512 378 512 385 512 386 512 388 512 403 512 409 512 451 512 455 512 463 512 464 512 467 512 473 512 481 512 482 512 483 512 484 512 487 512 487 513 0 513
3 4 484 509 487 509 487 512 484 512
4 5 484 508 486 508 487 508 487 509 484 509
5 4 486 505 487 505 487 508 486 508
6 6 486 486 487 486 487 505 486 505 486 497 486 487
7 5 484 497 486 497 486 505 486 508 484 508
8 10 483 497 484 497 484 508 484 509 484 512 483 512 483 503 483 500 483 499 483 498
9 5 482 503 483 503 483 512 482 512 482 506
10 4 481 506 482 506 482 512 481 512
11 4 473 506 481 506 481 512 473 512
12 5 473 503 482 503 482 506 481 506 473 506
13 6 467 503 472 503 473 503 473 506 473 512 467 512
14 4 464 503 467 503 467 512 464 512
15 8 472 500 474 500 483 500 483 503 482 503 473 503 472 503 472 502
16 5 474 499 479 499 483 499 483 500 474 500
17 4 479 498 483 498 483 499 479 499
18 4 474 498 479 498 479 499 474 499
19 5 474 497 483 497 483 498 479 498 474 498
20 6 472 497 474 497 474 498 474 499 474 500 472 500
21 8 472 487 486 487 486 497 484 497 483 497 474 497 472 497 472 488
22 6 464 502 468 502 472 502 472 503 467 503 464 503
23 5 463 502 464 502 464 503 464 512 463 512
24 4 455 502 463 502 463 512 455 512
25 7 468 488 472 488 472 497 472 500 472 502 468 502 468 491
26 8 455 491 468 491 468 502 464 502 463 502 455 502 455 496 455 494
27 6 451 496 455 496 455 502 455 512 451 512 451 501
28 9 409 501 410 501 441 501 443 501 444 501 446 501 451 501 451 512 409 512
29 6 446 496 447 496 448 496 451 496 451 501 446 501
30 6 448 494 455 494 455 496 451 496 448 496 448 495
31 5 448 491 453 491 455 491 455 494 448 494
32 5 453 488 468 488 468 491 455 491 453 491
33 5 448 488 453 488 453 491 448 491 448 490
34 4 447 495 448 495 448 496 447 496
35 4 446 495 447 495 447 496 446 496
36 5 444 495 446 495 446 496 446 501 444 501
37 4 443 495 444 495 444 501 443 501
38 10 443 490 448 490 448 491 448 494 448 495 447 495 446 495 444 495 443 495 443 493
39 4 443 488 448 488 448 490 443 490
40 8 443 487 471 487 472 487 472 488 468 488 453 488 448 488 443 488
41 5 441 493 443 493 443 495 443 501 441 501
42 7 410 493 415 493 433 493 440 493 441 493 441 501 410 501
43 7 440 487 443 487 443 488 443 490 443 493 441 493 440 493
44 6 471 486 478 486 486 486 486 487 472 487 471 487
45 5 478 485 487 485 487 486 486 486 478 486
46 4 478 484 487 484 487 485 478 485
47 4 478 481 487 481 487 484 478 484
48 4 478 480 487 480 487 481 478 481
49 7 471 480 478 480 478 481 478 484 478 485 478 486 471 486
50 5 471 479 487 479 487 480 478 480 471 480
51 8 440 479 471 479 471 480 471 486 471 487 443 487 440 487 440 482
52 5 440 478 487 478 487 479 471 479 440 479
53 5 440 477 449 477 487 477 487 478 440 478
54 7 433 482 440 482 440 487 440 493 433 493 433 492 433 489
55 7 415 492 416 492 417 492 429 492 433 492 433 493 415 493
56 4 429 489 433 489 433 492 429 492
57 4 429 482 433 482 433 489 429 489
58 8 429 477 438 477 440 477 440 478 440 479 440 482 433 482 429 482
59 4 449 476 487 476 487 477 449 477
60 4 449 475 487 475 487 476 449 476
61 4 449 474 487 474 487 475 449 475
62 8 449 470 452 470 469 470 487 470 487 474 449 474 449 472 449 471
63 10 438 472 445 472 449 472 449 474 449 475 449 476 449 477 440 477 438 477 438 473
64 4 429 473 438 473 438 477 429 477
65 8 417 473 418 473 429 473 429 477 429 482 429 489 429 492 417 492
66 5 418 472 438 472 438 473 429 473 418 473
67 4 445 471 449 471 449 472 445 472
68 8 418 471 420 471 423 471 424 471 445 471 445 472 438 472 418 472
69 7 424 470 425 470 426 470 449 470 449 471 445 471 424 471
70 5 469 466 487 466 487 470 469 470 469 469
71 5 452 469 466 469 469 469 469 470 452 470
72 5 426 469 452 469 452 470 449 470 426 470
73 4 466 466 469 466 469 469 466 469
74 5 466 465 487 465 487 466 469 466 466 466
75 6 426 465 466 465 466 466 466 469 452 469 426 469
76 7 426 464 465 464 476 464 487 464 487 465 466 465 426 465
77 5 476 461 487 461 487 464 476 464 476 462
78 4 465 462 476 462 476 464 465 464
79 5 426 462 430 462 465 462 465 464 426 464
80 7 430 461 431 461 454 461 476 461 476 462 465 462 430 462
81 5 454 459 487 459 487 461 476 461 454 461
82 6 454 458 458 458 460 458 487 458 487 459 454 459
83 4 460 456 487 456 487 458 460 458
84 6 460 450 487 450 487 456 460 456 460 453 460 452
85 6 458 453 460 453 460 456 460 458 458 458 458 454
86 4 454 454 458 454 458 458 454 458
87 4 454 453 458 453 458 454 454 454
88 5 454 452 460 452 460 453 458 453 454 453
89 8 431 452 454 452 454 453 454 454 454 458 454 459 454 461 431 461
90 8 431 450 434 450 437 450 450 450 460 450 460 452 454 452 431 452
91 5 450 444 487 444 487 450 460 450 450 450
92 5 450 420 457 420 487 420 487 444 450 444
93 12 437 420 450 420 450 444 450 450 437 450 437 441 437 438 437 437 437 435 437 434 437 426 437 423
94 5 434 441 437 441 437 450 434 450 434 446
95 4 431 446 434 446 434 450 431 450
96 4 431 441 434 441 434 446 431 446
97 10 430 441 431 441 431 446 431 450 431 452 431 461 430 461 430 447 430 445 430 442
98 6 430 438 437 438 437 441 434 441 431 441 430 441
99 5 426 447 430 447 430 461 430 462 426 462
100 8 425 447 426 447 426 462 426 464 426 465 426 469 426 470 425 470
101 5 425 445 430 445 430 447 426 447 425 447
102 5 424 445 425 445 425 447 425 470 424 470
103 6 424 442 430 442 430 445 425 445 424 445 424 443
104 6 424 438 430 438 430 441 430 442 424 442 424 439
105 8 423 443 424 443 424 445 424 470 424 471 423 471 423 463 423 460
106 4 420 463 423 463 423 471 420 471
107 4 418 463 420 463 420 471 418 471
108 6 417 463 418 463 418 471 418 472 418 473 417 473
109 5 416 463 417 463 417 473 417 492 416 492
110 7 416 460 423 460 423 463 420 463 418 463 417 463 416 463
111 5 415 460 416 460 416 463 416 492 415 492
112 5 410 460 415 460 415 492 415 493 410 493
113 7 410 443 421 443 423 443 423 460 416 460 415 460 410 460
114 7 409 443 410 443 410 460 410 493 410 501 409 501 409 448
115 5 403 448 409 448 409 501 409 512 403 512
116 5 403 443 407 443 409 443 409 448 403 448
117 7 421 439 424 439 424 442 424 443 423 443 421 443 421 440
118 6 407 440 421 440 421 443 410 443 409 443 407 443
119 4 407 439 421 439 421 440 407 440
120 7 407 438 408 438 413 438 424 438 424 439 421 439 407 439
121 7 413 437 422 437 437 437 437 438 430 438 424 438 413 438
122 4 422 435 437 435 437 437 422 437
123 4 422 434 437 434 437 435 422 435
124 7 413 434 414 434 419 434 422 434 422 435 422 437 413 437
125 7 419 426 435 426 437 426 437 434 422 434 419 434 419 428
126 5 414 428 419 428 419 434 414 434 414 430
127 4 413 430 414 430 414 434 413 434
128 9 408 430 411 430 413 430 413 434 413 437 413 438 408 438 408 433 408 432
129 4 407 433 408 433 408 438 407 438
130 7 403 433 407 433 407 438 407 439 407 440 407 443 403 443
131 7 388 433 389 433 403 433 403 443 403 448 403 512 388 512
132 9 389 432 390 432 391 432 402 432 408 432 408 433 407 433 403 433 389 433
133 5 402 430 405 430 408 430 408 432 402 432
134 7 391 430 394 430 396 430 399 430 402 430 402 432 391 432
135 5 411 428 414 428 414 430 413 430 411 430
136 6 405 428 411 428 411 430 408 430 405 430 405 429
137 5 399 429 405 429 405 430 402 430 399 430
138 4 396 429 399 429 399 430 396 430
139 5 396 428 405 428 405 429 399 429 396 429
140 7 396 426 419 426 419 428 414 428 411 428 405 428 396 428
141 6 394 426 396 426 396 428 396 429 396 430 394 430
142 5 435 423 437 423 437 426 435 426 435 425
143 6 394 425 435 425 435 426 419 426 396 426 394 426
144 6 394 423 401 423 435 423 435 425 394 425 394 424
145 7 391 424 393 424 394 424 394 425 394 426 394 430 391 430
146 4 393 423 394 423 394 424 393 424
147 7 401 420 412 420 437 420 437 423 435 423 401 423 401 422
148 9 457 408 487 408 487 420 457 420 457 418 457 417 457 416 457 415 457 410
149 6 412 418 457 418 457 420 450 420 437 420 412 420
150 4 412 417 457 417 457 418 412 418
151 5 412 416 432 416 457 416 457 417 412 417
152 6 401 416 412 416 412 417 412 418 412 420 401 420
153 4 432 415 457 415 457 416 432 416
154 5 432 410 457 410 457 415 432 415 432 411
155 4 432 408 457 408 457 410 432 410
156 6 432 404 462 404 487 404 487 408 457 408 432 408
157 6 401 411 432 411 432 415 432 416 412 416 401 416
158 7 401 404 432 404 432 408 432 410 432 411 401 411 401 405
159 6 462 402 470 402 487 402 487 404 462 404 462 403
160 5 401 403 462 403 462 404 432 404 401 404
161 5 393 422 401 422 401 423 394 423 393 423
162 5 391 422 393 422 393 423 393 424 391 424
163 6 390 422 391 422 391 424 391 430 391 432 390 432
164 5 389 422 390 422 390 432 389 432 389 427
165 11 389 405 398 405 401 405 401 411 401 416 401 420 401 422 393 422 391 422 390 422 389 422
166 5 388 427 389 427 389 432 389 433 388 433
167 6 388 405 389 405 389 422 389 427 388 427 388 407
168 10 386 407 388 407 388 427 388 433 388 512 386 512 386 483 386 413 386 412 386 409
169 4 385 483 386 483 386 512 385 512
170 4 385 413 386 413 386 483 385 483
171 8 378 413 379 413 380 413 385 413 385 483 385 512 378 512 378 507
172 6 380 412 383 412 386 412 386 413 385 413 380 413
173 5 383 409 384 409 386 409 386 412 383 412
174 4 384 407 386 407 386 409 384 409
175 5 384 405 388 405 388 407 386 407 384 407
176 5 398 403 401 403 401 404 401 405 398 405
177 6 398 402 427 402 462 402 462 403 401 403 398 403
178 5 470 398 487 398 487 402 470 402 470 401
179 4 470 396 487 396 487 398 470 398
180 4 470 395 487 395 487 396 470 396
181 4 470 394 487 394 487 395 470 395
182 4 470 393 487 393 487 394 470 394
183 5 427 401 470 401 470 402 462 402 427 402
184 4 398 401 427 401 427 402 398 402
185 9 398 393 470 393 470 394 470 395 470 396 470 398 470 401 427 401 398 401
186 10 398 380 487 380 487 393 470 393 398 393 398 391 398 387 398 384 398 383 398 381
187 13 384 391 398 391 398 393 398 401 398 402 398 403 398 405 389 405 388 405 384 405 384 399 384 397 384 392
188 7 383 399 384 399 384 405 384 407 384 409 383 409 383 400
189 4 383 397 384 397 384 399 383 399
190 5 380 400 383 400 383 409 383 412 380 412
191 5 380 397 383 397 383 399 383 400 380 400
192 6 379 397 380 397 380 400 380 412 380 413 379 413
193 6 379 392 384 392 384 397 383 397 380 397 379 397
194 5 378 392 379 392 379 397 379 413 378 413
195 5 378 391 384 391 384 392 379 392 378 392
196 4 376 507 378 507 378 512 376 512
197 5 372 507 373 507 376 507 376 512 372 512
198 9 373 391 374 391 375 391 378 391 378 392 378 413 378 507 376 507 373 507
199 7 375 387 381 387 398 387 398 391 384 391 378 391 375 391
200 7 381 384 382 384 398 384 398 387 381 387 381 386 381 385
201 4 382 383 398 383 398 384 382 384
202 4 382 381 398 381 398 383 382 383
203 4 382 380 398 380 398 381 382 381
204 6 381 380 382 380 382 381 382 383 382 384 381 384
205 6 381 377 487 377 487 380 398 380 382 380 381 380
206 4 375 386 381 386 381 387 375 387
207 6 374 386 375 386 375 387 375 391 374 391 374 389
208 4 373 389 374 389 374 391 373 391
209 5 372 389 373 389 373 391 373 507 372 507
210 5 370 389 372 389 372 507 372 512 370 512
211 4 369 389 370 389 370 512 369 512
212 7 369 386 374 386 374 389 373 389 372 389 370 389 369 389
213 6 368 386 369 386 369 389 369 512 368 512 368 457
214 8 368 385 371 385 381 385 381 386 375 386 374 386 369 386 368 386
215 4 366 457 368 457 368 512 366 512
216 5 362 457 363 457 366 457 366 512 362 512
217 8 363 385 364 385 365 385 368 385 368 386 368 457 366 457 363 457
218 7 371 377 381 377 381 380 381 384 381 385 371 385 371 379
219 5 371 375 487 375 487 377 381 377 371 377
220 5 371 372 487 372 487 375 371 375 371 373
221 4 371 371 487 371 487 372 371 372
222 6 365 379 371 379 371 385 368 385 365 385 365 382
223 4 364 382 365 382 365 385 364 385
224 4 364 379 365 379 365 382 364 382
225 8 364 373 371 373 371 375 371 377 371 379 365 379 364 379 364 374
226 6 363 374 364 374 364 379 364 382 364 385 363 385
227 5 362 374 363 374 363 385 363 457 362 457
228 5 360 374 362 374 362 457 362 512 360 512
229 5 359 374 360 374 360 512 359 512 359 467
230 8 359 373 361 373 364 373 364 374 363 374 362 374 360 374 359 374
231 8 329 467 330 467 352 467 353 467 354 467 359 467 359 512 329 512
232 6 354 373 357 373 359 373 359 374 359 467 354 467
233 6 361 371 371 371 371 372 371 373 364 373 361 373
234 5 361 370 487 370 487 371 371 371 361 371
235 7 357 370 358 370 361 370 361 371 361 373 359 373 357 373
236 5 358 367 487 367 487 370 361 370 358 370
237 5 357 367 358 367 358 370 357 370 357 369
238 5 357 348 487 348 487 367 358 367 357 367
239 6 354 369 356 369 357 369 357 370 357 373 354 373
240 10 356 348 357 348 357 367 357 369 356 369 356 368 356 366 356 361 356 352 356 349
241 5 354 368 355 368 356 368 356 369 354 369
242 4 355 366 356 366 356 368 355 368
243 4 355 361 356 361 356 366 355 366
244 5 355 352 356 352 356 361 355 361 355 354
245 6 354 354 355 354 355 361 355 366 355 368 354 368
246 7 353 354 354 354 354 368 354 369 354 373 354 467 353 467
247 7 352 354 353 354 353 467 352 467 352 449 352 358 352 355
248 5 330 449 351 449 352 449 352 467 330 467
249 6 351 358 352 358 352 449 351 449 351 390 351 362
250 8 330 390 331 390 342 390 344 390 349 390 351 390 351 449 330 449
251 6 349 362 351 362 351 390 349 390 349 388 349 363
252 4 349 358 351 358 351 362 349 362
253 5 349 355 352 355 352 358 351 358 349 358
254 4 344 388 349 388 349 390 344 390
255 4 344 363 349 363 349 388 344 388
256 7 342 363 344 363 344 388 344 390 342 390 342 378 342 365
257 4 331 378 342 378 342 390 331 390
258 4 331 365 342 365 342 378 331 378
259 7 331 363 335 363 336 363 340 363 342 363 342 365 331 365
260 10 340 355 341 355 347 355 349 355 349 358 349 362 349 363 344 363 342 363 340 363
261 5 347 354 352 354 352 355 349 355 347 355
262 7 347 352 355 352 355 354 354 354 353 354 352 354 347 354
263 7 347 349 356 349 356 352 355 352 347 352 347 351 347 350
264 4 347 348 356 348 356 349 347 349
265 6 347 347 487 347 487 348 357 348 356 348 347 348
266 6 341 351 347 351 347 352 347 354 347 355 341 355
267 4 341 350 347 350 347 351 341 351
268 5 340 350 341 350 341 351 341 355 340 355
269 7 336 350 337 350 338 350 340 350 340 355 340 363 336 363
270 8 338 347 347 347 347 348 347 349 347 350 341 350 340 350 338 350
271 4 337 347 338 347 338 350 337 350
272 8 337 346 404 346 442 346 487 346 487 347 347 347 338 347 337 347
273 4 442 345 487 345 487 346 442 346
274 4 442 339 487 339 487 345 442 345
275 6 442 331 487 331 487 339 442 339 442 336 442 335
276 6 404 336 442 336 442 339 442 345 442 346 404 346
277 6 337 336 404 336 404 346 337 346 337 338 337 337
278 6 336 338 337 338 337 346 337 347 337 350 336 350
279 6 335 338 336 338 336 350 336 363 335 363 335 342
280 5 331 342 333 342 335 342 335 363 331 363
281 7 330 342 331 342 331 363 331 365 331 378 331 390 330 390
282 8 329 342 330 342 330 390 330 449 330 467 329 467 329 353 329 344
283 6 320 353 329 353 329 467 329 512 320 512 320 360
284 8 285 360 287 360 289 360 314 360 315 360 320 360 320 512 285 512
285 4 315 353 320 353 320 360 315 360
286 5 315 344 329 344 329 353 320 353 315 353
287 6 315 342 317 342 319 342 329 342 329 344 315 344
288 7 314 342 315 342 315 344 315 353 315 360 314 360 314 357
289 5 333 338 335 338 335 342 333 342 333 341
290 8 319 341 326 341 333 341 333 342 331 342 330 342 329 342 319 342
291 4 326 338 333 338 333 341 326 341
292 7 326 337 337 337 337 338 336 338 335 338 333 338 326 338
293 5 319 337 326 337 326 338 326 341 319 341
294 5 319 336 337 336 337 337 326 337 319 337
295 7 319 335 345 335 442 335 442 336 404 336 337 336 319 336
296 7 317 335 319 335 319 336 319 337 319 341 319 342 317 342
297 5 345 331 395 331 442 331 442 335 345 335
298 5 395 330 487 330 487 331 442 331 395 331
299 6 395 325 487 325 487 330 395 330 395 328 395 326
300 6 345 328 395 328 395 330 395 331 345 331 345 329
301 6 345 326 367 326 395 326 395 328 345 328 345 327
302 6 317 329 345 329 345 331 345 335 319 335 317 335
303 5 317 327 345 327 345 328 345 329 317 329
304 8 314 327 317 327 317 329 317 335 317 342 315 342 314 342 314 332
305 8 289 357 290 357 309 357 311 357 312 357 314 357 314 360 289 360
306 5 312 332 314 332 314 342 314 357 312 357
307 4 312 327 314 327 314 332 312 332
308 5 311 327 312 327 312 332 312 357 311 357
309 8 311 326 343 326 345 326 345 327 317 327 314 327 312 327 311 327
310 5 309 326 311 326 311 327 311 357 309 357
311 4 367 325 395 325 395 326 367 326
312 5 343 325 367 325 367 326 345 326 343 326
313 6 343 324 487 324 487 325 395 325 367 325 343 325
314 4 343 323 487 323 487 324 343 324
315 4 343 322 487 322 487 323 343 323
316 8 309 322 343 322 343 323 343 324 343 325 343 326 311 326 309 326
317 6 309 321 346 321 487 321 487 322 343 322 309 322
318 6 290 321 309 321 309 322 309 326 309 357 290 357
319 5 346 320 428 320 487 320 487 321 346 321
320 4 428 319 487 319 487 320 428 320
321 4 428 318 487 318 487 319 428 319
322 5 428 317 436 317 487 317 487 318 428 318
323 4 436 315 487 315 487 317 436 317
324 4 428 315 436 315 436 317 428 317
325 8 346 315 428 315 428 317 428 318 428 319 428 320 346 320 346 316
326 6 346 314 487 314 487 315 436 315 428 315 346 315
327 5 346 309 487 309 487 314 346 314 346 310
328 8 290 316 291 316 322 316 346 316 346 320 346 321 309 321 290 321
329 8 322 310 332 310 346 310 346 314 346 315 346 316 322 316 322 311
330 4 332 309 346 309 346 310 332 310
331 6 332 303 477 303 487 303 487 309 346 309 332 309
332 7 322 303 332 303 332 309 332 310 322 310 322 308 322 305
333 6 291 311 293 311 294 311 322 311 322 316 291 316
334 7 294 308 316 308 321 308 322 308 322 310 322 311 294 311
335 5 321 305 322 305 322 308 321 308 321 306
336 5 316 306 321 306 321 308 316 308 316 307
337 5 294 307 306 307 316 307 316 308 294 308
338 5 306 306 308 306 316 306 316 307 306 307
339 5 308 305 321 305 321 306 316 306 308 306
340 4 306 305 308 305 308 306 306 306
341 7 306 303 322 303 322 305 321 305 308 305 306 305 306 304
342 4 477 302 487 302 487 303 477 303
343 4 477 301 487 301 487 302 477 302
344 4 477 300 487 300 487 301 477 301
345 4 477 299 487 299 487 300 477 300
346 4 477 298 487 298 487 299 477 299
347 10 306 298 477 298 477 299 477 300 477 301 477 302 477 303 332 303 322 303 306 303
348 6 306 295 334 295 487 295 487 298 477 298 306 298
349 7 294 304 295 304 306 304 306 305 306 306 306 307 294 307
350 8 295 295 297 295 298 295 306 295 306 298 306 303 306 304 295 304
351 5 334 294 397 294 487 294 487 295 334 295
352 5 298 294 334 294 334 295 306 295 298 295
353 5 397 293 461 293 487 293 487 294 397 294
354 4 461 292 487 292 487 293 461 293
355 4 461 291 487 291 487 292 461 292
356 5 397 291 461 291 461 292 461 293 397 293
357 5 397 290 487 290 487 291 461 291 397 291
358 5 397 288 487 288 487 290 397 290 397 289
359 9 397 245 487 245 487 288 397 288 397 284 397 278 397 266 397 264 397 247
360 10 298 289 299 289 350 289 397 289 397 290 397 291 397 293 397 294 334 294 298 294
361 8 350 284 392 284 397 284 397 288 397 289 350 289 350 287 350 286
362 7 299 287 300 287 302 287 324 287 350 287 350 289 299 289
363 4 324 286 350 286 350 287 324 287
364 4 324 284 350 284 350 286 324 286
365 7 302 284 304 284 305 284 324 284 324 286 324 287 302 287
366 5 392 278 397 278 397 284 392 284 392 281
367 8 305 281 307 281 310 281 392 281 392 284 350 284 324 284 305 284
368 5 310 278 339 278 392 278 392 281 310 281
369 9 339 266 397 266 397 278 392 278 339 278 339 277 339 272 339 269 339 267
370 4 310 277 339 277 339 278 310 278
371 5 307 277 310 277 310 278 310 281 307 281
372 7 307 272 325 272 339 272 339 277 310 277 307 277 307 274
373 5 305 274 307 274 307 277 307 281 305 281
374 6 304 274 305 274 305 281 305 284 304 284 304 276
375 4 302 276 304 276 304 284 302 284
376 5 302 274 303 274 304 274 304 276 302 276
377 6 303 272 307 272 307 274 305 274 304 274 303 274
378 4 325 269 339 269 339 272 325 272
379 4 325 267 339 267 339 269 325 269
380 6 303 267 325 267 325 269 325 272 307 272 303 272
381 7 303 266 313 266 318 266 339 266 339 267 325 267 303 267
382 7 302 266 303 266 303 267 303 272 303 274 302 274 302 270
383 7 300 270 302 270 302 274 302 276 302 284 302 287 300 287
384 4 299 270 300 270 300 287 299 287
385 5 298 270 299 270 299 287 299 289 298 289
386 6 297 270 298 270 298 289 298 294 298 295 297 295
387 7 297 266 302 266 302 270 300 270 299 270 298 270 297 270
388 7 318 264 327 264 397 264 397 266 339 266 318 266 318 265
389 7 327 247 397 247 397 264 327 264 327 263 327 258 327 254
390 4 318 263 327 263 327 264 318 264
391 4 313 265 318 265 318 266 313 266
392 5 313 263 318 263 318 264 318 265 313 265
393 7 313 258 327 258 327 263 318 263 313 263 313 262 313 261
394 8 297 262 313 262 313 263 313 265 313 266 303 266 302 266 297 266
395 4 297 261 313 261 313 262 297 262
396 7 295 261 297 261 297 262 297 266 297 270 297 295 295 295
397 5 294 261 295 261 295 295 295 304 294 304
398 7 293 261 294 261 294 304 294 307 294 308 294 311 293 311
399 9 293 258 313 258 313 261 297 261 295 261 294 261 293 261 293 260 293 259
400 5 291 260 293 260 293 261 293 311 291 311
401 5 291 259 292 259 293 259 293 260 291 260
402 7 290 259 291 259 291 260 291 311 291 316 290 316 290 271
403 4 292 258 293 258 293 259 292 259
404 7 292 254 296 254 327 254 327 258 313 258 293 258 292 258
405 8 290 254 292 254 292 258 292 259 291 259 290 259 290 256 290 255
406 6 289 271 290 271 290 316 290 321 290 357 289 357
407 5 289 256 290 256 290 259 290 271 289 271
408 7 287 256 288 256 289 256 289 271 289 357 289 360 287 360
409 5 285 256 287 256 287 360 285 360 285 273
410 5 288 255 290 255 290 256 289 256 288 256
411 4 288 254 290 254 290 255 288 255
412 7 296 247 327 247 327 254 296 254 296 253 296 250 296 248
413 6 288 253 296 253 296 254 292 254 290 254 288 254
414 7 285 253 288 253 288 254 288 255 288 256 287 256 285 256
415 7 284 273 285 273 285 360 285 512 284 512 284 340 284 279
416 4 282 340 284 340 284 512 282 512
417 5 281 340 282 340 282 512 281 512 281 414
418 4 280 414 281 414 281 512 280 512
419 5 279 414 280 414 280 512 279 512 279 455
420 10 259 455 260 455 261 455 272 455 274 455 275 455 276 455 279 455 279 512 259 512
421 4 276 414 279 414 279 455 276 455
422 8 276 340 277 340 278 340 281 340 281 414 280 414 279 414 276 414
423 6 275 340 276 340 276 414 276 455 275 455 275 419
424 6 278 279 284 279 284 340 282 340 281 340 278 340
425 4 277 279 278 279 278 340 277 340
426 5 277 273 284 273 284 279 278 279 277 279
427 6 277 253 285 253 285 256 285 273 284 273 277 273
428 6 277 250 296 250 296 253 288 253 285 253 277 253
429 8 275 250 277 250 277 253 277 273 277 279 277 340 276 340 275 340
430 5 275 248 296 248 296 250 277 250 275 250
431 4 274 419 275 419 275 455 274 455
432 6 274 248 275 248 275 250 275 340 275 419 274 419
433 5 272 248 274 248 274 419 274 455 272 455
434 5 261 248 262 248 272 248 272 455 261 455
435 8 262 247 263 247 296 247 296 248 275 248 274 248 272 248 262 248
436 6 263 245 397 245 397 247 327 247 296 247 263 247
437 7 263 244 264 244 475 244 487 244 487 245 397 245 263 245
438 6 475 240 487 240 487 244 475 244 475 243 475 242
439 5 264 243 266 243 475 243 475 244 264 244
440 4 266 242 475 242 475 243 266 243
441 6 266 240 269 240 271 240 475 240 475 242 266 242
442 7 271 235 487 235 487 240 475 240 271 240 271 239 271 236
443 5 271 234 273 234 487 234 487 235 271 235
444 9 273 219 487 219 487 234 273 234 273 229 273 225 273 224 273 222 273 220
445 5 271 229 273 229 273 234 271 234 271 233
446 4 269 239 271 239 271 240 269 240
447 4 266 239 269 239 269 240 266 240
448 6 266 236 270 236 271 236 271 239 269 239 266 239
449 6 270 233 271 233 271 234 271 235 271 236 270 236
450 4 270 229 271 229 271 233 270 233
451 5 266 229 270 229 270 233 270 236 266 236
452 11 264 229 266 229 266 236 266 239 266 240 266 242 266 243 264 243 264 238 264 231 264 230
453 7 264 225 273 225 273 229 271 229 270 229 266 229 264 229
454 5 263 238 264 238 264 243 264 244 263 244
455 7 262 238 263 238 263 244 263 245 263 247 262 247 262 241
456 5 261 241 262 241 262 247 262 248 261 248
457 5 260 241 261 241 261 248 261 455 260 455
458 7 259 241 260 241 260 455 259 455 259 282 259 252 259 249
459 5 257 282 259 282 259 455 259 512 257 512
460 4 257 252 259 252 259 282 257 282
461 6 256 252 257 252 257 282 257 512 256 512 256 313
462 5 256 249 259 249 259 252 257 252 256 252
463 4 256 241 259 241 259 249 256 249
464 15 230 313 233 313 234 313 238 313 239 313 243 313 244 313 249 313 250 313 251 313 253 313 255 313 256 313 256 512 230 512
465 7 255 241 256 241 256 249 256 252 256 313 255 313 255 297
466 8 255 238 262 238 262 241 261 241 260 241 259 241 256 241 255 241
467 5 253 297 254 297 255 297 255 313 253 313
468 5 254 238 255 238 255 241 255 297 254 297
469 7 254 231 264 231 264 238 263 238 262 238 255 238 254 238
470 5 253 231 254 231 254 238 254 297 253 297
471 5 253 230 264 230 264 231 254 231 253 231
472 6 251 230 253 230 253 231 253 297 253 313 251 313
473 5 250 230 251 230 251 313 250 313 250 257
474 8 250 225 264 225 264 229 264 230 253 230 251 230 250 230 250 226
475 6 249 257 250 257 250 313 249 313 249 280 249 268
476 5 249 226 250 226 250 230 250 257 249 257
477 7 244 280 245 280 246 280 248 280 249 280 249 313 244 313
478 4 248 268 249 268 249 280 248 280
479 4 246 268 248 268 248 280 246 280
480 7 246 226 249 226 249 257 249 268 248 268 246 268 246 251
481 5 246 225 250 225 250 226 249 226 246 226
482 6 246 224 273 224 273 225 264 225 250 225 246 225
483 5 245 251 246 251 246 268 246 280 245 280
484 6 245 224 246 224 246 225 246 226 246 251 245 251
485 5 244 224 245 224 245 251 245 280 244 280
486 7 244 222 267 222 273 222 273 224 246 224 245 224 244 224
487 8 243 222 244 222 244 224 244 280 244 313 243 313 243 312 243 275
488 5 267 220 273 220 273 222 267 222 267 221
489 4 267 219 273 219 273 220 267 220
490 5 267 217 487 217 487 219 273 219 267 219
491 5 243 221 267 221 267 222 244 222 243 222
492 5 239 312 242 312 243 312 243 313 239 313
493 4 242 275 243 275 243 312 242 312
494 6 239 275 240 275 241 275 242 275 242 312 239 312
495 7 241 221 243 221 243 222 243 275 242 275 241 275 241 228
496 7 241 217 267 217 267 219 267 220 267 221 243 221 241 221
497 6 241 215 487 215 487 217 267 217 241 217 241 216
498 4 241 214 487 214 487 215 241 215
499 5 240 228 241 228 241 275 240 275 240 237
500 6 240 216 241 216 241 217 241 221 241 228 240 228
501 4 239 237 240 237 240 275 239 275
502 6 238 237 239 237 239 275 239 312 239 313 238 313
503 4 234 237 238 237 238 313 234 313
504 8 234 216 235 216 240 216 240 228 240 237 239 237 238 237 234 237
505 6 235 214 241 214 241 215 241 216 240 216 235 216
506 6 235 213 323 213 487 213 487 214 241 214 235 214
507 4 323 212 487 212 487 213 323 213
508 4 235 212 323 212 323 213 235 213
509 5 235 211 487 211 487 212 323 212 235 212
510 7 234 211 235 211 235 212 235 213 235 214 235 216 234 216
511 7 233 211 234 211 234 216 234 237 234 313 233 313 233 223
512 9 233 209 252 209 400 209 487 209 487 211 235 211 234 211 233 211 233 210
513 4 400 205 487 205 487 209 400 209
514 4 400 201 487 201 487 205 400 205
515 14 400 170 456 170 487 170 487 201 400 201 400 199 400 198 400 194 400 191 400 190 400 188 400 187 400 176 400 171
516 10 252 199 400 199 400 201 400 205 400 209 252 209 252 208 252 207 252 206 252 203
517 6 233 208 236 208 247 208 252 208 252 209 233 209
518 4 230 223 233 223 233 313 230 313
519 5 230 210 233 210 233 211 233 223 230 223
520 7 229 210 230 210 230 223 230 313 230 512 229 512 229 296
521 4 226 296 229 296 229 512 226 512
522 7 211 296 212 296 217 296 225 296 226 296 226 512 211 512
523 7 225 210 227 210 228 210 229 210 229 296 226 296 225 296
524 8 228 208 231 208 233 208 233 209 233 210 230 210 229 210 228 210
525 4 247 207 252 207 252 208 247 208
526 4 236 207 247 207 247 208 236 208
527 6 236 206 237 206 252 206 252 207 247 207 236 207
528 4 237 203 252 203 252 206 237 206
529 4 236 203 237 203 237 206 236 206
530 7 231 203 236 203 236 206 236 207 236 208 233 208 231 208
531 4 228 203 231 203 231 208 228 208
532 7 228 199 252 199 252 203 237 203 236 203 231 203 228 203
533 7 227 199 228 199 228 203 228 208 228 210 227 210 227 204
534 6 227 198 400 198 400 199 252 199 228 199 227 199
535 6 227 194 400 194 400 198 227 198 227 197 227 196
536 4 225 204 227 204 227 210 225 210
537 6 217 204 220 204 225 204 225 210 225 296 217 296
538 10 220 197 221 197 222 197 223 197 227 197 227 198 227 199 227 204 225 204 220 204
539 4 223 196 227 196 227 197 223 197
540 4 222 196 223 196 223 197 222 197
541 6 222 194 224 194 227 194 227 196 223 196 222 196
542 5 224 191 400 191 400 194 227 194 224 194
543 5 224 190 232 190 400 190 400 191 224 191
544 5 232 188 258 188 400 188 400 190 232 190
545 5 258 187 265 187 400 187 400 188 258 188
546 6 265 176 400 176 400 187 265 187 265 178 265 177
547 4 258 178 265 178 265 187 258 187
548 5 232 178 258 178 258 187 258 188 232 188
549 5 232 177 265 177 265 178 258 178 232 178
550 6 224 177 232 177 232 178 232 188 232 190 224 190
551 5 224 176 265 176 265 177 232 177 224 177
552 9 222 176 224 176 224 177 224 190 224 191 224 194 222 194 222 193 222 186
553 7 222 171 400 171 400 176 265 176 224 176 222 176 222 172
554 6 221 193 222 193 222 194 222 196 222 197 221 197
555 4 220 193 221 193 221 197 220 197
556 5 217 193 220 193 220 197 220 204 217 204
557 8 217 186 218 186 219 186 222 186 222 193 221 193 220 193 217 193
558 8 219 172 222 172 222 176 222 186 219 186 219 181 219 174 219 173
559 4 218 181 219 181 219 186 218 186
560 5 217 181 218 181 218 186 217 186 217 184
561 10 212 184 213 184 214 184 216 184 217 184 217 186 217 193 217 204 217 296 212 296
562 4 216 181 217 181 217 184 216 184
563 5 214 181 216 181 216 184 214 184 214 182
564 7 214 174 219 174 219 181 218 181 217 181 216 181 214 181
565 4 213 182 214 182 214 184 213 184
566 4 212 182 213 182 213 184 212 184
567 5 211 182 212 182 212 184 212 296 211 296
568 7 211 174 214 174 214 181 214 182 213 182 212 182 211 182
569 6 210 174 211 174 211 182 211 296 211 512 210 512
570 6 210 173 219 173 219 174 214 174 211 174 210 174
571 5 208 173 210 173 210 174 210 512 208 512
572 5 207 173 208 173 208 512 207 512 207 510
573 6 207 172 219 172 219 173 210 173 208 173 207 173
574 6 201 510 203 510 205 510 207 510 207 512 201 512
575 4 199 510 201 510 201 512 199 512
576 5 205 172 207 172 207 173 207 510 205 510
577 6 205 171 222 171 222 172 219 172 207 172 205 172
578 7 203 171 205 171 205 172 205 510 203 510 203 285 203 218
579 6 203 170 400 170 400 171 222 171 205 171 203 171
580 4 456 167 487 167 487 170 456 170
581 5 456 165 480 165 487 165 487 167 456 167
582 5 480 162 487 162 487 165 480 165 480 164
583 4 456 164 480 164 480 165 456 165
584 8 203 164 348 164 456 164 456 165 456 167 456 170 400 170 203 170
585 5 199 285 203 285 203 510 201 510 199 510
586 5 198 285 199 285 199 510 199 512 198 512
587 6 198 218 202 218 203 218 203 285 199 285 198 285
588 5 195 218 198 218 198 285 198 512 195 512
589 4 193 218 195 218 195 512 193 512
590 4 190 218 193 218 193 512 190 512
591 9 202 164 203 164 203 170 203 171 203 218 202 218 202 202 202 189 202 168
592 6 348 162 480 162 480 164 456 164 348 164 348 163
593 6 348 161 387 161 487 161 487 162 480 162 348 162
594 5 202 163 348 163 348 164 203 164 202 164
595 8 190 202 200 202 202 202 202 218 198 218 195 218 193 218 190 218
596 6 187 202 190 202 190 218 190 512 187 512 187 283
597 4 200 189 202 189 202 202 200 202
598 5 200 168 202 168 202 189 200 189 200 169
599 10 187 169 188 169 189 169 191 169 192 169 200 169 200 189 200 202 190 202 187 202
600 5 192 168 196 168 200 168 200 169 192 169
601 7 196 163 202 163 202 164 202 168 200 168 196 168 196 166
602 7 196 161 283 161 348 161 348 162 348 163 202 163 196 163
603 5 192 166 194 166 196 166 196 168 192 168
604 5 194 161 196 161 196 163 196 166 194 166
605 4 387 160 487 160 487 161 387 161
606 6 283 160 328 160 387 160 387 161 348 161 283 161
607 5 194 160 283 160 283 161 196 161 194 161
608 6 328 158 406 158 487 158 487 160 387 160 328 160
609 7 406 134 487 134 487 158 406 158 406 157 406 155 406 136
610 4 328 157 406 157 406 158 328 158
611 4 328 155 406 155 406 157 328 157
612 6 328 136 406 136 406 155 328 155 328 142 328 139
613 10 194 142 215 142 328 142 328 155 328 157 328 158 328 160 283 160 194 160 194 151
614 7 192 151 194 151 194 160 194 161 194 166 192 166 192 159
615 6 191 159 192 159 192 166 192 168 192 169 191 169
616 4 189 159 191 159 191 169 189 169
617 5 189 151 192 151 192 159 191 159 189 159
618 5 188 151 189 151 189 159 189 169 188 169
619 8 188 142 194 142 194 151 192 151 189 151 188 151 188 144 188 143
620 7 187 144 188 144 188 151 188 169 187 169 187 149 187 148
621 4 186 283 187 283 187 512 186 512
622 4 185 283 186 283 186 512 185 512
623 7 185 149 187 149 187 169 187 202 187 283 186 283 185 283
624 6 183 149 185 149 185 283 185 512 183 512 183 451
625 5 183 148 187 148 187 149 185 149 183 149
626 6 178 451 180 451 181 451 183 451 183 512 178 512
627 6 181 148 183 148 183 149 183 451 181 451 181 179
628 5 180 179 181 179 181 451 180 451 180 376
629 5 178 376 179 376 180 376 180 451 178 451
630 5 177 376 178 376 178 451 178 512 177 512
631 5 172 376 173 376 177 376 177 512 172 512
632 4 179 179 180 179 180 376 179 376
633 6 173 179 179 179 179 376 178 376 177 376 173 376
634 6 173 148 181 148 181 179 180 179 179 179 173 179
635 9 173 144 187 144 187 148 183 148 181 148 173 148 173 147 173 146 173 145
636 8 172 147 173 147 173 148 173 179 173 376 172 376 172 152 172 150
637 7 171 152 172 152 172 376 172 512 171 512 171 232 171 227
638 5 169 232 170 232 171 232 171 512 169 512
639 5 168 232 169 232 169 512 168 512 168 431
640 4 167 431 168 431 168 512 167 512
641 4 167 232 168 232 168 431 167 431
642 5 166 232 167 232 167 431 167 512 166 512
643 4 170 227 171 227 171 232 170 232
644 4 170 152 171 152 171 227 170 227
645 9 166 152 170 152 170 227 170 232 169 232 168 232 167 232 166 232 166 154
646 6 165 154 166 154 166 232 166 512 165 512 165 200
647 4 164 200 165 200 165 512 164 512
648 4 163 200 164 200 164 512 163 512
649 4 162 200 163 200 163 512 162 512
650 5 161 200 162 200 162 512 161 512 161 406
651 6 158 406 160 406 161 406 161 512 158 512 158 511
652 4 160 200 161 200 161 406 160 406
653 8 160 154 165 154 165 200 164 200 163 200 162 200 161 200 160 200
654 5 158 154 160 154 160 200 160 406 158 406
655 4 157 511 158 511 158 512 157 512
656 4 156 511 157 511 157 512 156 512
657 6 156 154 158 154 158 406 158 511 157 511 156 511
658 5 154 154 156 154 156 511 156 512 154 512
659 8 154 152 166 152 166 154 165 154 160 154 158 154 156 154 154 154
660 5 153 152 154 152 154 154 154 512 153 512
661 8 153 150 172 150 172 152 171 152 170 152 166 152 154 152 153 152
662 5 151 150 153 150 153 152 153 512 151 512
663 5 150 150 151 150 151 512 150 512 150 359
664 4 149 359 150 359 150 512 149 512
665 5 147 359 149 359 149 512 147 512 147 468
666 5 147 150 150 150 150 359 149 359 147 359
667 4 146 468 147 468 147 512 146 512
668 4 145 468 146 468 146 512 145 512
669 5 132 468 133 468 145 468 145 512 132 512
670 9 133 150 134 150 138 150 147 150 147 359 147 468 146 468 145 468 133 468
671 8 138 147 172 147 172 150 153 150 151 150 150 150 147 150 138 150
672 8 138 146 139 146 142 146 144 146 173 146 173 147 172 147 138 147
673 4 144 145 173 145 173 146 144 146
674 4 144 144 173 144 173 145 144 145
675 6 144 143 188 143 188 144 187 144 173 144 144 144
676 6 142 143 144 143 144 144 144 145 144 146 142 146
677 5 142 142 188 142 188 143 144 143 142 143
678 5 139 142 142 142 142 143 142 146 139 146
679 4 215 139 328 139 328 142 215 142
680 8 139 139 197 139 215 139 215 142 194 142 188 142 142 142 139 142
681 8 197 136 286 136 328 136 328 139 215 139 197 139 197 138 197 137
682 4 139 138 197 138 197 139 139 139
683 6 138 138 139 138 139 139 139 142 139 146 138 146
684 8 134 138 135 138 136 138 138 138 138 146 138 147 138 150 134 150
685 6 136 137 197 137 197 138 139 138 138 138 136 138
686 7 136 136 137 136 141 136 155 136 197 136 197 137 136 137
687 5 286 134 406 134 406 136 328 136 286 136
688 6 286 132 439 132 487 132 487 134 406 134 286 134
689 6 155 132 286 132 286 134 286 136 197 136 155 136
690 5 439 131 459 131 487 131 487 132 439 132
691 6 459 115 487 115 487 131 459 131 459 121 459 116
692 5 439 121 459 121 459 131 439 131 439 129
693 10 155 129 159 129 204 129 377 129 439 129 439 131 439 132 286 132 155 132 155 130
694 6 141 130 143 130 155 130 155 132 155 136 141 136
695 5 143 129 152 129 155 129 155 130 143 130
696 6 377 121 439 121 439 129 377 129 377 125 377 124
697 5 204 125 377 125 377 129 204 129 204 126
698 5 159 126 182 126 204 126 204 129 159 129
699 7 152 126 159 126 159 129 155 129 152 129 152 128 152 127
700 4 143 128 152 128 152 129 143 129
701 4 143 127 152 127 152 128 143 128
702 4 143 126 152 126 152 127 143 127
703 7 141 126 143 126 143 127 143 128 143 129 143 130 141 130
704 4 182 125 204 125 204 126 182 126
705 5 182 124 377 124 377 125 204 125 182 125
706 8 141 124 182 124 182 125 182 126 159 126 152 126 143 126 141 126
707 7 137 124 141 124 141 126 141 130 141 136 137 136 137 133
708 7 137 121 377 121 377 124 182 124 141 124 137 124 137 123
709 9 137 116 459 116 459 121 439 121 377 121 137 121 137 120 137 119 137 118
710 4 136 133 137 133 137 136 136 136
711 6 135 133 136 133 136 136 136 137 136 138 135 138
712 6 135 123 137 123 137 124 137 133 136 133 135 133
713 5 134 123 135 123 135 133 135 138 134 138
714 6 134 120 137 120 137 121 137 123 135 123 134 123
715 6 133 120 134 120 134 123 134 138 134 150 133 150
716 5 132 120 133 120 133 150 133 468 132 468
717 6 132 119 137 119 137 120 134 120 133 120 132 120
718 7 131 119 132 119 132 120 132 468 132 512 131 512 131 141
719 5 131 118 137 118 137 119 132 119 131 119
720 4 130 141 131 141 131 512 130 512
721 5 127 141 129 141 130 141 130 512 127 512
722 7 129 118 131 118 131 119 131 141 130 141 129 141 129 140
723 5 129 116 137 116 137 118 131 118 129 118
724 6 129 115 184 115 459 115 459 116 137 116 129 116
725 5 127 140 128 140 129 140 129 141 127 141
726 6 125 140 127 140 127 141 127 512 125 512 125 356
727 5 123 356 124 356 125 356 125 512 123 512
728 4 120 356 123 356 123 512 120 512
729 4 124 140 125 140 125 356 124 356
730 6 128 115 129 115 129 116 129 118 129 140 128 140
731 5 184 114 487 114 487 115 459 115 184 115
732 4 184 113 487 113 487 114 184 114
733 12 184 79 487 79 487 113 184 113 184 111 184 110 184 108 184 106 184 103 184 83 184 82 184 80
734 7 128 111 184 111 184 113 184 114 184 115 129 115 128 115
735 4 128 110 184 110 184 111 128 111
736 8 124 110 128 110 128 111 128 115 128 140 127 140 125 140 124 140
737 6 124 108 174 108 184 108 184 110 128 110 124 110
738 7 120 108 124 108 124 110 124 140 124 356 123 356 120 356
739 5 116 108 120 108 120 356 120 512 116 512
740 6 174 106 176 106 184 106 184 108 174 108 174 107
741 10 116 107 117 107 118 107 121 107 122 107 174 107 174 108 124 108 120 108 116 108
742 7 106 107 108 107 116 107 116 108 116 512 106 512 106 421
743 4 122 106 174 106 174 107 122 107
744 4 176 103 184 103 184 106 176 106
745 7 122 103 126 103 175 103 176 103 176 106 174 106 122 106
746 7 175 83 184 83 184 103 176 103 175 103 175 97 175 84
747 6 126 97 140 97 148 97 175 97 175 103 126 103
748 4 148 84 175 84 175 97 148 97
749 5 140 84 148 84 148 97 140 97 140 86
750 4 126 86 140 86 140 97 126 97
751 6 122 86 126 86 126 97 126 103 122 103 122 87
752 7 121 87 122 87 122 103 122 106 122 107 121 107 121 99
753 5 118 99 119 99 121 99 121 107 118 107
754 4 119 87 121 87 121 99 119 99
755 4 118 87 119 87 119 99 118 99
756 10 117 87 118 87 118 99 118 107 117 107 117 105 117 102 117 101 117 96 117 94
757 8 108 105 109 105 111 105 112 105 117 105 117 107 116 107 108 107
758 7 112 102 113 102 114 102 115 102 117 102 117 105 112 105
759 4 115 101 117 101 117 102 115 102
760 4 114 101 115 101 115 102 114 102
761 4 113 101 114 101 114 102 113 102
762 6 113 96 117 96 117 101 115 101 114 101 113 101
763 4 113 94 117 94 117 96 113 96
764 6 112 94 113 94 113 96 113 101 113 102 112 102
765 5 111 94 112 94 112 102 112 105 111 105
766 6 111 87 117 87 117 94 113 94 112 94 111 94
767 8 111 86 122 86 122 87 121 87 119 87 118 87 117 87 111 87
768 7 109 86 111 86 111 87 111 94 111 105 109 105 109 92
769 7 109 84 140 84 140 86 126 86 122 86 111 86 109 86
770 6 109 83 175 83 175 84 148 84 140 84 109 84
771 4 108 92 109 92 109 105 108 105
772 5 106 92 108 92 108 105 108 107 106 107
773 5 104 421 105 421 106 421 106 512 104 512
774 6 101 421 102 421 103 421 104 421 104 512 101 512
775 6 88 421 89 421 90 421 101 421 101 512 88 512
776 5 105 92 106 92 106 107 106 421 105 421
777 5 103 92 105 92 105 421 104 421 103 421
778 9 103 83 109 83 109 84 109 86 109 92 108 92 106 92 105 92 103 92
779 7 103 82 110 82 184 82 184 83 175 83 109 83 103 83
780 9 102 82 103 82 103 83 103 92 103 421 102 421 102 364 102 95 102 91
781 4 110 80 184 80 184 82 110 82
782 4 110 79 184 79 184 80 110 80
783 5 110 75 487 75 487 79 184 79 110 79
784 7 102 75 110 75 110 79 110 80 110 82 103 82 102 82
785 5 102 74 487 74 487 75 110 75 102 75
786 8 90 364 92 364 93 364 100 364 102 364 102 421 101 421 90 421
787 6 100 95 102 95 102 364 100 364 100 195 100 122
788 9 93 195 96 195 97 195 98 195 99 195 100 195 100 364 93 364 93 246
789 5 99 122 100 122 100 195 99 195 99 175
790 4 99 95 100 95 100 122 99 122
791 5 99 91 102 91 102 95 100 95 99 95
792 4 98 175 99 175 99 195 98 195
793 6 98 91 99 91 99 95 99 122 99 175 98 175
794 7 98 74 102 74 102 75 102 82 102 91 99 91 98 91
795 7 98 59 487 59 487 74 102 74 98 74 98 64 98 63
796 9 97 64 98 64 98 74 98 91 98 175 98 195 97 195 97 90 97 66
797 5 96 90 97 90 97 195 96 195 96 100
798 4 93 100 96 100 96 195 93 195
799 6 93 90 94 90 95 90 96 90 96 100 93 100
800 4 92 246 93 246 93 364 92 364
801 5 90 246 91 246 92 246 92 364 90 364
802 5 89 246 90 246 90 364 90 421 89 421
803 8 91 90 93 90 93 100 93 195 93 246 92 246 91 246 91 98
804 11 95 66 97 66 97 90 96 90 95 90 95 73 95 72 95 71 95 70 95 69 95 68
805 4 94 73 95 73 95 90 94 90
806 5 91 73 94 73 94 90 93 90 91 90
807 5 91 72 95 72 95 73 94 73 91 73
808 4 91 71 95 71 95 72 91 72
809 6 89 98 91 98 91 246 90 246 89 246 89 135
810 5 88 135 89 135 89 246 89 421 88 421
811 6 87 135 88 135 88 421 88 512 87 512 87 156
812 4 86 156 87 156 87 512 86 512
813 4 84 156 86 156 86 512 84 512
814 5 81 156 84 156 84 512 81 512 81 192
815 4 80 192 81 192 81 512 80 512
816 4 78 192 80 192 80 512 78 512
817 4 77 192 78 192 78 512 77 512
818 5 76 192 77 192 77 512 76 512 76 333
819 7 76 156 81 156 81 192 80 192 78 192 77 192 76 192
820 5 70 333 76 333 76 512 70 512 70 343
821 7 70 156 71 156 72 156 76 156 76 192 76 333 70 333
822 9 72 135 74 135 87 135 87 156 86 156 84 156 81 156 76 156 72 156
823 7 74 98 83 98 89 98 89 135 88 135 87 135 74 135
824 9 83 71 91 71 91 72 91 73 91 90 91 98 89 98 83 98 83 93
825 6 74 93 75 93 82 93 83 93 83 98 74 98
826 4 82 71 83 71 83 93 82 93
827 6 82 70 95 70 95 71 91 71 83 71 82 71
828 4 82 69 95 69 95 70 82 70
829 7 75 69 79 69 82 69 82 70 82 71 82 93 75 93
830 5 79 68 95 68 95 69 82 69 79 69
831 4 75 68 79 68 79 69 75 69
832 5 75 66 95 66 95 68 79 68 75 68
833 5 75 64 97 64 97 66 95 66 75 66
834 8 74 64 75 64 75 66 75 68 75 69 75 93 74 93 74 77
835 6 74 63 98 63 98 64 97 64 75 64 74 64
836 7 72 77 74 77 74 93 74 98 74 135 72 135 72 88
837 7 72 63 74 63 74 64 74 77 72 77 72 76 72 65
838 6 71 88 72 88 72 135 72 156 71 156 71 89
839 5 70 89 71 89 71 156 70 156 70 109
840 4 69 343 70 343 70 512 69 512
841 6 69 109 70 109 70 156 70 333 70 343 69 343
842 5 68 109 69 109 69 343 69 512 68 512
843 6 66 109 68 109 68 512 66 512 66 185 66 180
844 4 64 185 66 185 66 512 64 512
845 5 64 180 65 180 66 180 66 185 64 185
846 4 65 109 66 109 66 180 65 180
847 7 65 89 70 89 70 109 69 109 68 109 66 109 65 109
848 5 64 89 65 89 65 109 65 180 64 180
849 8 47 89 49 89 61 89 64 89 64 180 64 185 64 512 47 512
850 8 61 88 63 88 71 88 71 89 70 89 65 89 64 89 61 89
851 8 63 76 72 76 72 77 72 88 71 88 63 88 63 85 63 81
852 5 61 85 62 85 63 85 63 88 61 88
853 4 62 81 63 81 63 85 62 85
854 4 62 76 63 76 63 81 62 81
855 6 62 65 67 65 72 65 72 76 63 76 62 76
856 7 61 65 62 65 62 76 62 81 62 85 61 85 61 78
857 10 49 78 50 78 51 78 53 78 56 78 61 78 61 85 61 88 61 89 49 89
858 5 56 65 61 65 61 78 56 78 56 67
859 4 53 67 56 67 56 78 53 78
860 4 53 65 56 65 56 67 53 67
861 4 67 63 72 63 72 65 67 65
862 8 67 59 98 59 98 63 74 63 72 63 67 63 67 62 67 60
863 10 53 62 57 62 59 62 67 62 67 63 67 65 62 65 61 65 56 65 53 65
864 5 59 60 67 60 67 62 59 62 59 61
865 4 57 61 59 61 59 62 57 62
866 4 53 61 57 61 57 62 53 62
867 7 51 61 53 61 53 62 53 65 53 67 53 78 51 78
868 4 50 61 51 61 51 78 50 78
869 10 50 60 52 60 54 60 58 60 59 60 59 61 57 61 53 61 51 61 50 61
870 5 49 60 50 60 50 61 50 78 49 78
871 5 47 60 49 60 49 78 49 89 47 89
872 5 58 59 67 59 67 60 59 60 58 60
873 6 58 58 487 58 487 59 98 59 67 59 58 59
874 4 58 55 487 55 487 58 58 58
875 6 54 55 58 55 58 58 58 59 58 60 54 60
876 5 54 54 487 54 487 55 58 55 54 55
877 8 54 53 60 53 73 53 85 53 485 53 487 53 487 54 54 54
878 6 52 53 54 53 54 54 54 55 54 60 52 60
879 4 485 50 487 50 487 53 485 53
880 4 85 50 485 50 485 53 85 53
881 4 73 50 85 50 85 53 73 53
882 6 73 49 487 49 487 50 485 50 85 50 73 50
883 6 60 49 73 49 73 50 73 53 60 53 60 52
884 8 60 31 301 31 487 31 487 49 73 49 60 49 60 44 60 32
885 6 52 52 55 52 60 52 60 53 54 53 52 53
886 7 47 52 52 52 52 53 52 60 50 60 49 60 47 60
887 9 41 52 43 52 44 52 46 52 47 52 47 60 47 89 47 512 41 512
888 5 55 44 60 44 60 49 60 52 55 52
889 8 46 44 55 44 55 52 52 52 47 52 46 52 46 46 46 45
890 6 44 46 45 46 46 46 46 52 44 52 44 47
891 4 45 45 46 45 46 46 45 46
892 4 44 45 45 45 45 46 44 46
893 6 43 47 44 47 44 52 43 52 43 51 43 48
894 5 41 51 42 51 43 51 43 52 41 52
895 4 42 48 43 48 43 51 42 51
896 4 41 48 42 48 42 51 41 51
897 6 39 48 41 48 41 51 41 52 41 512 39 512
898 4 38 48 39 48 39 512 38 512
899 7 38 47 43 47 43 48 42 48 41 48 39 48 38 48
900 5 37 47 38 47 38 48 38 512 37 512
901 7 37 45 44 45 44 46 44 47 43 47 38 47 37 47
902 6 36 45 37 45 37 47 37 512 36 512 36 56
903 7 36 44 46 44 46 45 45 45 44 45 37 45 36 45
904 9 36 32 60 32 60 44 55 44 46 44 36 44 36 43 36 42 36 33
905 6 35 56 36 56 36 512 35 512 35 117 35 112
906 4 33 117 35 117 35 512 33 512
907 4 32 117 33 117 33 512 32 512
908 5 31 117 32 117 32 512 31 512 31 153
909 5 29 153 30 153 31 153 31 512 29 512
910 5 28 153 29 153 29 512 28 512 28 183
911 4 27 183 28 183 28 512 27 512
912 4 27 153 28 153 28 183 27 183
913 5 14 153 27 153 27 183 27 512 14 512
914 4 30 117 31 117 31 153 30 153
915 7 30 112 35 112 35 117 33 117 32 117 31 117 30 117
916 5 30 56 35 56 35 112 30 112 30 104
917 12 14 104 18 104 21 104 22 104 30 104 30 112 30 117 30 153 29 153 28 153 27 153 14 153
918 5 22 56 25 56 30 56 30 104 22 104
919 8 25 43 36 43 36 44 36 45 36 56 35 56 30 56 25 56
920 6 25 42 26 42 34 42 36 42 36 43 25 43
921 6 22 42 24 42 25 42 25 43 25 56 22 56
922 6 21 42 22 42 22 56 22 104 21 104 21 57
923 5 18 57 20 57 21 57 21 104 18 104
924 4 20 42 21 42 21 57 20 57
925 5 34 33 36 33 36 42 34 42 34 37
926 6 26 37 34 37 34 42 26 42 26 39 26 38
927 7 24 39 26 39 26 42 25 42 24 42 24 41 24 40
928 6 20 41 24 41 24 42 22 42 21 42 20 42
929 5 18 41 20 41 20 42 20 57 18 57
930 5 18 40 24 40 24 41 20 41 18 41
931 6 14 40 18 40 18 41 18 57 18 104 14 104
932 6 13 40 14 40 14 104 14 153 14 512 13 512
933 4 12 40 13 40 13 512 12 512
934 5 11 40 12 40 12 512 11 512 11 334
935 8 11 39 24 39 24 40 18 40 14 40 13 40 12 40 11 40
936 9 2 334 3 334 9 334 10 334 11 334 11 512 2 512 2 504 2 436
937 5 10 39 11 39 11 40 11 334 10 334
938 4 9 39 10 39 10 334 9 334
939 10 9 38 15 38 17 38 19 38 26 38 26 39 24 39 11 39 10 39 9 39
940 8 3 38 4 38 5 38 6 38 9 38 9 39 9 334 3 334
941 4 19 37 26 37 26 38 19 38
942 4 17 37 19 37 19 38 17 38
943 8 17 33 34 33 34 37 26 37 19 37 17 37 17 35 17 34
944 6 15 35 17 35 17 37 17 38 15 38 15 36
945 5 6 36 15 36 15 38 9 38 6 38
946 5 6 35 7 35 15 35 15 36 6 36
947 6 7 34 8 34 17 34 17 35 15 35 7 35
948 5 8 33 16 33 17 33 17 34 8 34
949 6 16 32 36 32 36 33 34 33 17 33 16 33
950 5 16 31 60 31 60 32 36 32 16 32
951 6 301 25 487 25 487 31 301 31 301 30 301 29
952 6 16 30 268 30 301 30 301 31 60 31 16 31
953 6 8 30 16 30 16 31 16 32 16 33 8 33
954 4 268 29 301 29 301 30 268 30
955 6 268 25 301 25 301 29 268 29 268 28 268 27
956 5 268 24 487 24 487 25 301 25 268 25
957 6 8 28 268 28 268 29 268 30 16 30 8 30
958 6 7 28 8 28 8 30 8 33 8 34 7 34
959 5 6 28 7 28 7 34 7 35 6 35
960 7 6 27 48 27 268 27 268 28 8 28 7 28 6 28
961 7 5 27 6 27 6 28 6 35 6 36 6 38 5 38
962 6 48 24 268 24 268 25 268 27 48 27 48 26
963 6 48 22 487 22 487 24 268 24 48 24 48 23
964 6 5 26 23 26 48 26 48 27 6 27 5 27
965 5 4 26 5 26 5 27 5 38 4 38
966 5 23 23 48 23 48 24 48 26 23 26
967 4 23 22 48 22 48 23 23 23
968 5 23 21 487 21 487 22 48 22 23 22
969 7 4 21 23 21 23 22 23 23 23 26 5 26 4 26
970 5 4 20 487 20 487 21 23 21 4 21
971 6 3 20 4 20 4 21 4 26 4 38 3 38
972 5 2 20 3 20 3 38 3 334 2 334
973 7 2 19 209 19 487 19 487 20 4 20 3 20 2 20
974 4 1 504 2 504 2 512 1 512
975 4 1 436 2 436 2 504 1 504
976 5 0 436 1 436 1 504 1 512 0 512
977 7 0 19 2 19 2 20 2 334 2 436 1 436 0 436
978 4 209 18 487 18 487 19 209 19
979 4 209 17 487 17 487 18 209 18
980 4 209 16 487 16 487 17 209 17
981 7 0 16 209 16 209 17 209 18 209 19 2 19 0 19
982 5 0 15 487 15 487 16 209 16 0 16
983 5 0 14 206 14 487 14 487 15 0 15
984 4 206 13 487 13 487 14 206 14
985 5 206 10 487 10 487 13 206 13 206 12
986 4 206 9 487 9 487 10 206 10
987 7 206 4 487 4 487 9 206 9 206 8 206 6 206 5
988 5 206 2 487 2 487 4 206 4 206 3
989 6 0 12 40 12 206 12 206 13 206 14 0 14
990 7 40 8 206 8 206 9 206 10 206 12 40 12 40 11
991 5 40 6 206 6 206 8 40 8 40 7
992 4 0 11 40 11 40 12 0 12
993 5 0 7 40 7 40 8 40 11 0 11
994 4 0 6 40 6 40 7 0 7
995 5 0 5 206 5 206 6 40 6 0 6
996 5 0 3 206 3 206 4 206 5 0 5
997 4 0 2 206 2 206 3 0 3
998 6 0 1 107 1 487 1 487 2 206 2 0 2
999 4 107 0 487 0 487 1 107 1
1000 4 0 0 107 0 107 1 0 1
1000
1 114 519 0 520 0 520 481 519 481 519 480 519 479 519 475 519 474 519 470 519 467 519 462 519 453 519 450 519 426 519 424 519 423 519 421 519 420 519 419 519 412 519 404 519 400 519 398 519 395 519 392 519 391 519 388 519 387 519 383 519 382 519 381 519 378 519 338 519 336 519 334 519 333 519 332 519 330 519 329 519 323 519 322 519 304 519 298 519 297 519 296 519 295 519 294 519 292 519 290 519 289 519 288 519 287 519 282 519 277 519 276 519 242 519 221 519 216 519 213 519 211 519 210 519 209 519 208 519 207 519 206 519 205 519 202 519 201 519 199 519 175 519 174 519 173 519 170 519 157 519 156 519 138 519 136 519 134 519 133 519 132 519 128 519 113 519 93 519 90 519 86 519 73 519 72 519 71 519 70 519 69 519 68 519 67 519 66 519 65 519 62 519 57 519 50 519 49 519 48 519 46 519 43 519 42 519 41 519 40 519 39 519 37 519 36 519 34 519 32 519 31 519 28 519 27 519 9 519 5
2 134 0 480 1 480 2 480 3 480 5 480 7 480 8 480 9 480 18 480 20 480 22 480 24 480 25 480 26 480 32 480 33 480 34 480 35 480 40 480 41 480 42 480 43 480 44 480 54 480 55 480 56 480 57 480 62 480 63 480 64 480 78 480 82 480 84 480 85 480 86 480 87 480 89 480 90 480 93 480 94 480 95 480 110 480 111 480 117 480 120 480 122 480 124 480 125 480 131 480 150 480 152 480 155 480 157 480 159 480 164 480 166 480 167 480 169 480 170 480 174 480 179 480 181 480 186 480 192 480 193 480 194 480 195 480 218 480 251 480 252 480 283 480 284 480 285 480 286 480 300 480 306 480 308 480 311 480 314 480 318 480 321 480 324 480 325 480 326 480 327 480 341 480 346 480 347 480 348 480 349 480 351 480 373 480 374 480 377 480 389 480 392 480 402 480 403 480 404 480 407 480 408 480 409 480 410 480 411 480 412 480 417 480 418 480 422 480 441 480 450 480 460 480 462 480 464 480 465 480 466 480 467 480 468 480 472 480 484 480 486 480 487 480 488 480 489 480 492 480 494 480 495 480 497 480 502 480 503 480 504 480 518 480 519 480 519 481 0 481
3 4 518 479 519 479 519 480 518 480
4 4 518 475 519 475 519 479 518 479
5 8 504 475 505 475 506 475 507 475 518 475 518 479 518 480 504 480
6 8 507 474 513 474 514 474 515 474 519 474 519 475 518 475 507 475
7 5 515 470 517 470 519 470 519 474 515 474
8 4 517 467 519 467 519 470 517 470
9 4 517 462 519 462 519 467 517 467
10 7 515 462 517 462 517 467 517 470 515 470 515 465 515 463
11 5 515 453 519 453 519 462 517 462 515 462
12 6 514 465 515 465 515 470 515 474 514 474 514 469
13 4 513 469 514 469 514 474 513 474
14 7 507 469 508 469 510 469 512 469 513 469 513 474 507 474
15 6 512 465 514 465 514 469 513 469 512 469 512 466
16 5 512 463 515 463 515 465 514 465 512 465
17 4 510 466 512 466 512 469 510 469
18 5 508 466 510 466 510 469 508 469 508 468
19 6 508 463 512 463 512 465 512 466 510 466 508 466
20 4 507 468 508 468 508 469 507 469
21 6 506 468 507 468 507 469 507 474 507 475 506 475
22 6 506 463 508 463 508 466 508 468 507 468 506 468
23 9 506 453 509 453 515 453 515 462 515 463 512 463 508 463 506 463 506 460
24 6 505 460 506 460 506 463 506 468 506 475 505 475
25 4 505 453 506 453 506 460 505 460
26 5 509 450 519 450 519 453 515 453 509 453
27 5 505 450 509 450 509 453 506 453 505 453
28 5 505 426 519 426 519 450 509 450 505 450
29 8 504 426 505 426 505 450 505 453 505 460 505 475 504 475 504 428
30 6 503 428 504 428 504 475 504 480 503 480 503 433
31 6 502 433 503 433 503 480 502 480 502 478 502 437
32 6 497 478 498 478 499 478 502 478 502 480 497 480
33 7 499 437 500 437 501 437 502 437 502 478 499 478 499 439
34 4 498 439 499 439 499 478 498 478
35 5 497 439 498 439 498 478 497 478 497 476
36 6 495 476 496 476 497 476 497 478 497 480 495 480
37 4 494 476 495 476 495 480 494 480
38 4 492 476 494 476 494 480 492 480
39 4 489 476 492 476 492 480 489 480
40 5 496 439 497 439 497 476 496 476 496 441
41 9 489 441 496 441 496 476 495 476 494 476 492 476 489 476 489 473 489 442
42 5 488 473 489 473 489 476 489 480 488 480
43 4 487 473 488 473 488 480 487 480
44 8 487 442 489 442 489 473 488 473 487 473 487 456 487 444 487 443
45 6 486 456 487 456 487 473 487 480 486 480 486 457
46 4 484 457 486 457 486 480 484 480
47 4 472 457 484 457 484 480 472 480
48 11 472 456 473 456 475 456 478 456 480 456 481 456 482 456 486 456 486 457 484 457 472 457
49 5 482 444 487 444 487 456 486 456 482 456
50 4 481 444 482 444 482 456 481 456
51 4 480 444 481 444 481 456 480 456
52 5 478 444 480 444 480 456 478 456 478 447
53 6 475 447 476 447 478 447 478 456 475 456 475 454
54 5 473 454 474 454 475 454 475 456 473 456
55 4 474 447 475 447 475 454 474 454
56 5 476 444 478 444 478 447 476 447 476 445
57 5 474 445 476 445 476 447 475 447 474 447
58 5 473 445 474 445 474 447 474 454 473 454
59 5 473 444 476 444 476 445 474 445 473 445
60 9 473 443 487 443 487 444 482 444 481 444 480 444 478 444 476 444 473 444
61 7 472 443 473 443 473 444 473 445 473 454 473 456 472 456
62 7 468 443 472 443 472 456 472 457 472 480 468 480 468 446
63 4 467 446 468 446 468 480 467 480
64 5 466 446 467 446 467 480 466 480 466 448
65 5 465 448 466 448 466 480 465 480 465 464
66 4 465 446 466 446 466 448 465 448
67 6 464 464 465 464 465 480 464 480 464 477 464 472
68 5 464 446 465 446 465 448 465 464 464 464
69 4 462 477 464 477 464 480 462 480
70 5 462 472 463 472 464 472 464 477 462 477
71 5 463 446 464 446 464 464 464 472 463 472
72 8 463 443 468 443 468 446 467 446 466 446 465 446 464 446 463 446
73 7 463 442 487 442 487 443 473 443 472 443 468 443 463 443
74 8 462 442 463 442 463 443 463 446 463 472 462 472 462 458 462 449
75 8 460 458 461 458 462 458 462 472 462 477 462 480 460 480 460 459
76 6 450 459 456 459 458 459 460 459 460 480 450 480
77 4 458 458 460 458 460 459 458 459
78 4 461 449 462 449 462 458 461 458
79 6 458 449 461 449 461 458 460 458 458 458 458 452
80 5 458 442 462 442 462 449 461 449 458 449
81 5 456 452 458 452 458 458 458 459 456 459
82 5 456 442 458 442 458 449 458 452 456 452
83 8 456 441 489 441 489 442 487 442 463 442 462 442 458 442 456 442
84 6 450 441 456 441 456 442 456 452 456 459 450 459
85 5 441 441 450 441 450 459 450 480 441 480
86 10 441 439 451 439 457 439 469 439 496 439 496 441 489 441 456 441 450 441 441 441
87 6 422 439 430 439 441 439 441 441 441 480 422 480
88 7 469 437 499 437 499 439 498 439 497 439 496 439 469 439
89 4 501 433 502 433 502 437 501 437
90 4 500 433 501 433 501 437 500 437
91 9 500 428 503 428 503 433 502 433 501 433 500 433 500 431 500 430 500 429
92 7 469 431 483 431 500 431 500 433 500 437 499 437 469 437
93 4 483 430 500 430 500 431 483 431
94 4 469 430 483 430 483 431 469 431
95 5 469 429 500 429 500 430 483 430 469 430
96 7 457 429 469 429 469 430 469 431 469 437 469 439 457 439
97 5 451 429 457 429 457 439 451 439 451 438
98 6 430 438 434 438 451 438 451 439 441 439 430 439
99 5 434 429 451 429 451 438 434 438 434 434
100 8 434 428 448 428 500 428 500 429 469 429 457 429 451 429 434 429
101 6 448 426 504 426 504 428 503 428 500 428 448 428
102 6 448 424 519 424 519 426 505 426 504 426 448 426
103 8 434 424 438 424 440 424 444 424 448 424 448 426 448 428 434 428
104 6 444 423 446 423 519 423 519 424 448 424 444 424
105 5 446 421 479 421 519 421 519 423 446 423
106 4 479 420 519 420 519 421 479 421
107 4 446 420 479 420 479 421 446 421
108 6 446 419 471 419 519 419 519 420 479 420 446 420
109 6 471 412 519 412 519 419 471 419 471 417 471 416
110 6 471 404 516 404 519 404 519 412 471 412 471 405
111 6 446 417 453 417 459 417 471 417 471 419 446 419
112 7 444 417 446 417 446 419 446 420 446 421 446 423 444 423
113 4 459 416 471 416 471 417 459 417
114 4 453 416 459 416 459 417 453 417
115 8 453 405 471 405 471 412 471 416 459 416 453 416 453 407 453 406
116 6 444 407 453 407 453 416 453 417 446 417 444 417
117 7 440 407 444 407 444 417 444 423 444 424 440 424 440 414
118 6 438 414 440 414 440 424 438 424 438 418 438 415
119 4 434 418 438 418 438 424 434 424
120 4 430 434 434 434 434 438 430 438
121 8 430 418 434 418 434 424 434 428 434 429 434 434 430 434 430 427
122 6 422 427 430 427 430 434 430 438 430 439 422 439
123 4 422 418 430 418 430 427 422 427
124 7 418 418 422 418 422 427 422 439 422 480 418 480 418 435
125 8 418 415 437 415 438 415 438 418 434 418 430 418 422 418 418 418
126 4 417 435 418 435 418 480 417 480
127 5 417 415 418 415 418 418 418 435 417 435
128 5 412 415 417 415 417 435 417 480 412 480
129 4 437 414 438 414 438 415 437 415
130 7 437 407 440 407 440 414 438 414 437 414 437 413 437 411
131 10 412 413 413 413 419 413 433 413 437 413 437 414 437 415 418 415 417 415 412 415
132 5 433 411 436 411 437 411 437 413 433 413
133 5 419 411 426 411 433 411 433 413 419 413
134 7 436 407 437 407 437 411 436 411 436 410 436 409 436 408
135 7 436 406 453 406 453 407 444 407 440 407 437 407 436 407
136 6 426 410 435 410 436 410 436 411 433 411 426 411
137 4 435 409 436 409 436 410 435 410
138 5 426 409 427 409 435 409 435 410 426 410
139 6 419 409 424 409 426 409 426 410 426 411 419 411
140 5 427 408 436 408 436 409 435 409 427 409
141 5 424 408 427 408 427 409 426 409 424 409
142 6 424 406 436 406 436 407 436 408 427 408 424 408
143 5 424 405 453 405 453 406 436 406 424 406
144 8 419 405 420 405 421 405 424 405 424 406 424 408 424 409 419 409
145 7 413 405 414 405 419 405 419 409 419 411 419 413 413 413
146 6 421 404 471 404 471 405 453 405 424 405 421 405
147 6 516 400 519 400 519 404 516 404 516 403 516 402
148 7 421 403 425 403 485 403 516 403 516 404 471 404 421 404
149 6 485 402 490 402 491 402 516 402 516 403 485 403
150 4 425 402 485 402 485 403 425 403
151 5 491 400 516 400 516 402 491 402 491 401
152 5 491 398 519 398 519 400 516 400 491 400
153 5 491 395 519 395 519 398 491 398 491 397
154 4 490 401 491 401 491 402 490 402
155 5 425 401 490 401 490 402 485 402 425 402
156 7 425 397 491 397 491 398 491 400 491 401 490 401 425 401
157 6 425 395 428 395 429 395 491 395 491 397 425 397
158 5 429 392 519 392 519 395 491 395 429 395
159 6 428 392 429 392 429 395 428 395 428 394 428 393
160 7 428 391 439 391 452 391 519 391 519 392 429 392 428 392
161 4 452 388 519 388 519 391 452 391
162 5 439 388 452 388 452 391 439 391 439 390
163 4 428 390 439 390 439 391 428 391
164 4 425 394 428 394 428 395 425 395
165 8 421 394 425 394 425 395 425 397 425 401 425 402 425 403 421 403
166 6 420 394 421 394 421 403 421 404 421 405 420 405
167 6 420 393 428 393 428 394 425 394 421 394 420 394
168 6 420 390 428 390 428 391 428 392 428 393 420 393
169 8 414 390 416 390 420 390 420 393 420 394 420 405 419 405 414 405
170 6 416 388 439 388 439 390 428 390 420 390 416 390
171 7 416 387 493 387 519 387 519 388 452 388 439 388 416 388
172 5 493 383 519 383 519 387 493 387 493 385
173 4 493 382 519 382 519 383 493 383
174 4 493 381 519 381 519 382 493 382
175 4 493 378 519 378 519 381 493 381
176 7 493 338 519 338 519 378 493 378 493 344 493 343 493 342
177 8 416 385 423 385 432 385 442 385 477 385 493 385 493 387 416 387
178 12 477 344 493 344 493 378 493 381 493 382 493 383 493 385 477 385 477 377 477 375 477 371 477 349
179 5 442 377 449 377 477 377 477 385 442 385
180 5 432 377 442 377 442 385 432 385 432 384
181 4 449 375 477 375 477 377 449 377
182 6 432 375 447 375 449 375 449 377 442 377 432 377
183 4 423 384 432 384 432 385 423 385
184 5 423 375 432 375 432 377 432 384 423 384
185 6 447 371 477 371 477 375 449 375 447 375 447 372
186 5 423 372 447 372 447 375 432 375 423 375
187 6 416 372 423 372 423 375 423 384 423 385 416 385
188 5 416 371 447 371 447 372 423 372 416 372
189 8 414 371 416 371 416 372 416 385 416 387 416 388 416 390 414 390
190 9 414 349 477 349 477 371 447 371 416 371 414 371 414 370 414 353 414 351
191 6 413 370 414 370 414 371 414 390 414 405 413 405
192 5 412 370 413 370 413 405 413 413 412 413
193 6 411 370 412 370 412 413 412 415 412 480 411 480
194 8 411 353 414 353 414 370 413 370 412 370 411 370 411 356 411 355
195 6 410 356 411 356 411 370 411 480 410 480 410 357
196 4 409 357 410 357 410 480 409 480
197 5 408 357 409 357 409 480 408 480 408 359
198 9 407 359 408 359 408 480 407 480 407 455 407 369 407 367 407 365 407 363
199 4 404 455 407 455 407 480 404 480
200 5 404 369 407 369 407 455 404 455 404 373
201 6 403 373 404 373 404 455 404 480 403 480 403 374
202 5 402 374 403 374 403 480 402 480 402 396
203 7 392 396 399 396 400 396 401 396 402 396 402 480 392 480
204 4 401 374 402 374 402 396 401 396
205 5 401 373 403 373 403 374 402 374 401 374
206 5 400 373 401 373 401 374 401 396 400 396
207 6 400 369 404 369 404 373 403 373 401 373 400 373
208 5 399 369 400 369 400 373 400 396 399 396
209 4 392 369 399 369 399 396 392 396
210 5 389 369 392 369 392 396 392 480 389 480
211 9 389 367 391 367 407 367 407 369 404 369 400 369 399 369 392 369 389 369
212 12 377 367 378 367 379 367 380 367 382 367 383 367 389 367 389 369 389 480 377 480 377 451 377 399
213 4 391 365 407 365 407 367 391 367
214 7 383 365 384 365 387 365 391 365 391 367 389 367 383 367
215 8 387 363 395 363 398 363 406 363 407 363 407 365 391 365 387 365
216 5 384 363 386 363 387 363 387 365 384 365
217 4 406 359 407 359 407 363 406 363
218 7 398 359 406 359 406 363 398 363 398 362 398 361 398 360
219 4 395 362 398 362 398 363 395 363
220 5 386 362 395 362 395 363 387 363 386 363
221 4 384 362 386 362 386 363 384 363
222 6 384 361 398 361 398 362 395 362 386 362 384 362
223 6 383 361 384 361 384 362 384 363 384 365 383 365
224 5 382 361 383 361 383 365 383 367 382 367
225 7 382 360 393 360 398 360 398 361 384 361 383 361 382 361
226 4 393 359 398 359 398 360 393 360
227 7 393 357 408 357 408 359 407 359 406 359 398 359 393 359
228 7 393 356 397 356 410 356 410 357 409 357 408 357 393 357
229 6 382 356 393 356 393 357 393 359 393 360 382 360
230 6 380 356 382 356 382 360 382 361 382 367 380 367
231 5 397 355 411 355 411 356 410 356 397 356
232 7 380 355 390 355 397 355 397 356 393 356 382 356 380 356
233 5 390 353 411 353 411 355 397 355 390 355
234 5 380 353 388 353 390 353 390 355 380 355
235 6 379 353 380 353 380 355 380 356 380 367 379 367
236 8 388 351 396 351 405 351 414 351 414 353 411 353 390 353 388 353
237 4 405 349 414 349 414 351 405 351
238 4 396 349 405 349 405 351 396 351
239 4 388 349 396 349 396 351 388 351
240 7 388 344 477 344 477 349 414 349 405 349 396 349 388 349
241 5 388 343 493 343 493 344 477 344 388 344
242 8 379 343 388 343 388 344 388 349 388 351 388 353 380 353 379 353
243 7 378 343 379 343 379 353 379 367 378 367 378 347 378 345
244 6 378 342 493 342 493 343 388 343 379 343 378 343
245 5 377 347 378 347 378 367 377 367 377 364
246 4 374 451 377 451 377 480 374 480
247 4 373 451 374 451 374 480 373 480
248 8 351 451 354 451 368 451 370 451 372 451 373 451 373 480 351 480
249 6 372 399 377 399 377 451 374 451 373 451 372 451
250 4 370 399 372 399 372 451 370 451
251 4 368 399 370 399 370 451 368 451
252 8 368 364 377 364 377 367 377 399 372 399 370 399 368 399 368 389
253 8 354 389 364 389 365 389 368 389 368 399 368 451 354 451 354 440
254 5 365 364 366 364 368 364 368 389 365 389
255 7 364 364 365 364 365 389 364 389 364 386 364 368 364 366
256 5 366 347 377 347 377 364 368 364 366 364
257 5 366 345 378 345 378 347 377 347 366 347
258 6 364 345 366 345 366 347 366 364 365 364 364 364
259 6 364 342 378 342 378 343 378 345 366 345 364 345
260 6 354 386 355 386 360 386 364 386 364 389 354 389
261 4 360 368 364 368 364 386 360 386
262 5 360 366 363 366 364 366 364 368 360 368
263 6 363 342 364 342 364 345 364 364 364 366 363 366
264 6 363 338 493 338 493 342 378 342 364 342 363 342
265 5 363 336 519 336 519 338 493 338 363 338
266 7 360 336 363 336 363 338 363 342 363 366 360 366 360 352
267 8 355 352 356 352 357 352 360 352 360 366 360 368 360 386 355 386
268 6 357 336 358 336 359 336 360 336 360 352 357 352
269 6 359 334 519 334 519 336 363 336 360 336 359 336
270 4 359 333 519 333 519 334 359 334
271 4 359 332 519 332 519 333 359 333
272 7 359 330 362 330 367 330 369 330 519 330 519 332 359 332
273 6 369 329 375 329 376 329 519 329 519 330 369 330
274 5 376 323 519 323 519 329 376 329 376 327
275 4 375 327 376 327 376 329 375 329
276 4 369 327 375 327 375 329 369 329
277 5 367 327 369 327 369 329 369 330 367 330
278 6 367 323 376 323 376 327 375 327 369 327 367 327
279 6 367 322 431 322 519 322 519 323 376 323 367 323
280 6 431 304 519 304 519 322 431 322 431 321 431 305
281 4 367 321 431 321 431 322 367 322
282 7 362 321 367 321 367 322 367 323 367 327 367 330 362 330
283 6 362 305 431 305 431 321 367 321 362 321 362 308
284 6 359 308 362 308 362 321 362 330 359 330 359 312
285 10 358 312 359 312 359 330 359 332 359 333 359 334 359 336 358 336 358 335 358 313
286 4 357 335 358 335 358 336 357 336
287 5 356 335 357 335 357 336 357 352 356 352
288 4 355 335 356 335 356 352 355 352
289 6 355 313 358 313 358 335 357 335 356 335 355 335
290 9 354 313 355 313 355 335 355 352 355 386 354 386 354 318 354 315 354 314
291 5 351 440 353 440 354 440 354 451 351 451
292 9 353 318 354 318 354 386 354 389 354 440 353 440 353 425 353 331 353 319
293 4 351 425 353 425 353 440 351 440
294 6 349 425 351 425 351 440 351 451 351 480 349 480
295 5 349 331 353 331 353 425 351 425 349 425
296 6 348 331 349 331 349 425 349 480 348 480 348 350
297 4 347 350 348 350 348 480 347 480
298 4 346 350 347 350 347 480 346 480
299 5 346 331 348 331 348 350 347 350 346 350
300 7 341 331 342 331 343 331 346 331 346 350 346 480 341 480
301 7 343 319 353 319 353 331 349 331 348 331 346 331 343 331
302 5 343 318 344 318 353 318 353 319 343 319
303 5 344 315 354 315 354 318 353 318 344 318
304 6 344 314 345 314 352 314 354 314 354 315 344 315
305 4 352 313 354 313 354 314 352 314
306 4 345 313 352 313 352 314 345 314
307 4 344 313 345 313 345 314 344 314
308 8 344 312 358 312 358 313 355 313 354 313 352 313 345 313 344 313
309 7 343 312 344 312 344 313 344 314 344 315 344 318 343 318
310 6 342 312 343 312 343 318 343 319 343 331 342 331
311 8 342 308 350 308 359 308 359 312 358 312 344 312 343 312 342 312
312 6 341 308 342 308 342 312 342 331 341 331 341 328
313 11 327 328 329 328 330 328 331 328 332 328 337 328 340 328 341 328 341 331 341 480 327 480
314 5 340 308 341 308 341 328 340 328 340 320
315 7 350 305 362 305 362 308 359 308 350 308 350 307 350 306
316 5 350 304 431 304 431 305 362 305 350 305
317 6 340 307 350 307 350 308 342 308 341 308 340 308
318 4 337 320 340 320 340 328 337 328
319 9 337 307 339 307 340 307 340 308 340 320 337 320 337 316 337 310 337 309
320 8 332 316 333 316 334 316 337 316 337 320 337 328 332 328 332 326
321 4 334 310 337 310 337 316 334 316
322 5 333 310 334 310 334 316 333 316 333 311
323 4 332 311 333 311 333 316 332 316
324 4 331 326 332 326 332 328 331 328
325 5 331 311 332 311 332 316 332 326 331 326
326 6 330 311 331 311 331 326 331 328 330 328 330 324
327 4 329 324 330 324 330 328 329 328
328 5 327 324 329 324 329 328 327 328 327 325
329 5 326 325 327 325 327 328 327 480 326 480
330 5 325 325 326 325 326 480 325 480 325 346
331 4 324 346 325 346 325 480 324 480
332 4 321 346 324 346 324 480 321 480
333 5 318 346 320 346 321 346 321 480 318 480
334 5 314 346 315 346 318 346 318 480 314 480
335 5 311 346 312 346 314 346 314 480 311 480
336 6 320 325 325 325 325 346 324 346 321 346 320 346
337 6 320 324 327 324 327 325 326 325 325 325 320 325
338 6 320 311 330 311 330 324 329 324 327 324 320 324
339 7 320 310 333 310 333 311 332 311 331 311 330 311 320 311
340 8 315 310 320 310 320 311 320 324 320 325 320 346 318 346 315 346
341 5 312 310 315 310 315 346 314 346 312 346
342 10 312 309 313 309 316 309 337 309 337 310 334 310 333 310 320 310 315 310 312 310
343 5 316 307 323 307 337 307 337 309 316 309
344 5 339 306 350 306 350 307 340 307 339 307
345 5 339 304 350 304 350 305 350 306 339 306
346 7 339 298 519 298 519 304 431 304 350 304 339 304 339 300
347 9 323 300 339 300 339 304 339 306 339 307 337 307 323 307 323 302 323 301
348 5 316 302 323 302 323 307 316 307 316 303
349 5 313 303 316 303 316 307 316 309 313 309
350 4 312 303 313 303 313 309 312 309
351 5 312 302 316 302 316 303 313 303 312 303
352 7 311 302 312 302 312 303 312 309 312 310 312 346 311 346
353 6 311 301 323 301 323 302 316 302 312 302 311 302
354 7 308 301 311 301 311 302 311 346 311 480 308 480 308 461
355 5 306 461 307 461 308 461 308 480 306 480
356 4 307 301 308 301 308 461 307 461
357 7 307 300 322 300 323 300 323 301 311 301 308 301 307 301
358 6 322 298 339 298 339 300 323 300 322 300 322 299
359 6 322 297 470 297 519 297 519 298 339 298 322 298
360 4 307 299 322 299 322 300 307 300
361 7 306 299 307 299 307 300 307 301 307 461 306 461 306 422
362 8 300 422 304 422 305 422 306 422 306 461 306 480 300 480 300 436
363 4 305 299 306 299 306 422 305 422
364 8 305 297 319 297 322 297 322 298 322 299 307 299 306 299 305 299
365 4 470 296 519 296 519 297 470 297
366 5 319 296 470 296 470 297 322 297 319 297
367 6 319 295 336 295 519 295 519 296 470 296 319 296
368 4 336 294 519 294 519 295 336 295
369 4 319 294 336 294 336 295 319 295
370 7 319 292 445 292 519 292 519 294 336 294 319 294 319 293
371 8 305 293 309 293 319 293 319 294 319 295 319 296 319 297 305 297
372 9 304 293 305 293 305 297 305 299 305 422 304 422 304 376 304 358 304 339
373 4 309 292 319 292 319 293 309 293
374 4 445 290 519 290 519 292 445 292
375 6 309 290 338 290 445 290 445 292 319 292 309 292
376 6 338 289 443 289 519 289 519 290 445 290 338 290
377 4 443 288 519 288 519 289 443 289
378 4 443 287 519 287 519 288 443 288
379 5 338 287 443 287 443 288 443 289 338 289
380 5 338 282 519 282 519 287 443 287 338 287
381 7 309 282 338 282 338 287 338 289 338 290 309 290 309 285
382 7 304 285 309 285 309 290 309 292 309 293 305 293 304 293
383 4 300 376 304 376 304 422 300 422
384 7 286 436 288 436 292 436 297 436 300 436 300 480 286 480
385 5 297 376 300 376 300 422 300 436 297 436
386 7 297 358 299 358 301 358 304 358 304 376 300 376 297 376
387 4 301 339 304 339 304 358 301 358
388 4 299 339 301 339 301 358 299 358
389 8 299 285 304 285 304 293 304 339 301 339 299 339 299 291 299 286
390 7 299 282 309 282 309 285 304 285 299 285 299 284 299 283
391 6 299 277 519 277 519 282 338 282 309 282 299 282
392 5 297 291 299 291 299 339 299 358 297 358
393 7 292 291 294 291 297 291 297 358 297 376 297 436 292 436
394 4 288 291 292 291 292 436 288 436
395 5 294 286 299 286 299 291 297 291 294 291
396 7 288 286 291 286 293 286 294 286 294 291 292 291 288 291
397 6 293 284 299 284 299 285 299 286 294 286 293 286
398 5 293 283 296 283 299 283 299 284 293 284
399 5 291 283 293 283 293 284 293 286 291 286
400 7 296 277 299 277 299 282 299 283 296 283 296 281 296 279
401 5 291 281 296 281 296 283 293 283 291 283
402 5 291 279 295 279 296 279 296 281 291 281
403 6 288 279 291 279 291 281 291 283 291 286 288 286
404 6 286 279 288 279 288 286 288 291 288 436 286 436
405 4 295 277 296 277 296 279 295 279
406 6 295 276 519 276 519 277 299 277 296 277 295 277
407 12 295 242 519 242 519 276 295 276 295 275 295 274 295 256 295 255 295 250 295 249 295 248 295 244
408 8 286 275 295 275 295 276 295 277 295 279 291 279 288 279 286 279
409 6 285 275 286 275 286 279 286 436 286 480 285 480
410 4 284 275 285 275 285 480 284 480
411 5 283 275 284 275 284 480 283 480 283 380
412 8 283 274 289 274 295 274 295 275 286 275 285 275 284 275 283 275
413 10 252 380 253 380 254 380 256 380 259 380 260 380 282 380 283 380 283 480 252 480
414 6 282 274 283 274 283 275 283 380 282 380 282 280
415 10 289 256 295 256 295 274 289 274 289 273 289 271 289 270 289 265 289 264 289 262
416 5 282 273 289 273 289 274 283 274 282 274
417 9 260 280 265 280 266 280 268 280 279 280 280 280 282 280 282 380 260 380
418 5 280 273 282 273 282 274 282 280 280 280
419 5 280 271 289 271 289 273 282 273 280 273
420 6 279 271 280 271 280 273 280 280 279 280 279 278
421 5 279 270 289 270 289 271 280 271 279 271
422 4 268 278 279 278 279 280 268 280
423 4 266 278 268 278 268 280 266 280
424 4 265 278 266 278 266 280 265 280
425 8 265 270 278 270 279 270 279 271 279 278 268 278 266 278 265 278
426 7 260 270 261 270 264 270 265 270 265 278 265 280 260 280
427 7 278 265 281 265 287 265 289 265 289 270 279 270 278 270
428 4 287 264 289 264 289 265 287 265
429 4 281 264 287 264 287 265 281 265
430 4 278 264 281 264 281 265 278 265
431 6 278 262 289 262 289 264 287 264 281 264 278 264
432 7 278 256 289 256 289 262 278 262 278 260 278 259 278 258
433 8 264 260 278 260 278 262 278 264 278 265 278 270 265 270 264 270
434 4 261 260 264 260 264 270 261 270
435 5 261 259 278 259 278 260 264 260 261 260
436 5 261 258 269 258 278 258 278 259 261 259
437 4 269 256 278 256 278 258 269 258
438 6 269 255 295 255 295 256 289 256 278 256 269 256
439 5 261 255 269 255 269 256 269 258 261 258
440 7 260 255 261 255 261 258 261 259 261 260 261 270 260 270
441 6 259 255 260 255 260 270 260 280 260 380 259 380
442 7 259 250 295 250 295 255 269 255 261 255 260 255 259 255
443 7 256 250 259 250 259 255 259 380 256 380 256 272 256 252
444 5 256 249 295 249 295 250 259 250 256 250
445 6 256 248 272 248 277 248 295 248 295 249 256 249
446 5 254 272 255 272 256 272 256 380 254 380
447 6 255 252 256 252 256 272 255 272 255 269 255 254
448 4 254 269 255 269 255 272 254 272
449 6 253 269 254 269 254 272 254 380 253 380 253 337
450 7 253 254 255 254 255 269 254 269 253 269 253 267 253 261
451 4 252 337 253 337 253 380 252 380
452 5 251 337 252 337 252 380 252 480 251 480
453 6 218 337 221 337 231 337 251 337 251 480 218 480
454 11 231 267 233 267 235 267 245 267 246 267 253 267 253 269 253 337 252 337 251 337 231 337
455 4 246 261 253 261 253 267 246 267
456 5 245 261 246 261 246 267 245 267 245 266
457 4 235 266 245 266 245 267 235 267
458 7 235 261 236 261 241 261 244 261 245 261 245 266 235 266
459 6 244 254 253 254 253 261 246 261 245 261 244 261
460 5 244 252 255 252 255 254 253 254 244 254
461 6 241 252 242 252 244 252 244 254 244 261 241 261
462 8 242 248 256 248 256 249 256 250 256 252 255 252 244 252 242 252
463 4 241 248 242 248 242 252 241 252
464 6 236 248 239 248 241 248 241 252 241 261 236 261
465 6 277 244 295 244 295 248 277 248 277 247 277 246
466 5 272 247 275 247 277 247 277 248 272 248
467 7 239 247 272 247 272 248 256 248 242 248 241 248 239 248
468 4 275 246 277 246 277 247 275 247
469 8 239 246 240 246 270 246 273 246 275 246 275 247 272 247 239 247
470 6 273 244 277 244 277 246 275 246 273 246 273 245
471 4 270 245 273 245 273 246 270 246
472 4 270 244 273 244 273 245 270 245
473 7 270 242 295 242 295 244 277 244 273 244 270 244 270 243
474 11 270 221 519 221 519 242 295 242 270 242 270 240 270 228 270 227 270 226 270 224 270 222
475 7 240 243 250 243 270 243 270 244 270 245 270 246 240 246
476 6 250 240 270 240 270 242 270 243 250 243 250 241
477 6 250 228 270 228 270 240 250 240 250 237 250 235
478 5 240 241 247 241 250 241 250 243 240 243
479 5 247 237 250 237 250 240 250 241 247 241
480 5 240 237 247 237 247 241 240 241 240 238
481 6 239 238 240 238 240 241 240 243 240 246 239 246
482 6 236 238 239 238 239 246 239 247 239 248 236 248
483 7 235 238 236 238 236 248 236 261 235 261 235 253 235 239
484 6 233 253 235 253 235 261 235 266 235 267 233 267
485 4 231 253 233 253 233 267 231 267
486 6 221 253 222 253 231 253 231 267 231 337 221 337
487 10 222 239 228 239 229 239 232 239 234 239 235 239 235 253 233 253 231 253 222 253
488 4 234 238 235 238 235 239 234 239
489 7 234 237 240 237 240 238 239 238 236 238 235 238 234 238
490 6 234 235 250 235 250 237 247 237 240 237 234 237
491 7 234 228 250 228 250 235 234 235 234 234 234 230 234 229
492 8 232 234 234 234 234 235 234 237 234 238 234 239 232 239 232 236
493 4 229 236 232 236 232 239 229 239
494 4 228 236 229 236 229 239 228 239
495 5 228 234 232 234 232 236 229 236 228 236
496 6 222 234 227 234 228 234 228 236 228 239 222 239
497 8 227 230 234 230 234 234 232 234 228 234 227 234 227 233 227 232
498 4 222 233 227 233 227 234 222 234
499 6 221 233 222 233 222 234 222 239 222 253 221 253
500 5 218 233 221 233 221 253 221 337 218 337
501 10 195 233 196 233 197 233 205 233 218 233 218 337 218 480 195 480 195 348 195 340
502 8 205 232 212 232 227 232 227 233 222 233 221 233 218 233 205 233
503 5 212 230 225 230 227 230 227 232 212 232
504 6 205 230 206 230 207 230 212 230 212 232 205 232
505 5 225 229 234 229 234 230 227 230 225 230
506 7 207 229 208 229 210 229 225 229 225 230 212 230 207 230
507 7 210 228 215 228 219 228 234 228 234 229 225 229 210 229
508 7 219 227 223 227 270 227 270 228 250 228 234 228 219 228
509 4 223 226 270 226 270 227 223 227
510 4 223 224 270 224 270 226 223 226
511 6 223 222 243 222 270 222 270 224 223 224 223 223
512 6 219 223 223 223 223 224 223 226 223 227 219 227
513 5 215 223 219 223 219 227 219 228 215 228
514 4 210 223 215 223 215 228 210 228
515 7 210 222 213 222 223 222 223 223 219 223 215 223 210 223
516 4 243 221 270 221 270 222 243 222
517 5 243 216 519 216 519 221 270 221 243 221
518 7 213 216 216 216 243 216 243 221 243 222 223 222 213 222
519 7 216 213 271 213 328 213 519 213 519 216 243 216 216 216
520 5 328 211 519 211 519 213 328 213 328 212
521 4 271 212 328 212 328 213 271 213
522 4 271 211 328 211 328 212 271 212
523 5 271 210 519 210 519 211 328 211 271 211
524 4 271 209 519 209 519 210 271 210
525 4 271 208 519 208 519 209 271 209
526 4 271 207 519 207 519 208 271 208
527 13 216 207 217 207 226 207 249 207 258 207 271 207 271 208 271 209 271 210 271 211 271 212 271 213 216 213
528 5 258 206 519 206 519 207 271 207 258 207
529 5 258 205 267 205 519 205 519 206 258 206
530 6 267 202 274 202 317 202 519 202 519 205 267 205
531 4 317 201 519 201 519 202 317 202
532 4 274 201 317 201 317 202 274 202
533 6 274 199 298 199 519 199 519 201 317 201 274 201
534 7 298 175 519 175 519 199 298 199 298 178 298 177 298 176
535 6 274 178 298 178 298 199 274 199 274 190 274 183
536 7 267 190 274 190 274 199 274 201 274 202 267 202 267 191
537 5 258 191 267 191 267 202 267 205 258 205
538 6 249 191 258 191 258 205 258 206 258 207 249 207
539 7 226 191 238 191 249 191 249 207 226 207 226 204 226 197
540 4 217 204 226 204 226 207 217 207
541 4 216 204 217 204 217 207 216 207
542 8 213 204 214 204 216 204 216 207 216 213 216 216 213 216 213 215
543 8 214 197 226 197 226 204 217 204 216 204 214 204 214 203 214 200
544 4 214 191 226 191 226 197 214 197
545 6 238 190 267 190 267 191 258 191 249 191 238 191
546 5 214 190 238 190 238 191 226 191 214 191
547 8 214 183 230 183 274 183 274 190 267 190 238 190 214 190 214 189
548 4 213 203 214 203 214 204 213 204
549 4 213 200 214 200 214 203 213 203
550 8 213 189 214 189 214 190 214 191 214 197 214 200 213 200 213 195
551 6 210 215 213 215 213 216 213 222 210 222 210 219
552 8 208 219 209 219 210 219 210 222 210 223 210 228 210 229 208 229
553 4 209 215 210 215 210 219 209 219
554 4 208 215 209 215 209 219 208 219
555 10 208 195 211 195 213 195 213 200 213 203 213 204 213 215 210 215 209 215 208 215
556 5 211 189 213 189 213 195 211 195 211 193
557 5 211 183 214 183 214 189 213 189 211 189
558 4 208 193 211 193 211 195 208 195
559 7 207 193 208 193 208 195 208 215 208 219 208 229 207 229
560 8 207 183 211 183 211 189 211 193 208 193 207 193 207 192 207 187
561 7 230 178 274 178 274 183 230 183 230 182 230 181 230 180
562 7 207 182 220 182 230 182 230 183 214 183 211 183 207 183
563 6 206 192 207 192 207 193 207 229 207 230 206 230
564 4 206 187 207 187 207 192 206 192
565 7 205 187 206 187 206 192 206 230 205 230 205 218 205 188
566 7 205 182 207 182 207 183 207 187 206 187 205 187 205 184
567 12 197 218 198 218 199 218 200 218 201 218 202 218 203 218 205 218 205 230 205 232 205 233 197 233
568 4 203 188 205 188 205 218 203 218
569 5 202 188 203 188 203 218 202 218 202 194
570 5 201 194 202 194 202 218 201 218 201 196
571 4 200 196 201 196 201 218 200 218
572 4 200 194 201 194 201 196 200 196
573 5 200 188 202 188 202 194 201 194 200 194
574 6 199 188 200 188 200 194 200 196 200 218 199 218
575 8 199 184 205 184 205 187 205 188 203 188 202 188 200 188 199 188
576 6 198 184 199 184 199 188 199 218 198 218 198 198
577 5 198 182 205 182 205 184 199 184 198 184
578 4 220 181 230 181 230 182 220 182
579 4 220 180 230 180 230 181 220 181
580 4 220 178 230 178 230 180 220 180
581 7 220 177 257 177 298 177 298 178 274 178 230 178 220 178
582 10 198 177 220 177 220 178 220 180 220 181 220 182 207 182 205 182 198 182 198 179
583 5 257 176 290 176 298 176 298 177 257 177
584 5 198 176 257 176 257 177 220 177 198 177
585 4 197 198 198 198 198 218 197 218
586 6 197 179 198 179 198 182 198 184 198 198 197 198
587 7 196 179 197 179 197 198 197 218 197 233 196 233 196 185
588 4 195 185 196 185 196 233 195 233
589 5 194 348 195 348 195 480 194 480 194 471
590 5 194 340 195 340 195 348 194 348 194 341
591 4 193 471 194 471 194 480 193 480
592 4 192 471 193 471 193 480 192 480
593 5 186 471 188 471 192 471 192 480 186 480
594 10 188 341 189 341 190 341 191 341 194 341 194 348 194 471 193 471 192 471 188 471
595 4 191 340 194 340 194 341 191 341
596 7 191 185 195 185 195 233 195 340 194 340 191 340 191 186
597 7 190 186 191 186 191 340 191 341 190 341 190 217 190 214
598 5 189 217 190 217 190 341 189 341 189 225
599 4 189 214 190 214 190 217 189 217
600 4 189 186 190 186 190 214 189 214
601 5 189 185 191 185 191 186 190 186 189 186
602 4 188 225 189 225 189 341 188 341
603 5 186 225 188 225 188 341 188 471 186 471
604 5 181 225 186 225 186 471 186 480 181 480
605 4 179 225 181 225 181 480 179 480
606 4 174 225 179 225 179 480 174 480
607 14 174 185 176 185 180 185 183 185 189 185 189 186 189 214 189 217 189 225 188 225 186 225 181 225 179 225 174 225
608 5 170 185 174 185 174 225 174 480 170 480
609 7 183 179 196 179 196 185 195 185 191 185 189 185 183 185
610 7 183 176 198 176 198 177 198 179 197 179 196 179 183 179
611 4 290 175 298 175 298 176 290 176
612 5 290 174 519 174 519 175 298 175 290 175
613 7 183 174 290 174 290 175 290 176 257 176 198 176 183 176
614 6 183 173 237 173 519 173 519 174 290 174 183 174
615 7 180 173 183 173 183 174 183 176 183 179 183 185 180 185
616 7 237 170 454 170 455 170 519 170 519 173 237 173 237 172
617 5 455 157 519 157 519 170 455 170 455 161
618 5 454 161 455 161 455 170 454 170 454 162
619 8 237 162 454 162 454 170 237 170 237 167 237 166 237 164 237 163
620 6 180 172 204 172 237 172 237 173 183 173 180 173
621 5 176 172 180 172 180 173 180 185 176 185
622 5 204 167 237 167 237 170 237 172 204 172
623 7 176 167 204 167 204 172 180 172 176 172 176 169 176 168
624 6 170 169 176 169 176 172 176 185 174 185 170 185
625 5 169 169 170 169 170 185 170 480 169 480
626 5 167 169 168 169 169 169 169 480 167 480
627 5 166 169 167 169 167 480 166 480 166 263
628 6 168 168 176 168 176 169 170 169 169 169 168 169
629 4 168 167 176 167 176 168 168 168
630 6 168 166 237 166 237 167 204 167 176 167 168 167
631 5 168 164 237 164 237 166 168 166 168 165
632 8 166 165 168 165 168 166 168 167 168 168 168 169 167 169 166 169
633 4 164 263 166 263 166 480 164 480
634 6 159 263 160 263 162 263 164 263 164 480 159 480
635 6 162 165 166 165 166 169 166 263 164 263 162 263
636 6 162 164 163 164 168 164 168 165 166 165 162 165
637 5 160 164 162 164 162 165 162 263 160 263
638 7 163 163 175 163 178 163 237 163 237 164 168 164 163 164
639 4 178 162 237 162 237 163 178 163
640 4 175 162 178 162 178 163 175 163
641 7 175 161 415 161 454 161 454 162 237 162 178 162 175 162
642 7 415 157 455 157 455 161 454 161 415 161 415 160 415 159
643 4 175 160 415 160 415 161 175 161
644 6 163 160 175 160 175 161 175 162 175 163 163 163
645 7 163 159 171 159 302 159 415 159 415 160 175 160 163 160
646 7 160 159 163 159 163 160 163 163 163 164 162 164 160 164
647 4 302 157 415 157 415 159 302 159
648 8 302 156 303 156 361 156 519 156 519 157 455 157 415 157 302 157
649 6 361 138 519 138 519 156 361 156 361 142 361 141
650 8 303 142 361 142 361 156 303 156 303 155 303 153 303 152 303 151
651 4 302 155 303 155 303 156 302 156
652 6 171 155 302 155 302 156 302 157 302 159 171 159
653 5 171 153 303 153 303 155 302 155 171 155
654 4 171 152 303 152 303 153 171 153
655 6 171 151 172 151 182 151 303 151 303 152 171 152
656 8 160 151 171 151 171 152 171 153 171 155 171 159 163 159 160 159
657 6 159 151 160 151 160 159 160 164 160 263 159 263
658 6 182 142 303 142 303 151 182 151 182 150 182 144
659 4 172 150 182 150 182 151 172 151
660 7 172 144 182 144 182 150 172 150 172 147 172 146 172 145
661 4 172 142 182 142 182 144 172 144
662 8 159 147 165 147 172 147 172 150 172 151 171 151 160 151 159 151
663 6 157 147 159 147 159 151 159 263 159 480 157 480
664 5 155 147 157 147 157 480 155 480 155 354
665 5 152 354 153 354 155 354 155 480 152 480
666 4 150 354 152 354 152 480 150 480
667 4 153 147 155 147 155 354 153 354
668 4 165 146 172 146 172 147 165 147
669 7 153 146 165 146 165 147 159 147 157 147 155 147 153 147
670 5 153 145 172 145 172 146 165 146 153 146
671 7 150 145 153 145 153 146 153 147 153 354 152 354 150 354
672 11 131 145 132 145 134 145 135 145 143 145 144 145 145 145 150 145 150 354 150 480 131 480
673 8 145 142 149 142 172 142 172 144 172 145 153 145 150 145 145 145
674 10 149 141 154 141 156 141 187 141 361 141 361 142 303 142 182 142 172 142 149 142
675 5 187 138 262 138 361 138 361 141 187 141
676 5 262 136 519 136 519 138 361 138 262 138
677 4 187 136 262 136 262 138 187 138
678 5 187 134 519 134 519 136 262 136 187 136
679 4 187 133 519 133 519 134 187 134
680 7 156 133 187 133 187 134 187 136 187 138 187 141 156 141
681 6 156 132 158 132 519 132 519 133 187 133 156 133
682 5 154 132 156 132 156 133 156 141 154 141
683 5 149 132 154 132 154 141 149 141 149 135
684 6 158 128 161 128 177 128 519 128 519 132 158 132
685 6 177 113 394 113 519 113 519 128 177 128 177 117
686 7 161 117 173 117 177 117 177 128 161 128 161 123 161 122
687 4 158 123 161 123 161 128 158 128
688 10 149 123 158 123 158 128 158 132 156 132 154 132 149 132 149 130 149 129 149 127
689 6 145 135 146 135 149 135 149 141 149 142 145 142
690 5 146 130 149 130 149 132 149 135 146 135
691 4 145 130 146 130 146 135 145 135
692 6 144 130 145 130 145 135 145 142 145 145 144 145
693 6 143 130 144 130 144 145 143 145 143 140 143 139
694 7 143 129 149 129 149 130 146 130 145 130 144 130 143 130
695 6 135 140 139 140 142 140 143 140 143 145 135 145
696 4 142 139 143 139 143 140 142 140
697 4 139 139 142 139 142 140 139 140
698 6 135 139 136 139 137 139 139 139 139 140 135 140
699 7 137 129 143 129 143 130 143 139 142 139 139 139 137 139
700 6 137 127 141 127 149 127 149 129 143 129 137 129
701 6 136 127 137 127 137 129 137 139 136 139 136 137
702 4 135 137 136 137 136 139 135 139
703 6 134 137 135 137 135 139 135 140 135 145 134 145
704 4 132 137 134 137 134 145 132 145
705 6 132 127 136 127 136 137 135 137 134 137 132 137
706 6 141 123 149 123 149 127 141 127 141 125 141 124
707 7 132 125 140 125 141 125 141 127 137 127 136 127 132 127
708 6 131 125 132 125 132 127 132 137 132 145 131 145
709 4 140 124 141 124 141 125 140 125
710 5 131 124 140 124 140 125 132 125 131 125
711 8 125 124 126 124 127 124 131 124 131 125 131 145 131 480 125 480
712 6 127 123 141 123 141 124 140 124 131 124 127 124
713 8 127 122 129 122 161 122 161 123 158 123 149 123 141 123 127 123
714 7 129 117 130 117 133 117 138 117 161 117 161 122 129 122
715 4 173 113 177 113 177 117 173 117
716 5 394 93 519 93 519 113 394 113 394 107
717 5 173 107 394 107 394 113 177 113 173 113
718 8 138 107 147 107 151 107 173 107 173 113 173 117 161 117 138 117
719 7 151 93 394 93 394 107 173 107 151 107 151 106 151 97
720 4 147 106 151 106 151 107 147 107
721 4 138 106 147 106 147 107 138 107
722 5 133 106 138 106 138 107 138 117 133 117
723 10 133 97 151 97 151 106 147 106 138 106 133 106 133 105 133 104 133 101 133 98
724 7 130 105 133 105 133 106 133 117 130 117 130 111 130 109
725 4 130 104 133 104 133 105 130 105
726 4 129 111 130 111 130 117 129 117
727 5 127 111 129 111 129 117 129 122 127 122
728 8 126 111 127 111 127 122 127 123 127 124 126 124 126 121 126 115
729 7 126 109 128 109 130 109 130 111 129 111 127 111 126 111
730 5 128 104 130 104 130 105 130 109 128 109
731 5 128 101 133 101 133 104 130 104 128 104
732 5 126 101 128 101 128 104 128 109 126 109
733 4 125 121 126 121 126 124 125 124
734 7 124 121 125 121 125 124 125 480 124 480 124 158 124 143
735 5 124 115 126 115 126 121 125 121 124 121
736 4 122 158 124 158 124 480 122 480
737 4 120 158 122 158 122 480 120 480
738 5 117 158 120 158 120 480 117 480 117 317
739 7 111 317 113 317 115 317 116 317 117 317 117 480 111 480
740 5 116 158 117 158 117 317 116 317 116 268
741 7 116 143 124 143 124 158 122 158 120 158 117 158 116 158
742 7 116 115 118 115 121 115 124 115 124 121 124 143 116 143
743 7 121 101 126 101 126 109 126 111 126 115 124 115 121 115
744 5 118 101 119 101 121 101 121 115 118 115
745 8 119 98 123 98 133 98 133 101 128 101 126 101 121 101 119 101
746 4 118 98 119 98 119 101 118 101
747 6 116 98 118 98 118 101 118 115 116 115 116 114
748 4 115 268 116 268 116 317 115 317
749 11 115 114 116 114 116 115 116 143 116 158 116 268 115 268 115 251 115 120 115 119 115 118
750 6 113 251 114 251 115 251 115 268 115 317 113 317
751 4 114 120 115 120 115 251 114 251
752 4 114 119 115 119 115 120 114 120
753 5 113 119 114 119 114 120 114 251 113 251
754 5 111 119 113 119 113 251 113 317 111 317
755 6 110 119 111 119 111 317 111 480 110 480 110 220
756 7 95 220 97 220 99 220 100 220 110 220 110 480 95 480
757 9 100 119 102 119 104 119 107 119 108 119 109 119 110 119 110 220 100 220
758 8 109 118 115 118 115 119 114 119 113 119 111 119 110 119 109 119
759 4 109 114 115 114 115 118 109 118
760 5 108 114 109 114 109 118 109 119 108 119
761 7 108 98 112 98 116 98 116 114 115 114 109 114 108 114
762 4 123 97 133 97 133 98 123 98
763 7 123 93 151 93 151 97 133 97 123 97 123 95 123 94
764 6 123 90 519 90 519 93 394 93 151 93 123 93
765 7 123 86 519 86 519 90 123 90 123 89 123 88 123 87
766 8 112 95 123 95 123 97 123 98 119 98 118 98 116 98 112 98
767 4 108 95 112 95 112 98 108 98
768 7 107 95 108 95 108 98 108 114 108 119 107 119 107 103
769 6 107 94 123 94 123 95 112 95 108 95 107 95
770 7 107 89 123 89 123 90 123 93 123 94 107 94 107 91
771 6 104 103 105 103 106 103 107 103 107 119 104 119
772 4 102 103 104 103 104 119 102 119
773 7 106 91 107 91 107 94 107 95 107 103 106 103 106 92
774 4 106 89 107 89 107 91 106 91
775 5 106 88 123 88 123 89 107 89 106 89
776 4 106 87 123 87 123 88 106 88
777 6 105 92 106 92 106 103 105 103 105 102 105 99
778 5 102 102 105 102 105 103 104 103 102 103
779 4 102 99 105 99 105 102 102 102
780 6 100 99 102 99 102 102 102 103 102 119 100 119
781 5 99 99 100 99 100 119 100 220 99 220
782 6 99 92 105 92 105 99 102 99 100 99 99 99
783 5 97 92 99 92 99 99 99 220 97 220
784 9 97 87 106 87 106 88 106 89 106 91 106 92 105 92 99 92 97 92
785 5 95 87 97 87 97 92 97 220 95 220
786 6 95 86 123 86 123 87 106 87 97 87 95 87
787 6 94 86 95 86 95 87 95 220 95 480 94 480
788 7 94 73 98 73 519 73 519 86 123 86 95 86 94 86
789 8 93 73 94 73 94 86 94 480 93 480 93 96 93 76 93 74
790 5 90 96 93 96 93 480 90 480 90 148
791 5 89 148 90 148 90 480 89 480 89 379
792 4 87 379 89 379 89 480 87 480
793 5 87 148 88 148 89 148 89 379 87 379
794 5 86 148 87 148 87 379 87 480 86 480
795 4 85 148 86 148 86 480 85 480
796 5 88 96 90 96 90 148 89 148 88 148
797 5 88 76 93 76 93 96 90 96 88 96
798 7 85 76 88 76 88 96 88 148 87 148 86 148 85 148
799 11 84 76 85 76 85 148 85 480 84 480 84 149 84 112 84 110 84 84 84 80 84 78
800 5 82 149 84 149 84 480 82 480 82 231
801 5 78 231 79 231 82 231 82 480 78 480
802 4 64 231 78 231 78 480 64 480
803 5 79 149 82 149 82 231 79 231 79 171
804 6 79 112 84 112 84 149 82 149 79 149 79 131
805 8 64 171 66 171 72 171 77 171 79 171 79 231 78 231 64 231
806 6 77 131 79 131 79 149 79 171 77 171 77 154
807 4 77 112 79 112 79 131 77 131
808 5 77 110 84 110 84 112 79 112 77 112
809 6 72 154 75 154 76 154 77 154 77 171 72 171
810 6 76 110 77 110 77 112 77 131 77 154 76 154
811 4 75 110 76 110 76 154 75 154
812 7 75 84 84 84 84 110 77 110 76 110 75 110 75 85
813 7 72 85 73 85 75 85 75 110 75 154 72 154 72 100
814 5 66 100 72 100 72 154 72 171 66 171
815 5 66 85 67 85 72 85 72 100 66 100
816 5 73 84 74 84 75 84 75 85 73 85
817 6 67 84 71 84 73 84 73 85 72 85 67 85
818 4 66 84 67 84 67 85 66 85
819 7 74 80 80 80 84 80 84 84 75 84 74 84 74 83
820 4 80 78 84 78 84 80 80 80
821 4 74 78 80 78 80 80 74 80
822 5 71 83 74 83 74 84 73 84 71 84
823 7 71 78 74 78 74 80 74 83 71 83 71 82 71 79
824 6 66 82 71 82 71 83 71 84 67 84 66 84
825 7 64 82 66 82 66 84 66 85 66 100 66 171 64 171
826 6 63 82 64 82 64 171 64 231 64 480 63 480
827 4 62 82 63 82 63 480 62 480
828 5 57 82 59 82 62 82 62 480 57 480
829 11 59 79 60 79 61 79 69 79 71 79 71 82 66 82 64 82 63 82 62 82 59 82
830 4 69 78 71 78 71 79 69 79
831 8 69 76 84 76 84 78 80 78 74 78 71 78 69 78 69 77
832 8 69 74 93 74 93 76 88 76 85 76 84 76 69 76 69 75
833 5 61 77 69 77 69 78 69 79 61 79
834 6 61 75 65 75 69 75 69 76 69 77 61 77
835 4 65 74 69 74 69 75 65 75
836 5 65 73 93 73 93 74 69 74 65 74
837 4 98 72 519 72 519 73 98 73
838 4 98 71 519 71 519 72 98 72
839 5 98 70 224 70 519 70 519 71 98 71
840 4 224 69 519 69 519 70 224 70
841 5 98 69 103 69 224 69 224 70 98 70
842 7 103 68 248 68 371 68 519 68 519 69 224 69 103 69
843 4 371 67 519 67 519 68 371 68
844 4 371 66 519 66 519 67 371 67
845 5 248 66 371 66 371 67 371 68 248 68
846 4 103 66 248 66 248 68 103 68
847 6 103 65 519 65 519 66 371 66 248 66 103 66
848 5 103 62 511 62 519 62 519 65 103 65
849 6 511 57 519 57 519 62 511 62 511 59 511 58
850 4 103 59 511 59 511 62 103 62
851 8 98 59 103 59 103 62 103 65 103 66 103 68 103 69 98 69
852 10 65 59 98 59 98 69 98 70 98 71 98 72 98 73 94 73 93 73 65 73
853 6 65 58 511 58 511 59 103 59 98 59 65 59
854 7 61 58 65 58 65 59 65 73 65 74 65 75 61 75
855 5 61 57 511 57 511 58 65 58 61 58
856 7 60 57 61 57 61 58 61 75 61 77 61 79 60 79
857 10 60 50 519 50 519 57 511 57 61 57 60 57 60 54 60 53 60 52 60 51
858 7 59 54 60 54 60 57 60 79 59 79 59 60 59 55
859 6 57 60 58 60 59 60 59 79 59 82 57 82
860 5 56 60 57 60 57 82 57 480 56 480
861 5 58 55 59 55 59 60 58 60 58 56
862 5 56 56 58 56 58 60 57 60 56 60
863 5 55 56 56 56 56 60 56 480 55 480
864 4 54 56 55 56 55 480 54 480
865 6 54 55 58 55 58 56 56 56 55 56 54 56
866 7 44 55 45 55 53 55 54 55 54 56 54 480 44 480
867 6 53 54 59 54 59 55 58 55 54 55 53 55
868 5 53 53 60 53 60 54 59 54 53 54
869 5 45 53 53 53 53 54 53 55 45 55
870 8 45 52 46 52 48 52 50 52 60 52 60 53 53 53 45 53
871 5 50 51 52 51 60 51 60 52 50 52
872 4 52 50 60 50 60 51 52 51
873 5 52 49 519 49 519 50 60 50 52 50
874 5 50 49 52 49 52 50 52 51 50 51
875 8 50 48 51 48 68 48 335 48 519 48 519 49 52 49 50 49
876 6 48 48 50 48 50 49 50 51 50 52 48 52
877 4 335 46 519 46 519 48 335 48
878 4 68 46 335 46 335 48 68 48
879 6 68 43 276 43 519 43 519 46 335 46 68 46
880 4 276 42 519 42 519 43 276 43
881 4 276 41 519 41 519 42 276 42
882 6 68 41 83 41 276 41 276 42 276 43 68 43
883 5 83 40 519 40 519 41 276 41 83 41
884 5 83 39 148 39 519 39 519 40 83 40
885 4 148 37 519 37 519 39 148 39
886 5 148 36 381 36 519 36 519 37 148 37
887 4 381 34 519 34 519 36 381 36
888 5 381 32 519 32 519 34 381 34 381 33
889 4 381 31 519 31 519 32 381 32
890 6 148 33 184 33 381 33 381 34 381 36 148 36
891 6 83 33 148 33 148 36 148 37 148 39 83 39
892 5 184 31 381 31 381 32 381 33 184 33
893 5 184 28 519 28 519 31 381 31 184 31
894 5 184 27 385 27 519 27 519 28 184 28
895 7 83 27 184 27 184 28 184 31 184 33 148 33 83 33
896 6 385 9 519 9 519 27 385 27 385 14 385 11
897 9 83 14 385 14 385 27 184 27 83 27 83 23 83 22 83 21 83 15
898 10 68 23 70 23 81 23 83 23 83 27 83 33 83 39 83 40 83 41 68 41
899 10 51 23 68 23 68 41 68 43 68 46 68 48 51 48 51 29 51 26 51 25
900 7 48 29 49 29 51 29 51 48 50 48 48 48 48 35
901 4 49 26 51 26 51 29 49 29
902 4 48 26 49 26 49 29 48 29
903 6 46 35 47 35 48 35 48 48 48 52 46 52
904 5 47 26 48 26 48 29 48 35 47 35
905 6 47 25 51 25 51 26 49 26 48 26 47 26
906 5 47 23 51 23 51 25 47 25 47 24
907 4 81 22 83 22 83 23 81 23
908 4 81 21 83 21 83 22 81 22
909 5 70 21 81 21 81 22 81 23 70 23
910 9 70 15 83 15 83 21 81 21 70 21 70 20 70 18 70 17 70 16
911 7 47 20 70 20 70 21 70 23 68 23 51 23 47 23
912 6 46 24 47 24 47 25 47 26 47 35 46 35
913 6 45 24 46 24 46 35 46 52 45 52 45 30
914 6 44 30 45 30 45 52 45 53 45 55 44 55
915 6 43 30 44 30 44 55 44 480 43 480 43 61
916 4 42 61 43 61 43 480 42 480
917 4 41 61 42 61 42 480 41 480
918 7 40 61 41 61 41 480 40 480 40 432 40 108 40 64
919 8 35 432 36 432 37 432 38 432 39 432 40 432 40 480 35 480
920 4 34 432 35 432 35 480 34 480
921 4 39 108 40 108 40 432 39 432
922 4 38 108 39 108 39 432 38 432
923 4 37 108 38 108 38 432 37 432
924 4 36 108 37 108 37 432 36 432
925 6 34 108 36 108 36 432 35 432 34 432 34 116
926 6 33 116 34 116 34 432 34 480 33 480 33 126
927 4 32 126 33 126 33 480 32 480
928 6 26 126 27 126 32 126 32 480 26 480 26 257
929 6 27 116 28 116 33 116 33 126 32 126 27 126
930 6 28 108 30 108 34 108 34 116 33 116 28 116
931 10 30 64 40 64 40 108 39 108 38 108 37 108 36 108 34 108 30 108 30 81
932 5 30 61 31 61 40 61 40 64 30 64
933 7 31 30 43 30 43 61 42 61 41 61 40 61 31 61
934 5 30 30 31 30 31 61 30 61 30 45
935 4 28 81 30 81 30 108 28 108
936 6 28 45 30 45 30 61 30 64 30 81 28 81
937 8 27 45 28 45 28 81 28 108 28 116 27 116 27 63 27 47
938 5 26 63 27 63 27 116 27 126 26 126
939 4 25 257 26 257 26 480 25 480
940 5 25 63 26 63 26 126 26 257 25 257
941 5 24 63 25 63 25 257 25 480 24 480
942 6 24 47 27 47 27 63 26 63 25 63 24 63
943 5 22 47 24 47 24 63 24 480 22 480
944 5 22 45 27 45 27 47 24 47 22 47
945 5 20 45 22 45 22 47 22 480 20 480
946 4 18 45 20 45 20 480 18 480
947 10 9 45 10 45 11 45 12 45 13 45 16 45 17 45 18 45 18 480 9 480
948 9 17 30 30 30 30 45 28 45 27 45 22 45 20 45 18 45 17 45
949 9 17 24 23 24 45 24 45 30 44 30 43 30 31 30 30 30 17 30
950 7 23 20 47 20 47 23 47 24 46 24 45 24 23 24
951 6 23 18 70 18 70 20 47 20 23 20 23 19
952 5 17 19 23 19 23 20 23 24 17 24
953 6 16 19 17 19 17 24 17 30 17 45 16 45
954 5 13 19 16 19 16 45 13 45 13 38
955 6 13 18 23 18 23 19 17 19 16 19 13 19
956 4 12 38 13 38 13 45 12 45
957 5 12 18 13 18 13 19 13 38 12 38
958 5 11 18 12 18 12 38 12 45 11 45
959 7 11 17 70 17 70 18 23 18 13 18 12 18 11 18
960 6 10 17 11 17 11 18 11 45 10 45 10 44
961 5 10 16 70 16 70 17 11 17 10 17
962 6 10 15 14 15 19 15 70 15 70 16 10 16
963 4 9 44 10 44 10 45 9 45
964 6 9 15 10 15 10 16 10 17 10 44 9 44
965 6 8 15 9 15 9 44 9 45 9 480 8 480
966 6 19 14 29 14 83 14 83 15 70 15 19 15
967 7 29 11 385 11 385 14 83 14 29 14 29 13 29 12
968 4 19 13 29 13 29 14 19 14
969 5 14 13 19 13 19 14 19 15 14 15
970 6 8 13 14 13 14 15 10 15 9 15 8 15
971 5 7 13 8 13 8 15 8 480 7 480
972 9 7 12 15 12 21 12 29 12 29 13 19 13 14 13 8 13 7 13
973 6 5 12 6 12 7 12 7 13 7 480 5 480
974 5 3 12 4 12 5 12 5 480 3 480
975 4 21 11 29 11 29 12 21 12
976 8 21 9 263 9 310 9 385 9 385 11 29 11 21 11 21 10
977 6 310 5 519 5 519 9 385 9 310 9 310 8
978 4 263 8 310 8 310 9 263 9
979 5 21 8 185 8 263 8 263 9 21 9
980 6 185 5 310 5 310 8 263 8 185 8 185 6
981 9 185 0 519 0 519 5 310 5 185 5 185 4 185 3 185 2 185 1
982 7 21 6 91 6 92 6 185 6 185 8 21 8 21 7
983 5 15 10 21 10 21 11 21 12 15 12
984 5 6 10 15 10 15 12 7 12 6 12
985 7 6 7 21 7 21 8 21 9 21 10 15 10 6 10
986 6 4 7 6 7 6 10 6 12 5 12 4 12
987 5 4 6 21 6 21 7 6 7 4 7
988 5 3 6 4 6 4 7 4 12 3 12
989 5 2 6 3 6 3 12 3 480 2 480
990 7 92 4 96 4 101 4 185 4 185 5 185 6 92 6
991 4 101 3 185 3 185 4 101 4
992 4 96 3 101 3 101 4 96 4
993 5 96 2 185 2 185 3 101 3 96 3
994 5 92 2 96 2 96 3 96 4 92 4
995 5 91 2 92 2 92 4 92 6 91 6
996 6 91 1 185 1 185 2 96 2 92 2 91 2
997 4 91 0 185 0 185 1 91 1
998 9 2 0 91 0 91 1 91 2 91 6 21 6 4 6 3 6 2 6
999 5 1 0 2 0 2 6 2 480 1 480
1000 4 0 0 1 0 1 480 0 480
1000
1 112 479 0 480 0 480 521 479 521 479 520 479 517 479 504 479 502 479 490 479 485 479 484 479 483 479 482 479 480 479 479 479 478 479 456 479 452 479 451 479 450 479 449 479 448 479 443 479 441 479 440 479 437 479 432 479 430 479 429 479 428 479 427 479 402 479 401 479 396 479 394 479 388 479 381 479 380 479 378 479 370 479 347 479 346 479 345 479 342 479 341 479 330 479 329 479 328 479 327 479 325 479 322 479 318 479 313 479 312 479 308 479 255 479 253 479 252 479 251 479 250 479 246 479 245 479 244 479 243 479 241 479 236 479 235 479 234 479 233 479 224 479 223 479 222 479 220 479 219 479 218 479 209 479 207 479 197 479 195 479 193 479 190 479 160 479 151 479 150 479 148 479 145 479 144 479 142 479 117 479 90 479 89 479 87 479 86 479 85 479 84 479 83 479 81 479 80 479 79 479 38 479 36 479 31 479 16 479 15 479 14 479 7 479 6 479 5 479 4 479 3 479 2 479 1
2 88 0 520 7 520 11 520 13 520 14 520 64 520 66 520 68 520 69 520 70 520 90 520 93 520 95 520 97 520 99 520 102 520 126 520 142 520 143 520 147 520 148 520 150 520 151 520 152 520 153 520 156 520 157 520 159 520 160 520 161 520 162 520 163 520 164 520 165 520 166 520 168 520 198 520 201 520 205 520 213 520 217 520 225 520 229 520 236 520 243 520 244 520 247 520 248 520 250 520 271 520 272 520 274 520 275 520 276 520 277 520 281 520 282 520 301 520 302 520 305 520 306 520 307 520 308 520 309 520 310 520 311 520 344 520 345 520 351 520 353 520 354 520 356 520 357 520 360 520 362 520 363 520 364 520 367 520 368 520 374 520 459 520 461 520 473 520 474 520 478 520 479 520 479 521 0 521
3 4 478 517 479 517 479 520 478 520
4 8 478 504 479 504 479 517 478 517 478 515 478 514 478 512 478 511
5 8 474 515 476 515 478 515 478 517 478 520 474 520 474 519 474 516
6 4 473 519 474 519 474 520 473 520
7 4 461 519 473 519 473 520 461 520
8 8 461 516 462 516 463 516 474 516 474 519 473 519 461 519 461 518
9 5 463 515 472 515 474 515 474 516 463 516
10 4 476 514 478 514 478 515 476 515
11 4 476 512 478 512 478 514 476 514
12 4 476 511 478 511 478 512 476 512
13 8 472 511 476 511 476 512 476 514 476 515 474 515 472 515 472 513
14 6 472 504 478 504 478 511 476 511 472 511 472 505
15 6 463 513 468 513 471 513 472 513 472 515 463 515
16 6 471 505 472 505 472 511 472 513 471 513 471 509
17 6 468 509 469 509 471 509 471 513 468 513 468 510
18 5 463 510 466 510 468 510 468 513 463 513
19 4 466 509 468 509 468 510 466 510
20 6 469 505 471 505 471 509 469 509 469 508 469 506
21 6 466 508 467 508 469 508 469 509 468 509 466 509
22 4 467 506 469 506 469 508 467 508
23 4 466 506 467 506 467 508 466 508
24 7 463 506 465 506 466 506 466 508 466 509 466 510 463 510
25 7 462 506 463 506 463 510 463 513 463 515 463 516 462 516
26 6 465 505 469 505 469 506 467 506 466 506 465 506
27 6 465 504 472 504 472 505 471 505 469 505 465 505
28 6 465 502 479 502 479 504 478 504 472 504 465 504
29 4 465 490 479 490 479 502 465 502
30 9 462 490 465 490 465 502 465 504 465 505 465 506 463 506 462 506 462 491
31 8 461 491 462 491 462 506 462 516 461 516 461 500 461 498 461 495
32 6 459 518 460 518 461 518 461 519 461 520 459 520
33 6 460 500 461 500 461 516 461 518 460 518 460 503
34 4 459 503 460 503 460 518 459 518
35 14 374 503 375 503 376 503 378 503 426 503 427 503 431 503 432 503 433 503 458 503 459 503 459 518 459 520 374 520
36 5 458 500 460 500 460 503 459 503 458 503
37 9 433 500 446 500 449 500 450 500 454 500 457 500 458 500 458 503 433 503
38 7 457 498 461 498 461 500 460 500 458 500 457 500 457 499
39 4 457 495 461 495 461 498 457 498
40 4 454 499 457 499 457 500 454 500
41 5 454 495 457 495 457 498 457 499 454 499
42 6 454 491 461 491 461 495 457 495 454 495 454 493
43 7 450 493 452 493 454 493 454 495 454 499 454 500 450 500
44 6 449 493 450 493 450 500 449 500 449 497 449 494
45 5 446 497 448 497 449 497 449 500 446 500
46 5 448 494 449 494 449 497 448 497 448 496
47 4 448 493 449 493 449 494 448 494
48 4 452 491 454 491 454 493 452 493
49 6 452 490 462 490 462 491 461 491 454 491 452 491
50 8 452 485 479 485 479 490 465 490 462 490 452 490 452 488 452 486
51 10 448 488 452 488 452 490 452 491 452 493 450 493 449 493 448 493 448 492 448 489
52 4 446 496 448 496 448 497 446 497
53 6 433 496 439 496 446 496 446 497 446 500 433 500
54 8 439 492 440 492 448 492 448 493 448 494 448 496 446 496 439 496
55 5 440 489 442 489 448 489 448 492 440 492
56 4 442 488 448 488 448 489 442 489
57 5 442 486 452 486 452 488 448 488 442 488
58 4 442 485 452 485 452 486 442 486
59 6 442 484 456 484 479 484 479 485 452 485 442 485
60 7 440 484 442 484 442 485 442 486 442 488 442 489 440 489
61 5 439 484 440 484 440 489 440 492 439 492
62 4 456 483 479 483 479 484 456 484
63 4 456 482 479 482 479 483 456 483
64 4 456 480 479 480 479 482 456 482
65 9 439 480 456 480 456 482 456 483 456 484 442 484 440 484 439 484 439 481
66 8 433 481 437 481 438 481 439 481 439 484 439 492 439 496 433 496
67 4 438 480 439 480 439 481 438 481
68 6 438 479 479 479 479 480 456 480 439 480 438 480
69 5 437 479 438 479 438 480 438 481 437 481
70 7 437 478 447 478 453 478 479 478 479 479 438 479 437 479
71 12 453 456 479 456 479 478 453 478 453 476 453 471 453 470 453 468 453 466 453 463 453 462 453 458
72 4 447 476 453 476 453 478 447 478
73 8 447 471 453 471 453 476 447 476 447 475 447 474 447 473 447 472
74 6 437 475 444 475 447 475 447 476 447 478 437 478
75 7 433 475 435 475 437 475 437 478 437 479 437 481 433 481
76 7 432 475 433 475 433 481 433 496 433 500 433 503 432 503
77 4 444 474 447 474 447 475 444 475
78 5 435 474 444 474 444 475 437 475 435 475
79 5 435 473 447 473 447 474 444 474 435 474
80 4 435 472 447 472 447 473 435 473
81 7 432 472 435 472 435 473 435 474 435 475 433 475 432 475
82 5 431 472 432 472 432 475 432 503 431 503
83 4 427 472 431 472 431 503 427 503
84 8 427 471 428 471 447 471 447 472 435 472 432 472 431 472 427 472
85 6 426 471 427 471 427 472 427 503 426 503 426 501
86 7 428 470 436 470 445 470 453 470 453 471 447 471 428 471
87 4 445 468 453 468 453 470 445 470
88 4 445 466 453 466 453 468 445 468
89 5 445 463 453 463 453 466 445 466 445 465
90 6 436 465 445 465 445 466 445 468 445 470 436 470
91 4 428 465 436 465 436 470 428 470
92 6 428 463 445 463 445 465 436 465 428 465 428 464
93 7 426 464 428 464 428 465 428 470 428 471 427 471 426 471
94 9 378 501 379 501 380 501 388 501 398 501 399 501 426 501 426 503 378 503
95 8 399 464 402 464 417 464 424 464 426 464 426 471 426 501 399 501
96 5 424 463 428 463 428 464 426 464 424 464
97 6 424 462 453 462 453 463 445 463 428 463 424 463
98 5 424 458 453 458 453 462 424 462 424 460
99 7 417 460 424 460 424 462 424 463 424 464 417 464 417 461
100 5 402 461 410 461 417 461 417 464 402 464
101 4 410 460 417 460 417 461 410 461
102 4 402 460 410 460 410 461 402 461
103 9 402 458 404 458 405 458 406 458 424 458 424 460 417 460 410 460 402 460
104 6 406 456 441 456 453 456 453 458 424 458 406 458
105 6 441 452 479 452 479 456 453 456 441 456 441 455
106 4 406 455 441 455 441 456 406 456
107 5 406 452 415 452 441 452 441 455 406 455
108 5 415 451 479 451 479 452 441 452 415 452
109 4 415 450 479 450 479 451 415 451
110 7 415 449 418 449 421 449 455 449 479 449 479 450 415 450
111 4 455 448 479 448 479 449 455 449
112 7 455 443 479 443 479 448 455 448 455 446 455 445 455 444
113 6 421 446 422 446 455 446 455 448 455 449 421 449
114 4 422 445 455 445 455 446 422 446
115 5 422 444 425 444 455 444 455 445 422 445
116 5 425 443 430 443 455 443 455 444 425 444
117 6 430 441 479 441 479 443 455 443 430 443 430 442
118 4 425 442 430 442 430 443 425 443
119 4 425 441 430 441 430 442 425 442
120 6 425 440 429 440 479 440 479 441 430 441 425 441
121 5 429 437 479 437 479 440 429 440 429 439
122 4 425 439 429 439 429 440 425 440
123 4 425 437 429 437 429 439 425 439
124 9 422 437 425 437 425 439 425 440 425 441 425 442 425 443 425 444 422 444
125 7 422 432 479 432 479 437 429 437 425 437 422 437 422 434
126 5 422 430 464 430 479 430 479 432 422 432
127 8 421 434 422 434 422 437 422 444 422 445 422 446 421 446 421 436
128 5 421 430 422 430 422 432 422 434 421 434
129 4 464 429 479 429 479 430 464 430
130 5 464 428 475 428 479 428 479 429 464 429
131 6 421 428 464 428 464 429 464 430 422 430 421 430
132 4 475 427 479 427 479 428 475 428
133 5 421 427 475 427 475 428 464 428 421 428
134 10 421 402 479 402 479 427 475 427 421 427 421 426 421 421 421 411 421 404 421 403
135 6 418 436 420 436 421 436 421 446 421 449 418 449
136 9 420 426 421 426 421 427 421 428 421 430 421 434 421 436 420 436 420 433
137 5 418 433 419 433 420 433 420 436 418 436
138 5 415 433 418 433 418 436 418 449 415 449
139 4 419 426 420 426 420 433 419 433
140 6 419 421 421 421 421 426 420 426 419 426 419 424
141 6 415 424 419 424 419 426 419 433 418 433 415 433
142 9 406 424 411 424 415 424 415 433 415 449 415 450 415 451 415 452 406 452
143 6 411 421 412 421 419 421 419 424 415 424 411 424
144 6 412 411 421 411 421 421 419 421 412 421 412 414
145 6 411 414 412 414 412 421 411 421 411 416 411 415
146 5 411 411 412 411 412 414 411 414 411 412
147 8 411 404 421 404 421 411 412 411 411 411 411 407 411 406 411 405
148 6 406 416 411 416 411 421 411 424 406 424 406 419
149 8 405 419 406 419 406 424 406 452 406 455 406 456 406 458 405 458
150 5 404 419 405 419 405 458 404 458 404 438
151 5 402 438 403 438 404 438 404 458 402 458
152 8 399 438 400 438 402 438 402 458 402 460 402 461 402 464 399 464
153 5 403 419 404 419 404 438 403 438 403 425
154 6 403 416 406 416 406 419 405 419 404 419 403 419
155 7 403 415 408 415 409 415 411 415 411 416 406 416 403 416
156 5 400 425 403 425 403 438 402 438 400 438
157 6 400 415 403 415 403 416 403 419 403 425 400 425
158 5 409 412 411 412 411 414 411 415 409 415
159 4 408 412 409 412 409 415 408 415
160 5 400 412 408 412 408 415 403 415 400 415
161 7 400 407 411 407 411 411 411 412 409 412 408 412 400 412
162 7 399 407 400 407 400 412 400 415 400 425 400 438 399 438
163 6 398 407 399 407 399 438 399 464 399 501 398 501
164 6 398 406 411 406 411 407 400 407 399 407 398 407
165 7 388 406 398 406 398 407 398 501 388 501 388 487 388 409
166 7 388 405 389 405 390 405 411 405 411 406 398 406 388 406
167 8 390 404 392 404 393 404 395 404 407 404 411 404 411 405 390 405
168 5 407 403 421 403 421 404 411 404 407 404
169 5 395 403 396 403 407 403 407 404 395 404
170 5 396 402 421 402 421 403 407 403 396 403
171 6 396 401 413 401 479 401 479 402 421 402 396 402
172 5 413 396 479 396 479 401 413 401 413 400
173 6 396 400 397 400 401 400 413 400 413 401 396 401
174 4 401 396 413 396 413 400 401 400
175 5 401 394 479 394 479 396 413 396 401 396
176 6 401 388 416 388 479 388 479 394 401 394 401 389
177 7 397 389 401 389 401 394 401 396 401 400 397 400 397 390
178 4 396 390 397 390 397 400 396 400
179 8 395 390 396 390 396 400 396 401 396 402 396 403 395 403 395 395
180 5 395 389 397 389 397 390 396 390 395 390
181 5 395 388 401 388 401 389 397 389 395 389
182 5 393 395 395 395 395 403 395 404 393 404
183 7 393 388 395 388 395 389 395 390 395 395 393 395 393 393
184 8 416 381 479 381 479 388 416 388 416 385 416 384 416 383 416 382
185 7 393 385 416 385 416 388 401 388 395 388 393 388 393 387
186 4 393 384 416 384 416 385 393 385
187 5 392 393 393 393 393 395 393 404 392 404
188 5 390 393 391 393 392 393 392 404 390 404
189 6 391 387 393 387 393 388 393 393 392 393 391 393
190 4 390 387 391 387 391 393 390 393
191 6 390 384 393 384 393 385 393 387 391 387 390 387
192 9 389 384 390 384 390 387 390 393 390 404 390 405 389 405 389 391 389 386
193 6 389 383 416 383 416 384 393 384 390 384 389 384
194 5 389 382 414 382 416 382 416 383 389 383
195 4 388 391 389 391 389 405 388 405
196 7 380 487 382 487 386 487 387 487 388 487 388 501 380 501
197 4 387 409 388 409 388 487 387 487
198 4 386 409 387 409 387 487 386 487
199 6 382 409 384 409 386 409 386 487 382 487 382 453
200 9 384 391 388 391 388 405 388 406 388 409 387 409 386 409 384 409 384 399
201 4 382 399 384 399 384 409 382 409
202 4 382 391 384 391 384 399 382 399
203 6 382 386 389 386 389 391 388 391 384 391 382 391
204 6 380 453 381 453 382 453 382 487 380 487 380 457
205 7 381 386 382 386 382 391 382 399 382 409 382 453 381 453
206 5 380 386 381 386 381 453 380 453 380 418
207 5 379 457 380 457 380 487 380 501 379 501
208 4 378 457 379 457 379 501 378 501
209 7 378 418 380 418 380 453 380 457 379 457 378 457 378 423
210 7 376 423 377 423 378 423 378 457 378 501 378 503 376 503
211 4 377 418 378 418 378 423 377 423
212 6 377 386 380 386 380 418 378 418 377 418 377 408
213 10 377 382 383 382 389 382 389 383 389 384 389 386 382 386 381 386 380 386 377 386
214 4 414 381 416 381 416 382 414 382
215 6 414 380 470 380 479 380 479 381 416 381 414 381
216 6 383 380 414 380 414 381 414 382 389 382 383 382
217 4 470 378 479 378 479 380 470 380
218 4 470 370 479 370 479 378 470 378
219 5 470 347 479 347 479 370 470 370 470 348
220 11 383 348 470 348 470 370 470 378 470 380 414 380 383 380 383 359 383 354 383 352 383 349
221 5 377 359 383 359 383 380 383 382 377 382
222 5 376 408 377 408 377 418 377 423 376 423
223 8 376 359 377 359 377 382 377 386 377 408 376 408 376 365 376 362
224 7 375 365 376 365 376 408 376 423 376 503 375 503 375 477
225 4 374 477 375 477 375 503 374 503
226 7 368 477 369 477 372 477 374 477 374 503 374 520 368 520
227 6 372 365 375 365 375 477 374 477 372 477 372 372
228 6 369 372 371 372 372 372 372 477 369 477 369 375
229 4 371 365 372 365 372 372 371 372
230 5 369 365 371 365 371 372 369 372 369 366
231 6 368 375 369 375 369 477 368 477 368 398 368 377
232 6 367 398 368 398 368 477 368 520 367 520 367 431
233 4 364 431 367 431 367 520 364 520
234 5 364 398 365 398 367 398 367 431 364 431
235 6 365 377 366 377 368 377 368 398 367 398 365 398
236 4 366 375 368 375 368 377 366 377
237 4 365 375 366 375 366 377 365 377
238 11 365 366 369 366 369 372 369 375 368 375 366 375 365 375 365 371 365 369 365 368 365 367
239 6 364 371 365 371 365 375 365 377 365 398 364 398
240 6 363 371 364 371 364 398 364 431 364 520 363 520
241 5 362 371 363 371 363 520 362 520 362 507
242 4 360 507 362 507 362 520 360 520
243 4 357 507 360 507 360 520 357 520
244 4 356 507 357 507 357 520 356 520
245 4 354 507 356 507 356 520 354 520
246 4 353 507 354 507 354 520 353 520
247 8 353 371 362 371 362 507 360 507 357 507 356 507 354 507 353 507
248 7 353 369 365 369 365 371 364 371 363 371 362 371 353 371
249 9 351 369 353 369 353 371 353 507 353 520 351 520 351 469 351 410 351 376
250 5 351 368 365 368 365 369 353 369 351 369
251 5 345 469 346 469 351 469 351 520 345 520
252 5 346 410 350 410 351 410 351 469 346 469
253 4 345 410 346 410 346 469 345 469
254 6 344 410 345 410 345 469 345 520 344 520 344 447
255 9 311 447 313 447 318 447 324 447 325 447 332 447 344 447 344 520 311 520
256 6 332 410 337 410 341 410 344 410 344 447 332 447
257 4 350 376 351 376 351 410 350 410
258 8 341 376 347 376 350 376 350 410 346 410 345 410 344 410 341 410
259 6 347 368 351 368 351 369 351 376 350 376 347 376
260 5 347 367 365 367 365 368 351 368 347 368
261 6 341 367 347 367 347 368 347 376 341 376 341 373
262 5 337 373 341 373 341 376 341 410 337 410
263 4 332 373 337 373 337 410 332 410
264 5 332 367 341 367 341 373 337 373 332 373
265 8 325 367 326 367 328 367 332 367 332 373 332 410 332 447 325 447
266 11 328 366 330 366 331 366 334 366 335 366 365 366 365 367 347 367 341 367 332 367 328 367
267 7 335 365 336 365 348 365 369 365 369 366 365 366 335 366
268 12 348 362 349 362 358 362 376 362 376 365 375 365 372 365 371 365 369 365 348 365 348 364 348 363
269 4 358 359 376 359 376 362 358 362
270 9 358 354 370 354 383 354 383 359 377 359 376 359 358 359 358 358 358 355
271 7 349 358 352 358 358 358 358 359 358 362 349 362 349 361
272 4 348 361 349 361 349 362 348 362
273 4 336 364 348 364 348 365 336 365
274 4 336 363 348 363 348 364 336 364
275 5 336 361 348 361 348 362 348 363 336 363
276 6 335 361 336 361 336 363 336 364 336 365 335 365
277 6 335 358 349 358 349 361 348 361 336 361 335 361
278 6 352 355 358 355 358 358 352 358 352 357 352 356
279 5 335 357 352 357 352 358 349 358 335 358
280 7 334 357 335 357 335 358 335 361 335 365 335 366 334 366
281 6 334 356 339 356 352 356 352 357 335 357 334 357
282 4 339 355 352 355 352 356 339 356
283 5 339 354 358 354 358 355 352 355 339 355
284 4 370 352 383 352 383 354 370 354
285 5 339 352 370 352 370 354 358 354 339 354
286 6 334 352 339 352 339 354 339 355 339 356 334 356
287 6 334 349 383 349 383 352 370 352 339 352 334 352
288 7 331 349 334 349 334 352 334 356 334 357 334 366 331 366
289 4 330 349 331 349 331 366 330 366
290 6 330 348 383 348 383 349 334 349 331 349 330 349
291 5 328 348 330 348 330 349 330 366 328 366
292 8 328 347 333 347 355 347 470 347 470 348 383 348 330 348 328 348
293 5 355 346 479 346 479 347 470 347 355 347
294 5 355 345 385 345 479 345 479 346 355 346
295 4 385 342 479 342 479 345 385 345
296 5 355 342 385 342 385 345 355 345 355 344
297 5 355 341 479 341 479 342 385 342 355 342
298 7 333 344 340 344 355 344 355 345 355 346 355 347 333 347
299 5 340 341 355 341 355 342 355 344 340 344
300 6 340 330 479 330 479 341 355 341 340 341 340 339
301 6 333 339 338 339 340 339 340 341 340 344 333 344
302 6 328 339 333 339 333 344 333 347 328 347 328 340
303 9 326 340 327 340 328 340 328 347 328 348 328 366 328 367 326 367 326 350
304 4 327 339 328 339 328 340 327 340
305 6 338 330 340 330 340 339 338 339 338 338 338 331
306 6 327 338 338 338 338 339 333 339 328 339 327 339
307 5 326 338 327 338 327 339 327 340 326 340
308 9 326 331 338 331 338 338 327 338 326 338 326 337 326 335 326 333 326 332
309 4 325 350 326 350 326 367 325 367
310 6 325 337 326 337 326 338 326 340 326 350 325 350
311 8 324 337 325 337 325 350 325 367 325 447 324 447 324 435 324 351
312 5 324 335 326 335 326 337 325 337 324 337
313 4 324 333 326 333 326 335 324 335
314 7 318 435 319 435 320 435 323 435 324 435 324 447 318 447
315 5 323 351 324 351 324 435 323 435 323 397
316 5 320 397 322 397 323 397 323 435 320 435
317 4 319 397 320 397 320 435 319 435
318 4 322 351 323 351 323 397 322 397
319 7 322 333 324 333 324 335 324 337 324 351 323 351 322 351
320 5 322 332 326 332 326 333 324 333 322 333
321 7 319 332 322 332 322 333 322 351 322 397 320 397 319 397
322 5 318 332 319 332 319 397 319 435 318 435
323 6 318 331 326 331 326 332 322 332 319 332 318 332
324 8 313 331 315 331 316 331 318 331 318 332 318 435 318 447 313 447
325 6 316 330 338 330 338 331 326 331 318 331 316 331
326 7 316 329 321 329 479 329 479 330 340 330 338 330 316 330
327 4 321 328 479 328 479 329 321 329
328 4 321 327 479 327 479 328 321 328
329 5 316 327 321 327 321 328 321 329 316 329
330 5 316 325 479 325 479 327 321 327 316 327
331 7 315 325 316 325 316 327 316 329 316 330 316 331 315 331
332 5 315 322 479 322 479 325 316 325 315 325
333 4 315 318 479 318 479 322 315 322
334 7 315 313 443 313 479 313 479 318 315 318 315 317 315 316
335 8 313 317 314 317 315 317 315 318 315 322 315 325 315 331 313 331
336 4 314 316 315 316 315 317 314 317
337 4 314 313 315 313 315 316 314 316
338 4 443 312 479 312 479 313 443 313
339 6 443 308 479 308 479 312 443 312 443 311 443 310
340 6 314 311 443 311 443 312 443 313 315 313 314 313
341 7 313 311 314 311 314 313 314 316 314 317 313 317 313 314
342 7 311 314 313 314 313 317 313 331 313 447 311 447 311 315
343 7 310 315 311 315 311 447 311 520 310 520 310 336 310 321
344 4 309 336 310 336 310 520 309 520
345 4 308 336 309 336 309 520 308 520
346 4 307 336 308 336 308 520 307 520
347 4 306 336 307 336 307 520 306 520
348 7 306 321 310 321 310 336 309 336 308 336 307 336 306 336
349 4 306 315 310 315 310 321 306 321
350 6 305 315 306 315 306 321 306 336 306 520 305 520
351 6 305 314 311 314 311 315 310 315 306 315 305 315
352 5 302 314 305 314 305 315 305 520 302 520
353 5 301 314 302 314 302 520 301 520 301 413
354 7 301 311 313 311 313 314 311 314 305 314 302 314 301 314
355 6 301 310 443 310 443 311 314 311 313 311 301 311
356 11 282 413 285 413 287 413 288 413 289 413 297 413 298 413 300 413 301 413 301 520 282 520
357 6 300 310 301 310 301 311 301 314 301 413 300 413
358 6 300 308 361 308 443 308 443 310 301 310 300 310
359 5 298 308 300 308 300 310 300 413 298 413
360 13 361 255 479 255 479 308 443 308 361 308 361 306 361 305 361 268 361 267 361 259 361 258 361 257 361 256
361 8 298 306 317 306 343 306 359 306 361 306 361 308 300 308 298 308
362 4 359 305 361 305 361 306 359 306
363 7 359 268 361 268 361 305 359 305 359 293 359 291 359 289
364 5 343 293 359 293 359 305 359 306 343 306
365 11 317 293 343 293 343 306 317 306 317 304 317 301 317 300 317 299 317 298 317 296 317 294
366 4 298 304 317 304 317 306 298 306
367 7 297 304 298 304 298 306 298 308 298 413 297 413 297 392
368 5 289 392 294 392 297 392 297 413 289 413
369 7 294 304 297 304 297 392 294 392 294 360 294 343 294 326
370 6 289 360 292 360 293 360 294 360 294 392 289 392
371 4 293 343 294 343 294 360 293 360
372 4 292 343 293 343 293 360 292 360
373 5 292 326 294 326 294 343 293 343 292 343
374 4 292 304 294 304 294 326 292 326
375 7 292 301 317 301 317 304 298 304 297 304 294 304 292 304
376 9 289 301 292 301 292 304 292 326 292 343 292 360 289 360 289 309 289 302
377 7 288 309 289 309 289 360 289 392 289 413 288 413 288 323
378 4 287 323 288 323 288 413 287 413
379 6 285 323 286 323 287 323 287 413 285 413 285 379
380 5 282 379 284 379 285 379 285 413 282 413
381 5 281 379 282 379 282 413 282 520 281 520
382 6 277 379 278 379 279 379 281 379 281 520 277 520
383 4 284 323 285 323 285 379 284 379
384 5 286 309 288 309 288 323 287 323 286 323
385 5 284 309 286 309 286 323 285 323 284 323
386 6 284 302 289 302 289 309 288 309 286 309 284 309
387 8 279 302 284 302 284 309 284 323 284 379 282 379 281 379 279 379
388 5 279 301 289 301 289 302 284 302 279 302
389 5 278 301 279 301 279 302 279 379 278 379
390 8 278 300 290 300 317 300 317 301 292 301 289 301 279 301 278 301
391 5 290 299 299 299 317 299 317 300 290 300
392 6 299 298 303 298 304 298 317 298 317 299 299 299
393 4 290 298 299 298 299 299 290 299
394 5 304 296 317 296 317 298 304 298 304 297
395 4 303 297 304 297 304 298 303 298
396 4 303 296 304 296 304 297 303 297
397 5 303 294 317 294 317 296 304 296 303 296
398 4 303 293 317 293 317 294 303 294
399 10 290 293 291 293 303 293 303 294 303 296 303 297 303 298 299 298 290 298 290 295
400 7 291 291 359 291 359 293 343 293 317 293 303 293 291 293
401 4 290 291 291 291 291 293 290 293
402 6 278 295 290 295 290 298 290 299 290 300 278 300
403 6 277 295 278 295 278 300 278 301 278 379 277 379
404 5 276 295 277 295 277 379 277 520 276 520
405 5 275 295 276 295 276 520 275 520 275 320
406 4 274 320 275 320 275 520 274 520
407 4 272 320 274 320 274 520 272 520
408 4 271 320 272 320 272 520 271 520
409 8 250 320 251 320 252 320 255 320 271 320 271 520 250 520 250 374
410 11 255 295 258 295 261 295 264 295 275 295 275 320 274 320 272 320 271 320 255 320 255 319
411 14 264 291 266 291 267 291 269 291 270 291 273 291 290 291 290 293 290 295 278 295 277 295 276 295 275 295 264 295
412 7 273 289 280 289 359 289 359 291 291 291 290 291 273 291
413 6 280 268 359 268 359 289 280 289 280 287 280 269
414 4 273 287 280 287 280 289 273 289
415 6 273 269 280 269 280 287 273 287 273 272 273 270
416 7 270 272 273 272 273 287 273 289 273 291 270 291 270 278
417 5 269 278 270 278 270 291 269 291 269 282
418 5 267 282 269 282 269 291 267 291 267 290
419 4 266 290 267 290 267 291 266 291
420 5 266 282 267 282 267 290 266 290 266 284
421 7 264 284 266 284 266 290 266 291 264 291 264 286 264 285
422 5 261 286 264 286 264 291 264 295 261 295
423 4 261 285 264 285 264 286 261 286
424 4 261 284 264 284 264 285 261 285
425 5 261 282 266 282 266 284 264 284 261 284
426 8 258 282 261 282 261 284 261 285 261 286 261 295 258 295 258 292
427 8 258 278 259 278 269 278 269 282 267 282 266 282 261 282 258 282
428 6 259 272 270 272 270 278 269 278 259 278 259 277
429 4 258 277 259 277 259 278 258 278
430 4 255 292 258 292 258 295 255 295
431 8 255 277 257 277 258 277 258 278 258 282 258 292 255 292 255 283
432 5 257 272 259 272 259 277 258 277 257 277
433 4 255 272 257 272 257 277 255 277
434 5 252 319 253 319 255 319 255 320 252 320
435 6 253 283 255 283 255 292 255 295 255 319 253 319
436 5 253 272 255 272 255 277 255 283 253 283
437 8 253 270 273 270 273 272 270 272 259 272 257 272 255 272 253 272
438 6 252 270 253 270 253 272 253 283 253 319 252 319
439 7 251 270 252 270 252 319 252 320 251 320 251 275 251 273
440 4 250 275 251 275 251 320 250 320
441 5 248 374 249 374 250 374 250 520 248 520
442 6 249 275 250 275 250 320 250 374 249 374 249 276
443 4 248 276 249 276 249 374 248 374
444 5 247 276 248 276 248 374 248 520 247 520
445 4 244 276 247 276 247 520 244 520
446 6 243 276 244 276 244 520 243 520 243 459 243 288
447 8 236 459 238 459 239 459 240 459 242 459 243 459 243 520 236 520
448 5 242 288 243 288 243 459 242 459 242 422
449 4 242 276 243 276 243 288 242 288
450 8 242 275 249 275 249 276 248 276 247 276 244 276 243 276 242 276
451 5 240 422 241 422 242 422 242 459 240 459
452 6 241 275 242 275 242 276 242 288 242 422 241 422
453 8 241 273 246 273 251 273 251 275 250 275 249 275 242 275 241 275
454 5 240 273 241 273 241 275 241 422 240 422
455 5 246 270 251 270 251 273 246 273 246 271
456 8 246 269 260 269 273 269 273 270 253 270 252 270 251 270 246 270
457 5 240 271 246 271 246 273 241 273 240 273
458 6 239 271 240 271 240 273 240 422 240 459 239 459
459 6 239 269 246 269 246 270 246 271 240 271 239 271
460 5 260 268 280 268 280 269 273 269 260 269
461 6 260 267 361 267 361 268 359 268 280 268 260 268
462 5 260 259 361 259 361 267 260 267 260 261
463 8 239 261 260 261 260 267 260 268 260 269 246 269 239 269 239 262
464 6 238 262 239 262 239 269 239 271 239 459 238 459
465 5 236 262 238 262 238 459 236 459 236 280
466 9 229 280 230 280 231 280 232 280 235 280 236 280 236 459 236 520 229 520
467 8 235 262 236 262 236 280 235 280 235 279 235 265 235 264 235 263
468 4 232 279 235 279 235 280 232 280
469 6 232 265 235 265 235 279 232 279 232 274 232 266
470 5 231 274 232 274 232 279 232 280 231 280
471 4 230 274 231 274 231 280 230 280
472 4 229 274 230 274 230 280 229 280
473 6 225 274 229 274 229 280 229 520 225 520 225 454
474 7 225 266 232 266 232 274 231 274 230 274 229 274 225 274
475 6 217 454 220 454 222 454 225 454 225 520 217 520
476 5 222 266 225 266 225 274 225 454 222 454
477 5 222 265 232 265 232 266 225 266 222 266
478 5 222 264 235 264 235 265 232 265 222 265
479 6 220 264 222 264 222 265 222 266 222 454 220 454
480 6 220 263 223 263 235 263 235 264 222 264 220 264
481 6 223 262 227 262 228 262 235 262 235 263 223 263
482 7 228 261 239 261 239 262 238 262 236 262 235 262 228 262
483 5 228 259 260 259 260 261 239 261 228 261
484 6 228 258 234 258 361 258 361 259 260 259 228 259
485 6 227 258 228 258 228 259 228 261 228 262 227 262
486 4 223 258 227 258 227 262 223 262
487 4 234 257 361 257 361 258 234 258
488 6 234 256 237 256 245 256 361 256 361 257 234 257
489 4 245 255 361 255 361 256 245 256
490 5 245 253 479 253 479 255 361 255 245 255
491 5 237 253 245 253 245 255 245 256 237 256
492 5 237 252 479 252 479 253 245 253 237 253
493 4 237 251 479 251 479 252 237 252
494 4 237 250 479 250 479 251 237 251
495 5 237 246 479 246 479 250 237 250 237 247
496 8 234 247 237 247 237 250 237 251 237 252 237 253 237 256 234 256
497 9 223 247 234 247 234 256 234 257 234 258 228 258 227 258 223 258 223 254
498 5 223 246 237 246 237 247 234 247 223 247
499 6 220 254 223 254 223 258 223 262 223 263 220 263
500 6 217 254 220 254 220 263 220 264 220 454 217 454
501 7 213 254 215 254 216 254 217 254 217 454 217 520 213 520
502 7 216 246 223 246 223 247 223 254 220 254 217 254 216 254
503 6 216 245 479 245 479 246 237 246 223 246 216 246
504 5 215 245 216 245 216 246 216 254 215 254
505 6 215 244 477 244 479 244 479 245 216 245 215 245
506 5 213 244 215 244 215 245 215 254 213 254
507 8 205 244 207 244 208 244 209 244 213 244 213 254 213 520 205 520
508 4 477 243 479 243 479 244 477 244
509 7 209 243 329 243 477 243 477 244 215 244 213 244 209 244
510 6 329 241 451 241 479 241 479 243 477 243 329 243
511 5 209 241 211 241 329 241 329 243 209 243
512 6 451 236 479 236 479 241 451 241 451 240 451 239
513 4 451 235 479 235 479 236 451 236
514 9 211 240 219 240 296 240 373 240 394 240 451 240 451 241 329 241 211 241
515 5 394 239 423 239 451 239 451 240 394 240
516 5 423 235 451 235 451 236 451 239 423 239
517 5 423 234 479 234 479 235 451 235 423 235
518 5 394 234 423 234 423 235 423 239 394 239
519 5 394 233 479 233 479 234 423 234 394 234
520 4 394 224 479 224 479 233 394 233
521 10 373 224 394 224 394 233 394 234 394 239 394 240 373 240 373 227 373 226 373 225
522 5 296 227 373 227 373 240 296 240 296 238
523 6 219 238 233 238 254 238 296 238 296 240 219 240
524 4 254 227 296 227 296 238 254 238
525 6 233 227 254 227 254 238 233 238 233 237 233 229
526 6 219 237 221 237 226 237 233 237 233 238 219 238
527 5 211 237 219 237 219 238 219 240 211 240
528 5 226 229 233 229 233 237 226 237 226 230
529 5 221 230 226 230 226 237 221 237 221 232
530 4 221 229 226 229 226 230 221 230
531 6 211 232 212 232 221 232 221 237 219 237 211 237
532 6 212 229 218 229 221 229 221 230 221 232 212 232
533 6 218 227 233 227 233 229 226 229 221 229 218 229
534 8 218 226 224 226 373 226 373 227 296 227 254 227 233 227 218 227
535 5 212 226 218 226 218 227 218 229 212 229
536 7 211 226 212 226 212 229 212 232 211 232 211 231 211 228
537 8 209 231 210 231 211 231 211 232 211 237 211 240 211 241 209 241
538 6 208 231 209 231 209 241 209 243 209 244 208 244
539 4 207 231 208 231 208 244 207 244
540 4 205 231 207 231 207 244 205 244
541 7 201 231 202 231 203 231 205 231 205 244 205 520 201 520
542 4 210 228 211 228 211 231 210 231
543 8 203 228 210 228 210 231 209 231 208 231 207 231 205 231 203 231
544 6 203 226 204 226 211 226 211 228 210 228 203 228
545 8 224 225 265 225 268 225 283 225 295 225 373 225 373 226 224 226
546 7 204 225 224 225 224 226 218 226 212 226 211 226 204 226
547 4 295 224 373 224 373 225 295 225
548 6 295 223 479 223 479 224 394 224 373 224 295 224
549 4 295 222 479 222 479 223 295 223
550 5 295 220 479 220 479 222 295 222 295 221
551 7 283 221 295 221 295 222 295 223 295 224 295 225 283 225
552 4 283 220 295 220 295 221 283 221
553 6 283 219 312 219 479 219 479 220 295 220 283 220
554 4 312 218 479 218 479 219 312 219
555 7 312 209 479 209 479 218 312 218 312 215 312 214 312 210
556 5 283 215 312 215 312 218 312 219 283 219
557 8 268 215 283 215 283 219 283 220 283 221 283 225 268 225 268 217
558 4 265 217 268 217 268 225 265 225
559 4 265 215 268 215 268 217 265 217
560 6 265 214 312 214 312 215 283 215 268 215 265 215
561 4 265 210 312 210 312 214 265 214
562 10 204 210 206 210 265 210 265 214 265 215 265 217 265 225 224 225 204 225 204 212
563 5 206 209 312 209 312 210 265 210 206 210
564 5 206 207 479 207 479 209 312 209 206 209
565 6 204 207 206 207 206 209 206 210 204 210 204 208
566 9 204 197 263 197 434 197 479 197 479 207 206 207 204 207 204 206 204 198
567 5 203 212 204 212 204 225 204 226 203 226
568 7 202 212 203 212 203 226 203 228 203 231 202 231 202 216
569 4 201 216 202 216 202 231 201 231
570 6 198 216 200 216 201 216 201 231 201 520 198 520
571 6 200 212 202 212 202 216 201 216 200 216 200 213
572 7 200 208 204 208 204 210 204 212 203 212 202 212 200 212
573 5 198 213 199 213 200 213 200 216 198 216
574 8 168 213 174 213 190 213 192 213 198 213 198 216 198 520 168 520
575 6 199 208 200 208 200 212 200 213 199 213 199 211
576 8 192 211 193 211 194 211 195 211 199 211 199 213 198 213 192 213
577 4 195 208 199 208 199 211 195 211
578 9 195 206 196 206 197 206 204 206 204 207 204 208 200 208 199 208 195 208
579 6 197 198 204 198 204 206 197 206 197 201 197 200
580 4 196 201 197 201 197 206 196 206
581 4 195 201 196 201 196 206 195 206
582 7 194 201 195 201 195 206 195 208 195 211 194 211 194 203
583 4 193 203 194 203 194 211 193 211
584 4 192 203 193 203 193 211 192 211
585 7 190 203 192 203 192 211 192 213 190 213 190 205 190 204
586 5 174 205 175 205 190 205 190 213 174 213
587 4 175 204 190 204 190 205 175 205
588 5 175 203 176 203 190 203 190 204 175 204
589 8 176 201 179 201 194 201 194 203 193 203 192 203 190 203 176 203
590 7 179 200 197 200 197 201 196 201 195 201 194 201 179 201
591 5 179 198 197 198 197 200 179 200 179 199
592 6 179 197 181 197 204 197 204 198 197 198 179 198
593 5 434 195 479 195 479 197 434 197 434 196
594 5 434 193 479 193 479 195 434 195 434 194
595 4 263 196 434 196 434 197 263 197
596 5 181 196 263 196 263 197 204 197 181 197
597 9 181 194 182 194 188 194 189 194 434 194 434 195 434 196 263 196 181 196
598 6 189 193 191 193 214 193 434 193 434 194 189 194
599 6 214 190 479 190 479 193 434 193 214 193 214 191
600 4 191 191 214 191 214 193 191 193
601 4 189 191 191 191 191 193 189 193
602 5 189 190 214 190 214 191 191 191 189 191
603 15 189 160 479 160 479 190 214 190 189 190 189 189 189 188 189 186 189 184 189 182 189 176 189 167 189 166 189 165 189 163
604 7 188 189 189 189 189 190 189 191 189 193 189 194 188 194
605 4 182 189 188 189 188 194 182 194
606 5 182 188 189 188 189 189 188 189 182 189
607 5 182 186 185 186 189 186 189 188 182 188
608 4 185 184 189 184 189 186 185 186
609 4 182 184 185 184 185 186 182 186
610 7 182 182 186 182 187 182 189 182 189 184 185 184 182 184
611 9 181 182 182 182 182 184 182 186 182 188 182 189 182 194 181 194 181 192
612 4 187 176 189 176 189 182 187 182
613 5 186 176 187 176 187 182 186 182 186 179
614 6 186 167 189 167 189 176 187 176 186 176 186 174
615 5 181 179 186 179 186 182 182 182 181 182
616 6 181 174 183 174 186 174 186 176 186 179 181 179
617 6 179 192 181 192 181 194 181 196 181 197 179 197
618 6 176 199 177 199 179 199 179 200 179 201 176 201
619 6 177 192 179 192 179 197 179 198 179 199 177 199
620 4 176 192 177 192 177 199 176 199
621 8 176 174 181 174 181 179 181 182 181 192 179 192 177 192 176 192
622 4 183 167 186 167 186 174 183 174
623 5 183 166 189 166 189 167 186 167 183 167
624 4 183 165 189 165 189 166 183 166
625 8 176 165 183 165 183 166 183 167 183 174 181 174 176 174 176 170
626 11 175 170 176 170 176 174 176 192 176 199 176 201 176 203 175 203 175 178 175 173 175 172
627 7 174 178 175 178 175 203 175 204 175 205 174 205 174 187
628 5 168 187 174 187 174 205 174 213 168 213
629 5 166 187 168 187 168 213 168 520 166 520
630 8 166 178 167 178 170 178 171 178 174 178 174 187 168 187 166 187
631 5 165 178 166 178 166 187 166 520 165 520
632 4 164 178 165 178 165 520 164 520
633 6 171 173 175 173 175 178 174 178 171 178 171 177
634 4 170 177 171 177 171 178 170 178
635 4 170 173 171 173 171 177 170 177
636 5 170 172 175 172 175 173 171 173 170 173
637 7 167 172 169 172 170 172 170 173 170 177 170 178 167 178
638 5 169 170 175 170 175 172 170 172 169 172
639 6 169 165 172 165 176 165 176 170 175 170 169 170
640 7 172 163 184 163 189 163 189 165 183 165 176 165 172 165
641 4 169 163 172 163 172 165 169 165
642 6 167 163 169 163 169 165 169 170 169 172 167 172
643 4 184 160 189 160 189 163 184 163
644 6 184 151 479 151 479 160 189 160 184 160 184 154
645 10 167 154 184 154 184 160 184 163 172 163 169 163 167 163 167 162 167 159 167 157
646 8 164 162 167 162 167 163 167 172 167 178 166 178 165 178 164 178
647 5 163 162 164 162 164 178 164 520 163 520
648 5 163 159 167 159 167 162 164 162 163 162
649 6 162 159 163 159 163 162 163 520 162 520 162 161
650 4 161 161 162 161 162 520 161 520
651 5 160 161 161 161 161 520 160 520 160 353
652 4 159 353 160 353 160 520 159 520
653 4 159 161 160 161 160 353 159 353
654 8 157 161 158 161 159 161 159 353 159 520 157 520 157 171 157 169
655 4 156 171 157 171 157 520 156 520
656 5 153 171 154 171 156 171 156 520 153 520
657 6 154 169 155 169 157 169 157 171 156 171 154 171
658 5 155 161 157 161 157 169 155 169 155 168
659 7 158 159 162 159 162 161 161 161 160 161 159 161 158 161
660 6 158 157 167 157 167 159 163 159 162 159 158 159
661 5 158 154 167 154 167 157 158 157 158 155
662 7 155 155 158 155 158 157 158 159 158 161 157 161 155 161
663 4 154 168 155 168 155 169 154 169
664 5 153 168 154 168 154 169 154 171 153 171
665 6 153 155 155 155 155 161 155 168 154 168 153 168
666 6 152 155 153 155 153 168 153 171 153 520 152 520
667 5 151 155 152 155 152 520 151 520 151 303
668 7 151 154 158 154 158 155 155 155 153 155 152 155 151 155
669 4 150 303 151 303 151 520 150 520
670 5 148 303 149 303 150 303 150 520 148 520
671 6 149 154 151 154 151 155 151 303 150 303 149 303
672 9 149 151 184 151 184 154 167 154 158 154 151 154 149 154 149 153 149 152
673 7 149 150 180 150 342 150 479 150 479 151 184 151 149 151
674 7 148 153 149 153 149 154 149 303 148 303 148 185 148 181
675 5 147 185 148 185 148 303 148 520 147 520
676 5 143 185 146 185 147 185 147 520 143 520
677 6 146 181 148 181 148 185 147 185 146 185 146 183
678 5 146 153 148 153 148 181 146 181 146 164
679 5 143 183 144 183 146 183 146 185 143 185
680 5 142 183 143 183 143 185 143 520 142 520
681 8 126 183 128 183 131 183 142 183 142 520 126 520 126 417 126 249
682 7 144 164 145 164 146 164 146 181 146 183 144 183 144 180
683 4 145 153 146 153 146 164 145 164
684 4 144 153 145 153 145 164 144 164
685 7 144 152 149 152 149 153 148 153 146 153 145 153 144 153
686 8 131 180 134 180 135 180 144 180 144 183 143 183 142 183 131 183
687 7 135 152 144 152 144 153 144 164 144 180 135 180 135 156
688 9 135 150 136 150 138 150 139 150 149 150 149 151 149 152 144 152 135 152
689 4 342 148 479 148 479 150 342 150
690 6 180 148 256 148 342 148 342 150 180 150 180 149
691 6 256 145 479 145 479 148 342 148 256 148 256 147
692 4 256 144 479 144 479 145 256 145
693 4 256 142 479 142 479 144 256 144
694 4 180 147 256 147 256 148 180 148
695 7 139 149 141 149 178 149 180 149 180 150 149 150 139 150
696 4 138 149 139 149 139 150 138 150
697 5 178 147 180 147 180 148 180 149 178 149
698 7 178 142 256 142 256 144 256 145 256 147 180 147 178 147
699 5 141 142 178 142 178 147 178 149 141 149
700 14 141 117 479 117 479 142 256 142 178 142 141 142 141 140 141 139 141 138 141 136 141 133 141 131 141 122 141 118
701 7 138 140 141 140 141 142 141 149 139 149 138 149 138 146
702 5 136 146 138 146 138 149 138 150 136 150
703 4 136 140 138 140 138 146 136 146
704 6 135 140 136 140 136 146 136 150 135 150 135 141
705 6 135 139 141 139 141 140 138 140 136 140 135 140
706 5 134 156 135 156 135 180 134 180 134 175
707 7 134 141 135 141 135 150 135 152 135 156 134 156 134 143
708 4 131 175 134 175 134 180 131 180
709 5 128 175 131 175 131 180 131 183 128 183
710 4 126 175 128 175 128 183 126 183
711 7 126 143 134 143 134 156 134 175 131 175 128 175 126 175
712 8 102 417 104 417 105 417 115 417 126 417 126 520 102 520 102 420
713 4 115 249 126 249 126 417 115 417
714 6 105 249 106 249 111 249 115 249 115 417 105 417
715 7 111 143 126 143 126 175 126 183 126 249 115 249 111 249
716 7 111 141 113 141 130 141 134 141 134 143 126 143 111 143
717 6 130 139 135 139 135 140 135 141 134 141 130 141
718 4 113 139 130 139 130 141 113 141
719 10 113 138 114 138 121 138 133 138 140 138 141 138 141 139 135 139 130 139 113 139
720 4 140 136 141 136 141 138 140 138
721 4 140 133 141 133 141 136 140 136
722 6 133 133 140 133 140 136 140 138 133 138 133 134
723 9 121 134 122 134 125 134 129 134 132 134 133 134 133 138 121 138 121 135
724 4 132 133 133 133 133 134 132 134
725 6 132 131 141 131 141 133 140 133 133 133 132 133
726 8 132 122 137 122 141 122 141 131 132 131 132 128 132 127 132 124
727 6 129 128 132 128 132 131 132 133 132 134 129 134
728 6 125 128 129 128 129 134 125 134 125 130 125 129
729 4 122 130 125 130 125 134 122 134
730 4 122 129 125 129 125 130 122 130
731 5 121 129 122 129 122 130 122 134 121 134
732 5 121 128 125 128 125 129 122 129 121 129
733 8 121 127 123 127 127 127 132 127 132 128 129 128 125 128 121 128
734 5 114 135 121 135 121 138 114 138 114 137
735 7 114 127 121 127 121 128 121 129 121 134 121 135 114 135
736 5 127 124 132 124 132 127 127 127 127 126
737 4 123 126 127 126 127 127 123 127
738 4 123 124 127 124 127 126 123 126
739 6 114 124 123 124 123 126 123 127 121 127 114 127
740 8 114 122 119 122 124 122 132 122 132 124 127 124 123 124 114 124
741 4 137 118 141 118 141 122 137 122
742 4 137 117 141 117 141 118 137 118
743 7 124 117 137 117 137 118 137 122 132 122 124 122 124 121
744 10 124 90 479 90 479 117 141 117 137 117 124 117 124 116 124 115 124 93 124 92
745 4 119 121 124 121 124 122 119 122
746 5 119 116 124 116 124 117 124 121 119 121
747 5 119 115 120 115 124 115 124 116 119 116
748 7 114 115 118 115 119 115 119 116 119 121 119 122 114 122
749 4 113 137 114 137 114 138 113 138
750 8 113 115 114 115 114 122 114 124 114 127 114 135 114 137 113 137
751 10 120 93 124 93 124 115 120 115 120 114 120 109 120 103 120 102 120 95 120 94
752 5 118 114 120 114 120 115 119 115 118 115
753 5 113 114 118 114 118 115 114 115 113 115
754 8 111 114 113 114 113 115 113 137 113 138 113 139 113 141 111 141
755 10 106 114 108 114 109 114 110 114 111 114 111 141 111 143 111 249 106 249 106 119
756 9 110 109 116 109 120 109 120 114 118 114 113 114 111 114 110 114 110 110
757 6 109 110 110 110 110 114 109 114 109 112 109 111
758 5 108 112 109 112 109 114 108 114 108 113
759 5 106 113 107 113 108 113 108 114 106 114
760 4 107 112 108 112 108 113 107 113
761 4 106 112 107 112 107 113 106 113
762 6 106 111 109 111 109 112 108 112 107 112 106 112
763 5 105 119 106 119 106 249 105 249 105 120
764 6 104 120 105 120 105 249 105 417 104 417 104 324
765 5 102 324 103 324 104 324 104 417 102 417
766 5 99 420 100 420 102 420 102 520 99 520
767 6 100 324 101 324 102 324 102 417 102 420 100 420
768 6 103 120 104 120 104 324 103 324 103 248 103 132
769 5 101 248 103 248 103 324 102 324 101 324
770 4 100 248 101 248 101 324 100 324
771 5 99 248 100 248 100 324 100 420 99 420
772 5 97 248 99 248 99 420 99 520 97 520
773 6 95 248 97 248 97 520 95 520 95 307 95 281
774 8 95 132 103 132 103 248 101 248 100 248 99 248 97 248 95 248
775 4 93 307 95 307 95 520 93 520
776 4 93 281 95 281 95 307 93 307
777 5 93 132 95 132 95 248 95 281 93 281
778 6 90 132 93 132 93 281 93 307 93 520 90 520
779 6 90 120 103 120 103 132 95 132 93 132 90 132
780 6 70 120 71 120 90 120 90 132 90 520 70 520
781 8 71 119 73 119 105 119 105 120 104 120 103 120 90 120 71 120
782 11 73 111 89 111 94 111 98 111 106 111 106 112 106 113 106 114 106 119 105 119 73 119
783 5 98 110 109 110 109 111 106 111 98 111
784 4 94 110 98 110 98 111 94 111
785 4 89 110 94 110 94 111 89 111
786 7 89 109 110 109 110 110 109 110 98 110 94 110 89 110
787 8 73 109 74 109 78 109 88 109 89 109 89 110 89 111 73 111
788 5 116 103 120 103 120 109 116 109 116 104
789 7 88 104 116 104 116 109 110 109 89 109 88 109 88 106
790 4 88 103 116 103 116 104 88 104
791 8 78 106 79 106 85 106 86 106 87 106 88 106 88 109 78 109
792 5 87 103 88 103 88 104 88 106 87 106
793 6 87 102 120 102 120 103 116 103 88 103 87 103
794 4 87 95 120 95 120 102 87 102
795 4 87 94 120 94 120 95 87 95
796 4 87 93 120 93 120 94 87 94
797 8 86 93 87 93 87 94 87 95 87 102 87 103 87 106 86 106
798 7 86 92 91 92 124 92 124 93 120 93 87 93 86 93
799 5 91 90 124 90 124 92 91 92 91 91
800 5 91 89 479 89 479 90 124 90 91 90
801 4 86 91 91 91 91 92 86 92
802 9 85 91 86 91 86 92 86 93 86 106 85 106 85 105 85 101 85 96
803 6 85 89 91 89 91 90 91 91 86 91 85 91
804 4 79 105 85 105 85 106 79 106
805 6 79 101 81 101 84 101 85 101 85 105 79 105
806 5 78 101 79 101 79 105 79 106 78 106
807 5 74 101 78 101 78 106 78 109 74 109
808 5 84 96 85 96 85 101 84 101 84 97
809 6 81 97 82 97 83 97 84 97 84 101 81 101
810 6 74 97 81 97 81 101 79 101 78 101 74 101
811 4 83 96 84 96 84 97 83 97
812 4 82 96 83 96 83 97 82 97
813 6 74 96 75 96 82 96 82 97 81 97 74 97
814 8 75 89 85 89 85 91 85 96 84 96 83 96 82 96 75 96
815 6 75 87 479 87 479 89 91 89 85 89 75 89
816 5 75 86 76 86 479 86 479 87 75 87
817 5 76 85 80 85 479 85 479 86 76 86
818 4 80 84 479 84 479 85 80 85
819 5 76 84 77 84 80 84 80 85 76 85
820 5 75 84 76 84 76 85 76 86 75 86
821 5 77 83 479 83 479 84 80 84 77 84
822 6 77 81 92 81 262 81 479 81 479 83 77 83
823 4 262 80 479 80 479 81 262 81
824 5 92 80 96 80 262 80 262 81 92 81
825 6 96 79 117 79 479 79 479 80 262 80 96 80
826 11 117 38 479 38 479 79 117 79 117 69 117 51 117 50 117 49 117 46 117 43 117 42
827 4 96 69 117 69 117 79 96 79
828 5 92 69 96 69 96 79 96 80 92 80
829 6 92 51 117 51 117 69 96 69 92 69 92 53
830 10 77 53 92 53 92 69 92 80 92 81 77 81 77 59 77 58 77 57 77 54
831 11 75 59 77 59 77 81 77 83 77 84 76 84 75 84 75 64 75 63 75 62 75 60
832 9 74 64 75 64 75 84 75 86 75 87 75 89 75 96 74 96 74 65
833 12 73 65 74 65 74 96 74 97 74 101 74 109 73 109 73 78 73 71 73 70 73 68 73 67
834 9 71 78 72 78 73 78 73 109 73 111 73 119 71 119 71 107 71 99
835 6 72 71 73 71 73 78 72 78 72 73 72 72
836 4 71 73 72 73 72 78 71 78
837 5 70 107 71 107 71 119 71 120 70 120
838 4 70 99 71 99 71 107 70 107
839 6 69 99 70 99 70 107 70 120 70 520 69 520
840 6 69 73 71 73 71 78 71 99 70 99 69 99
841 8 68 73 69 73 69 99 69 520 68 520 68 88 68 77 68 76
842 4 66 88 68 88 68 520 66 520
843 5 64 88 66 88 66 520 64 520 64 260
844 17 14 260 15 260 19 260 29 260 37 260 38 260 42 260 44 260 45 260 52 260 57 260 60 260 63 260 64 260 64 520 14 520 14 334
845 4 63 88 64 88 64 260 63 260
846 4 60 88 63 88 63 260 60 260
847 5 57 88 60 88 60 260 57 260 57 202
848 8 57 77 68 77 68 88 66 88 64 88 63 88 60 88 57 88
849 5 52 202 57 202 57 260 52 260 52 242
850 6 52 77 53 77 57 77 57 88 57 202 52 202
851 7 53 76 56 76 58 76 68 76 68 77 57 77 53 77
852 5 58 73 68 73 68 76 58 76 58 74
853 7 58 72 72 72 72 73 71 73 69 73 68 73 58 73
854 4 58 71 72 71 72 72 58 72
855 4 56 74 58 74 58 76 56 76
856 6 56 71 58 71 58 72 58 73 58 74 56 74
857 6 56 70 73 70 73 71 72 71 58 71 56 71
858 4 56 68 73 68 73 70 56 70
859 8 53 68 55 68 56 68 56 70 56 71 56 74 56 76 53 76
860 6 55 67 59 67 73 67 73 68 56 68 55 68
861 4 53 67 55 67 55 68 53 68
862 6 52 67 53 67 53 68 53 76 53 77 52 77
863 10 45 242 46 242 47 242 48 242 49 242 50 242 51 242 52 242 52 260 45 260
864 6 51 67 52 67 52 77 52 202 52 242 51 242
865 4 59 65 73 65 73 67 59 67
866 5 59 64 74 64 74 65 73 65 59 65
867 8 51 64 59 64 59 65 59 67 55 67 53 67 52 67 51 67
868 5 50 64 51 64 51 67 51 242 50 242
869 7 50 63 75 63 75 64 74 64 59 64 51 64 50 64
870 5 49 63 50 63 50 64 50 242 49 242
871 4 48 63 49 63 49 242 48 242
872 4 47 63 48 63 48 242 47 242
873 8 47 62 54 62 75 62 75 63 50 63 49 63 48 63 47 63
874 5 54 60 61 60 75 60 75 62 54 62
875 4 61 59 75 59 75 60 61 60
876 5 61 58 77 58 77 59 75 59 61 59
877 5 61 57 67 57 77 57 77 58 61 58
878 6 67 54 77 54 77 57 67 57 67 56 67 55
879 4 61 56 67 56 67 57 61 57
880 7 54 56 61 56 61 57 61 58 61 59 61 60 54 60
881 5 54 55 67 55 67 56 61 56 54 56
882 6 47 55 54 55 54 56 54 60 54 62 47 62
883 10 46 55 47 55 47 62 47 63 47 242 46 242 46 125 46 123 46 108 46 98
884 4 45 125 46 125 46 242 45 242
885 5 44 125 45 125 45 242 45 260 44 260
886 5 44 123 46 123 46 125 45 125 44 125
887 5 42 123 44 123 44 125 44 260 42 260
888 4 38 123 42 123 42 260 38 260
889 6 38 108 46 108 46 123 44 123 42 123 38 123
890 5 37 108 38 108 38 123 38 260 37 260
891 6 29 108 30 108 33 108 37 108 37 260 29 260
892 6 33 98 46 98 46 108 38 108 37 108 33 108
893 8 33 55 34 55 35 55 39 55 46 55 46 98 33 98 33 61
894 9 39 54 40 54 41 54 67 54 67 55 54 55 47 55 46 55 39 55
895 6 41 53 43 53 77 53 77 54 67 54 41 54
896 5 43 51 92 51 92 53 77 53 43 53
897 5 43 50 117 50 117 51 92 51 43 51
898 4 43 49 117 49 117 50 43 50
899 5 43 46 65 46 117 46 117 49 43 49
900 6 65 43 112 43 117 43 117 46 65 46 65 45
901 4 43 45 65 45 65 46 43 46
902 8 41 45 43 45 43 46 43 49 43 50 43 51 43 53 41 53
903 6 41 43 62 43 65 43 65 45 43 45 41 45
904 7 40 43 41 43 41 45 41 53 41 54 40 54 40 52
905 4 112 42 117 42 117 43 112 43
906 4 112 38 117 38 117 42 112 42
907 5 112 36 479 36 479 38 117 38 112 38
908 4 112 31 479 31 479 36 112 36
909 7 112 16 479 16 479 31 112 31 112 30 112 23 112 20
910 10 62 30 112 30 112 31 112 36 112 38 112 42 112 43 65 43 62 43 62 32
911 7 40 32 62 32 62 43 41 43 40 43 40 41 40 34
912 4 39 52 40 52 40 54 39 54
913 5 39 41 40 41 40 43 40 52 39 52
914 8 35 41 39 41 39 52 39 54 39 55 35 55 35 48 35 44
915 7 35 34 36 34 40 34 40 41 39 41 35 41 35 35
916 4 34 48 35 48 35 55 34 55
917 4 33 48 34 48 34 55 33 55
918 9 30 61 31 61 32 61 33 61 33 98 33 108 30 108 30 75 30 66
919 5 32 48 33 48 33 55 33 61 32 61
920 6 32 44 35 44 35 48 34 48 33 48 32 48
921 5 32 35 35 35 35 41 35 44 32 44
922 6 31 35 32 35 32 44 32 48 32 61 31 61
923 5 31 34 35 34 35 35 32 35 31 35
924 5 36 32 40 32 40 34 36 34 36 33
925 5 31 33 36 33 36 34 35 34 31 34
926 4 31 32 36 32 36 33 31 33
927 7 30 32 31 32 31 33 31 34 31 35 31 61 30 61
928 7 30 30 62 30 62 32 40 32 36 32 31 32 30 32
929 5 30 23 112 23 112 30 62 30 30 30
930 5 29 75 30 75 30 108 29 108 29 82
931 4 29 66 30 66 30 75 29 75
932 7 19 82 20 82 29 82 29 108 29 260 19 260 19 100
933 6 20 66 28 66 29 66 29 75 29 82 20 82
934 11 28 23 30 23 30 30 30 32 30 61 30 66 29 66 28 66 28 47 28 26 28 25
935 8 20 47 22 47 25 47 26 47 27 47 28 47 28 66 20 66
936 5 27 26 28 26 28 47 27 47 27 27
937 5 26 27 27 27 27 47 26 47 26 29
938 4 25 29 26 29 26 47 25 47
939 4 25 27 26 27 26 29 25 29
940 5 22 27 25 27 25 29 25 47 22 47
941 8 22 26 23 26 24 26 27 26 27 27 26 27 25 27 22 27
942 5 24 25 28 25 28 26 27 26 24 26
943 4 24 23 28 23 28 25 24 25
944 7 24 20 112 20 112 23 30 23 28 23 24 23 24 21
945 6 23 21 24 21 24 23 24 25 24 26 23 26
946 4 23 20 24 20 24 21 23 21
947 6 22 20 23 20 23 21 23 26 22 26 22 22
948 7 22 16 112 16 112 20 24 20 23 20 22 20 22 19
949 5 22 15 479 15 479 16 112 16 22 16
950 7 20 22 21 22 22 22 22 26 22 27 22 47 20 47
951 5 21 19 22 19 22 20 22 22 21 22
952 5 21 15 22 15 22 16 22 19 21 19
953 5 21 14 479 14 479 15 22 15 21 15
954 6 21 7 479 7 479 14 21 14 21 9 21 8
955 8 20 9 21 9 21 14 21 15 21 19 21 22 20 22 20 10
956 9 19 10 20 10 20 22 20 47 20 66 20 82 19 82 19 24 19 12
957 5 15 100 17 100 19 100 19 260 15 260
958 6 17 24 18 24 19 24 19 82 19 100 17 100
959 5 15 24 17 24 17 100 15 100 15 28
960 5 14 28 15 28 15 100 15 260 14 260
961 4 13 334 14 334 14 520 13 520
962 6 13 28 14 28 14 260 14 334 13 334 13 40
963 6 11 40 12 40 13 40 13 334 13 520 11 520
964 8 7 40 8 40 9 40 10 40 11 40 11 520 7 520 7 467
965 5 12 28 13 28 13 40 12 40 12 37
966 6 12 24 15 24 15 28 14 28 13 28 12 28
967 5 18 12 19 12 19 24 18 24 18 13
968 7 12 13 16 13 18 13 18 24 17 24 15 24 12 24
969 5 10 37 12 37 12 40 11 40 10 40
970 6 10 13 12 13 12 24 12 28 12 37 10 37
971 5 9 13 10 13 10 37 10 40 9 40
972 6 8 13 9 13 9 40 8 40 8 39 8 18
973 4 16 12 18 12 18 13 16 13
974 7 8 12 16 12 16 13 12 13 10 13 9 13 8 13
975 4 7 39 8 39 8 40 7 40
976 7 0 467 2 467 3 467 4 467 7 467 7 520 0 520
977 5 4 39 7 39 7 40 7 467 4 467
978 7 4 18 5 18 6 18 8 18 8 39 7 39 4 39
979 6 6 12 8 12 8 13 8 18 6 18 6 17
980 7 6 10 19 10 19 12 18 12 16 12 8 12 6 12
981 4 5 17 6 17 6 18 5 18
982 6 5 10 6 10 6 12 6 17 5 17 5 11
983 6 5 9 20 9 20 10 19 10 6 10 5 10
984 5 4 11 5 11 5 17 5 18 4 18
985 6 3 11 4 11 4 18 4 39 4 467 3 467
986 5 2 11 3 11 3 467 2 467 2 158
987 7 2 9 5 9 5 10 5 11 4 11 3 11 2 11
988 6 2 8 21 8 21 9 20 9 5 9 2 9
989 5 0 158 1 158 2 158 2 467 0 467
990 6 1 8 2 8 2 9 2 11 2 158 1 158
991 4 0 8 1 8 1 158 0 158
992 6 0 7 21 7 21 8 2 8 1 8 0 8
993 5 0 6 479 6 479 7 21 7 0 7
994 4 0 5 479 5 479 6 0 6
995 4 0 4 479 4 479 5 0 5
996 4 0 3 479 3 479 4 0 4
997 5 0 2 173 2 479 2 479 3 0 3
998 4 173 1 479 1 479 2 173 2
999 4 173 0 479 0 479 1 173 1
1000 5 0 0 173 0 173 1 173 2 0 2
1000
1 137 0 507 1 507 2 507 3 507 4 507 5 507 6 507 7 507 8 507 9 507 10 507 11 507 12 507 13 507 14 507 19 507 20 507 25 507 29 507 30 507 38 507 39 507 40 507 42 507 43 507 44 507 47 507 48 507 49 507 57 507 58 507 64 507 75 507 76 507 77 507 78 507 79 507 80 507 81 507 82 507 84 507 101 507 103 507 104 507 106 507 107 507 108 507 115 507 128 507 130 507 131 507 135 507 137 507 138 507 147 507 150 507 151 507 152 507 154 507 159 507 165 507 166 507 168 507 169 507 171 507 172 507 173 507 174 507 175 507 179 507 180 507 184 507 187 507 188 507 189 507 190 507 193 507 194 507 195 507 204 507 205 507 212 507 214 507 217 507 218 507 231 507 233 507 234 507 235 507 237 507 238 507 239 507 242 507 243 507 252 507 253 507 255 507 265 507 268 507 272 507 274 507 278 507 281 507 320 507 330 507 333 507 359 507 361 507 394 507 401 507 405 507 406 507 407 507 408 507 409 507 411 507 419 507 423 507 424 507 427 507 428 507 430 507 447 507 450 507 451 507 452 507 456 507 457 507 458 507 459 507 460 507 461 507 486 507 492 507 493 507 493 508 0 508
2 165 492 0 493 0 493 507 492 507 492 506 492 504 492 503 492 502 492 501 492 500 492 499 492 498 492 497 492 496 492 495 492 494 492 493 492 492 492 489 492 487 492 486 492 485 492 483 492 482 492 479 492 478 492 475 492 474 492 469 492 468 492 466 492 464 492 463 492 461 492 455 492 416 492 414 492 411 492 408 492 407 492 404 492 403 492 402 492 401 492 400 492 399 492 398 492 397 492 395 492 393 492 392 492 390 492 381 492 374 492 373 492 372 492 371 492 369 492 365 492 364 492 363 492 341 492 328 492 326 492 308 492 303 492 289 492 288 492 287 492 275 492 274 492 273 492 272 492 263 492 262 492 258 492 256 492 252 492 249 492 247 492 246 492 245 492 242 492 240 492 237 492 232 492 207 492 202 492 201 492 200 492 199 492 194 492 193 492 188 492 182 492 179 492 172 492 171 492 169 492 158 492 155 492 153 492 151 492 146 492 145 492 144 492 143 492 142 492 141 492 140 492 139 492 138 492 137 492 132 492 131 492 121 492 120 492 119 492 118 492 117 492 116 492 115 492 109 492 103 492 100 492 97 492 95 492 94 492 88 492 87 492 86 492 85 492 83 492 81 492 79 492 63 492 62 492 61 492 60 492 56 492 55 492 54 492 53 492 50 492 49 492 48 492 47 492 46 492 44 492 37 492 36 492 35 492 33 492 32 492 27 492 26 492 25 492 24 492 18 492 14 492 13 492 12 492 5 492 4 492 1
3 5 486 506 489 506 492 506 492 507 486 507
4 5 489 504 492 504 492 506 489 506 489 505
5 4 486 505 489 505 489 506 486 506
6 8 461 505 466 505 468 505 479 505 486 505 486 506 486 507 461 507
7 5 479 504 489 504 489 505 486 505 479 505
8 5 479 503 492 503 492 504 489 504 479 504
9 4 479 502 492 502 492 503 479 503
10 5 479 501 480 501 492 501 492 502 479 502
11 7 468 501 479 501 479 502 479 503 479 504 479 505 468 505
12 4 466 501 468 501 468 505 466 505
13 4 480 500 492 500 492 501 480 501
14 4 480 499 492 499 492 500 480 500
15 4 480 498 492 498 492 499 480 499
16 4 480 497 492 497 492 498 480 498
17 9 466 497 480 497 480 498 480 499 480 500 480 501 479 501 468 501 466 501
18 7 461 497 462 497 463 497 466 497 466 501 466 505 461 505
19 7 463 496 491 496 492 496 492 497 480 497 466 497 463 497
20 4 491 495 492 495 492 496 491 496
21 4 491 494 492 494 492 495 491 495
22 8 463 494 464 494 465 494 473 494 491 494 491 495 491 496 463 496
23 5 473 493 492 493 492 494 491 494 473 494
24 6 473 492 482 492 490 492 492 492 492 493 473 493
25 5 490 489 492 489 492 492 490 492 490 491
26 4 482 491 490 491 490 492 482 492
27 5 473 491 477 491 482 491 482 492 473 492
28 5 477 489 490 489 490 491 482 491 477 491
29 6 477 487 478 487 492 487 492 489 490 489 477 489
30 4 478 486 492 486 492 487 478 487
31 5 478 485 483 485 492 485 492 486 478 486
32 5 477 485 478 485 478 486 478 487 477 487
33 5 483 483 492 483 492 485 483 485 483 484
34 5 477 484 483 484 483 485 478 485 477 485
35 7 473 484 477 484 477 485 477 487 477 489 477 491 473 491
36 7 465 484 473 484 473 491 473 492 473 493 473 494 465 494
37 7 465 483 467 483 483 483 483 484 477 484 473 484 465 484
38 6 467 482 487 482 492 482 492 483 483 483 467 483
39 4 487 479 492 479 492 482 487 482
40 4 487 478 492 478 492 479 487 479
41 6 487 475 492 475 492 478 487 478 487 477 487 476
42 7 467 477 481 477 487 477 487 478 487 479 487 482 467 482
43 4 481 476 487 476 487 477 481 477
44 4 481 475 487 475 487 476 481 476
45 6 481 474 484 474 492 474 492 475 487 475 481 475
46 5 484 469 492 469 492 474 484 474 484 470
47 4 484 468 492 468 492 469 484 469
48 4 481 470 484 470 484 474 481 474
49 5 481 468 484 468 484 469 484 470 481 470
50 8 467 468 481 468 481 470 481 474 481 475 481 476 481 477 467 477
51 7 467 466 472 466 492 466 492 468 484 468 481 468 467 468
52 5 472 464 475 464 492 464 492 466 472 466
53 4 475 463 492 463 492 464 475 464
54 4 475 461 492 461 492 463 475 463
55 4 475 455 492 455 492 461 475 461
56 7 472 455 475 455 475 461 475 463 475 464 472 464 472 457
57 9 472 416 492 416 492 455 475 455 472 455 472 422 472 421 472 420 472 419
58 5 467 457 472 457 472 464 472 466 467 466
59 8 465 457 467 457 467 466 467 468 467 477 467 482 467 483 465 483
60 9 465 422 472 422 472 455 472 457 467 457 465 457 465 425 465 424 465 423
61 9 464 425 465 425 465 457 465 483 465 484 465 494 464 494 464 458 464 453
62 4 463 458 464 458 464 494 463 494
63 6 462 458 463 458 463 494 463 496 463 497 462 497
64 5 462 453 464 453 464 458 463 458 462 458
65 9 462 425 464 425 464 453 462 453 462 438 462 436 462 435 462 429 462 426
66 8 461 438 462 438 462 453 462 458 462 497 461 497 461 440 461 439
67 7 460 440 461 440 461 497 461 505 461 507 460 507 460 442
68 5 459 442 460 442 460 507 459 507 459 448
69 5 458 448 459 448 459 507 458 507 458 460
70 4 457 460 458 460 458 507 457 507
71 5 456 460 457 460 457 507 456 507 456 462
72 6 452 462 455 462 456 462 456 507 452 507 452 471
73 4 451 471 452 471 452 507 451 507
74 5 450 471 451 471 451 507 450 507 450 488
75 4 447 488 450 488 450 507 447 507
76 6 430 488 434 488 441 488 447 488 447 507 430 507
77 6 441 471 443 471 450 471 450 488 447 488 441 488
78 6 443 462 452 462 452 471 451 471 450 471 443 471
79 4 455 460 456 460 456 462 455 462
80 9 455 448 458 448 458 460 457 460 456 460 455 460 455 456 455 452 455 449
81 6 443 456 455 456 455 460 455 462 452 462 443 462
82 4 443 452 455 452 455 456 443 456
83 5 443 449 449 449 455 449 455 452 443 452
84 7 441 449 443 449 443 452 443 456 443 462 443 471 441 471
85 6 434 449 441 449 441 471 441 488 434 488 434 465
86 4 449 448 455 448 455 449 449 449
87 10 449 442 459 442 459 448 458 448 455 448 449 448 449 447 449 446 449 445 449 443
88 7 434 447 449 447 449 448 449 449 443 449 441 449 434 449
89 4 430 465 434 465 434 488 430 488
90 5 428 465 430 465 430 488 430 507 428 507
91 4 427 465 428 465 428 507 427 507
92 4 424 465 427 465 427 507 424 507
93 8 424 447 434 447 434 449 434 465 430 465 428 465 427 465 424 465
94 6 423 447 424 447 424 465 424 507 423 507 423 450
95 5 419 450 422 450 423 450 423 507 419 507
96 6 411 450 414 450 415 450 419 450 419 507 411 507
97 4 422 447 423 447 423 450 422 450
98 7 422 446 449 446 449 447 434 447 424 447 423 447 422 447
99 4 422 445 449 445 449 446 422 446
100 7 415 445 422 445 422 446 422 447 422 450 419 450 415 450
101 7 415 443 436 443 449 443 449 445 422 445 415 445 415 444
102 5 414 444 415 444 415 445 415 450 414 450
103 4 414 443 415 443 415 444 414 444
104 5 411 443 414 443 414 444 414 450 411 450
105 5 409 443 411 443 411 450 411 507 409 507
106 4 408 443 409 443 409 507 408 507
107 4 436 442 449 442 449 443 436 443
108 8 408 442 436 442 436 443 415 443 414 443 411 443 409 443 408 443
109 5 407 442 408 442 408 443 408 507 407 507
110 9 407 440 454 440 460 440 460 442 459 442 449 442 436 442 408 442 407 442
111 5 406 440 407 440 407 442 407 507 406 507
112 5 454 439 461 439 461 440 460 440 454 440
113 5 406 439 454 439 454 440 407 440 406 440
114 6 405 439 406 439 406 440 406 507 405 507 405 472
115 6 405 438 461 438 461 439 454 439 406 439 405 439
116 6 405 436 437 436 462 436 462 438 461 438 405 438
117 5 401 472 405 472 405 507 401 507 401 480
118 7 401 436 404 436 405 436 405 438 405 439 405 472 401 472
119 4 394 480 401 480 401 507 394 507
120 8 394 436 399 436 400 436 401 436 401 472 401 480 394 480 394 451
121 5 437 435 438 435 462 435 462 436 437 436
122 5 438 429 462 429 462 435 438 435 438 433
123 4 437 433 438 433 438 435 437 435
124 4 437 429 438 429 438 433 437 433
125 9 404 429 420 429 429 429 437 429 437 433 437 435 437 436 405 436 404 436
126 8 429 426 431 426 462 426 462 429 438 429 437 429 429 429 429 428
127 4 420 428 429 428 429 429 420 429
128 4 404 428 420 428 420 429 404 429
129 6 400 428 404 428 404 429 404 436 401 436 400 436
130 4 399 428 400 428 400 436 399 436
131 8 399 426 429 426 429 428 420 428 404 428 400 428 399 428 399 427
132 5 394 427 399 427 399 428 399 436 394 436
133 7 361 451 362 451 363 451 394 451 394 480 394 507 361 507
134 8 363 427 364 427 367 427 389 427 394 427 394 436 394 451 363 451
135 5 389 426 399 426 399 427 394 427 389 427
136 4 431 425 462 425 462 426 431 426
137 6 431 424 465 424 465 425 464 425 462 425 431 425
138 4 431 423 465 423 465 424 431 424
139 8 389 423 431 423 431 424 431 425 431 426 429 426 399 426 389 426
140 9 367 423 368 423 370 423 371 423 374 423 389 423 389 426 389 427 367 427
141 11 374 422 375 422 379 422 387 422 388 422 421 422 465 422 465 423 431 423 389 423 374 423
142 5 421 421 472 421 472 422 465 422 421 422
143 5 421 420 432 420 472 420 472 421 421 421
144 5 388 420 421 420 421 421 421 422 388 422
145 4 387 420 388 420 388 422 387 422
146 4 432 419 472 419 472 420 432 420
147 6 387 419 432 419 432 420 421 420 388 420 387 420
148 7 387 416 440 416 472 416 472 419 432 419 387 419 387 417
149 5 440 414 492 414 492 416 472 416 440 416
150 4 440 411 492 411 492 414 440 414
151 4 440 408 492 408 492 411 440 411
152 4 440 407 492 407 492 408 440 408
153 7 387 407 440 407 440 408 440 411 440 414 440 416 387 416
154 5 387 404 492 404 492 407 440 407 387 407
155 9 379 417 380 417 382 417 385 417 387 417 387 419 387 420 387 422 379 422
156 7 385 404 387 404 387 407 387 416 387 417 385 417 385 409
157 6 385 403 488 403 492 403 492 404 387 404 385 404
158 4 488 402 492 402 492 403 488 403
159 4 488 401 492 401 492 402 488 402
160 5 385 401 488 401 488 402 488 403 385 403
161 6 385 400 395 400 492 400 492 401 488 401 385 401
162 6 395 399 403 399 444 399 492 399 492 400 395 400
163 4 444 398 492 398 492 399 444 399
164 4 403 398 444 398 444 399 403 399
165 4 395 398 403 398 403 399 395 399
166 7 395 397 425 397 492 397 492 398 444 398 403 398 395 398
167 6 385 397 395 397 395 398 395 399 395 400 385 400
168 6 382 409 384 409 385 409 385 417 382 417 382 412
169 8 384 397 385 397 385 400 385 401 385 403 385 404 385 409 384 409
170 5 425 395 492 395 492 397 425 397 425 396
171 4 425 393 492 393 492 395 425 395
172 7 384 396 418 396 425 396 425 397 395 397 385 397 384 397
173 6 418 393 425 393 425 395 425 396 418 396 418 394
174 6 418 392 485 392 492 392 492 393 425 393 418 393
175 4 485 390 492 390 492 392 485 392
176 4 418 390 485 390 485 392 418 392
177 9 418 381 492 381 492 390 485 390 418 390 418 389 418 388 418 384 418 383
178 4 418 374 492 374 492 381 418 381
179 5 384 394 412 394 418 394 418 396 384 396
180 6 382 394 384 394 384 396 384 397 384 409 382 409
181 7 412 389 418 389 418 390 418 392 418 393 418 394 412 394
182 5 382 389 412 389 412 394 384 394 382 394
183 4 380 412 382 412 382 417 380 417
184 5 379 412 380 412 380 417 379 417 379 415
185 7 375 415 376 415 378 415 379 415 379 417 379 422 375 422
186 4 378 412 379 412 379 415 378 415
187 8 378 389 382 389 382 394 382 409 382 412 380 412 379 412 378 412
188 7 378 388 413 388 418 388 418 389 412 389 382 389 378 389
189 7 376 388 377 388 378 388 378 389 378 412 378 415 376 415
190 4 413 384 418 384 418 388 413 388
191 5 377 384 413 384 413 388 378 388 377 388
192 4 376 384 377 384 377 388 376 388
193 8 376 383 397 383 398 383 418 383 418 384 413 384 377 384 376 384
194 7 398 374 418 374 418 381 418 383 398 383 398 380 398 376
195 5 398 373 492 373 492 374 418 374 398 374
196 4 397 380 398 380 398 383 397 383
197 5 397 376 398 376 398 380 397 380 397 378
198 6 376 378 397 378 397 380 397 383 376 383 376 382
199 4 376 376 397 376 397 378 376 378
200 9 375 382 376 382 376 383 376 384 376 388 376 415 375 415 375 410 375 406
201 5 374 410 375 410 375 415 375 422 374 422
202 5 371 410 374 410 374 422 374 423 371 423
203 6 371 406 372 406 375 406 375 410 374 410 371 410
204 5 370 406 371 406 371 410 371 423 370 423
205 4 368 406 370 406 370 423 368 423
206 4 372 382 375 382 375 406 372 406
207 6 372 376 376 376 376 378 376 382 375 382 372 382
208 7 372 373 398 373 398 374 398 376 397 376 376 376 372 376
209 5 372 372 492 372 492 373 398 373 372 373
210 10 368 372 372 372 372 373 372 376 372 382 372 406 371 406 370 406 368 406 368 405
211 5 367 405 368 405 368 406 368 423 367 423
212 5 364 405 367 405 367 423 367 427 364 427
213 6 364 372 368 372 368 405 367 405 364 405 364 385
214 8 364 371 396 371 448 371 492 371 492 372 372 372 368 372 364 372
215 4 448 369 492 369 492 371 448 371
216 5 448 365 492 365 492 369 448 369 448 368
217 7 396 368 410 368 448 368 448 369 448 371 396 371 396 370
218 4 410 365 448 365 448 368 410 368
219 5 410 364 492 364 492 365 448 365 410 365
220 5 410 363 471 363 492 363 492 364 410 364
221 5 471 341 492 341 492 363 471 363 471 352
222 4 410 352 471 352 471 363 410 363
223 13 396 352 410 352 410 363 410 364 410 365 410 368 396 368 396 366 396 362 396 360 396 359 396 356 396 354
224 4 364 370 396 370 396 371 364 371
225 6 363 385 364 385 364 405 364 427 363 427 363 386
226 5 362 386 363 386 363 427 363 451 362 451
227 4 362 385 363 385 363 386 362 386
228 8 362 370 364 370 364 371 364 372 364 385 363 385 362 385 362 377
229 6 362 366 396 366 396 368 396 370 364 370 362 370
230 6 361 377 362 377 362 385 362 386 362 451 361 451
231 6 359 377 361 377 361 451 361 507 359 507 359 431
232 9 333 431 348 431 354 431 356 431 357 431 358 431 359 431 359 507 333 507
233 4 358 377 359 377 359 431 358 431
234 4 357 377 358 377 358 431 357 431
235 8 357 366 362 366 362 370 362 377 361 377 359 377 358 377 357 377
236 5 356 366 357 366 357 377 357 431 356 431
237 5 354 366 356 366 356 431 354 431 354 375
238 7 354 362 396 362 396 366 362 366 357 366 356 366 354 366
239 8 348 375 349 375 350 375 351 375 352 375 354 375 354 431 348 431
240 6 352 362 353 362 354 362 354 366 354 375 352 375
241 4 351 362 352 362 352 375 351 375
242 7 353 360 369 360 396 360 396 362 354 362 353 362 353 361
243 5 351 361 353 361 353 362 352 362 351 362
244 5 350 361 351 361 351 362 351 375 350 375
245 4 349 361 350 361 350 375 349 375
246 4 348 361 349 361 349 375 348 375
247 6 333 361 335 361 348 361 348 375 348 431 333 431
248 11 335 360 339 360 344 360 346 360 353 360 353 361 351 361 350 361 349 361 348 361 335 361
249 4 369 359 396 359 396 360 369 360
250 6 346 359 347 359 369 359 369 360 353 360 346 360
251 7 347 356 366 356 396 356 396 359 369 359 347 359 347 358
252 5 366 354 386 354 396 354 396 356 366 356
253 5 347 354 366 354 366 356 347 356 347 355
254 4 346 358 347 358 347 359 346 359
255 5 344 358 346 358 346 359 346 360 344 360
256 6 344 355 347 355 347 356 347 358 346 358 344 358
257 4 344 354 347 354 347 355 344 355
258 4 386 352 396 352 396 354 386 354
259 11 386 341 442 341 471 341 471 352 410 352 396 352 386 352 386 350 386 348 386 345 386 343
260 11 442 328 445 328 492 328 492 341 471 341 442 341 442 335 442 334 442 332 442 331 442 329
261 10 386 335 390 335 426 335 442 335 442 341 386 341 386 340 386 339 386 338 386 337
262 8 344 350 386 350 386 352 386 354 366 354 347 354 344 354 344 353
263 8 339 353 342 353 344 353 344 354 344 355 344 358 344 360 339 360
264 5 335 353 336 353 339 353 339 360 335 360
265 6 342 350 343 350 344 350 344 353 342 353 342 351
266 5 336 351 342 351 342 353 339 353 336 353
267 4 336 350 342 350 342 351 336 351
268 6 343 348 386 348 386 350 344 350 343 350 343 349
269 7 336 349 338 349 341 349 343 349 343 350 342 350 336 350
270 4 341 348 343 348 343 349 341 349
271 5 341 345 386 345 386 348 343 348 341 348
272 4 341 343 386 343 386 345 341 345
273 5 341 340 386 340 386 341 386 343 341 343
274 8 338 340 341 340 341 343 341 345 341 348 341 349 338 349 338 342
275 4 336 342 338 342 338 349 336 349
276 8 335 342 336 342 336 349 336 350 336 351 336 353 335 353 335 344
277 5 335 340 338 340 338 342 336 342 335 342
278 6 333 344 335 344 335 353 335 360 335 361 333 361
279 8 330 344 332 344 333 344 333 361 333 431 333 507 330 507 330 467
280 6 332 340 335 340 335 342 335 344 333 344 332 344
281 7 332 339 386 339 386 340 341 340 338 340 335 340 332 340
282 5 330 339 332 339 332 340 332 344 330 344
283 4 320 467 330 467 330 507 320 507
284 10 281 467 282 467 300 467 302 467 303 467 307 467 313 467 320 467 320 507 281 507
285 8 313 339 314 339 325 339 330 339 330 344 330 467 320 467 313 467
286 6 325 338 386 338 386 339 332 339 330 339 325 339
287 6 325 337 326 337 328 337 386 337 386 338 325 338
288 4 328 335 386 335 386 337 328 337
289 4 426 334 442 334 442 335 426 335
290 4 426 332 442 332 442 334 426 334
291 4 426 331 442 331 442 332 426 332
292 6 390 331 426 331 426 332 426 334 426 335 390 335
293 5 390 329 442 329 442 331 426 331 390 331
294 6 328 329 390 329 390 331 390 335 386 335 328 335
295 6 328 328 334 328 442 328 442 329 390 329 328 329
296 5 445 326 492 326 492 328 445 328 445 327
297 6 445 308 492 308 492 326 445 326 445 313 445 310
298 8 334 327 337 327 360 327 381 327 445 327 445 328 442 328 334 328
299 7 381 313 445 313 445 326 445 327 381 327 381 325 381 314
300 4 360 325 381 325 381 327 360 327
301 4 337 325 360 325 360 327 337 327
302 7 337 314 381 314 381 325 360 325 337 325 337 317 337 315
303 10 334 317 337 317 337 325 337 327 334 327 334 323 334 322 334 321 334 319 334 318
304 5 328 323 334 323 334 327 334 328 328 328
305 8 326 323 328 323 328 328 328 329 328 335 328 337 326 337 326 330
306 4 325 330 326 330 326 337 325 337
307 6 314 330 325 330 325 337 325 338 325 339 314 339
308 5 314 323 326 323 326 330 325 330 314 330
309 9 314 322 315 322 319 322 324 322 334 322 334 323 328 323 326 323 314 323
310 4 324 321 334 321 334 322 324 322
311 4 324 319 334 319 334 321 324 321
312 4 324 318 334 318 334 319 324 319
313 6 324 317 327 317 331 317 334 317 334 318 324 318
314 7 319 317 324 317 324 318 324 319 324 321 324 322 319 322
315 5 331 315 337 315 337 317 334 317 331 317
316 4 331 314 337 314 337 315 331 315
317 5 331 313 381 313 381 314 337 314 331 314
318 6 331 310 433 310 445 310 445 313 381 313 331 313
319 7 327 310 331 310 331 313 331 314 331 315 331 317 327 317
320 5 433 308 445 308 445 310 433 310 433 309
321 6 433 303 492 303 492 308 445 308 433 308 433 306
322 5 327 309 433 309 433 310 331 310 327 310
323 6 327 306 391 306 433 306 433 308 433 309 327 309
324 4 391 303 433 303 433 306 391 306
325 4 327 303 391 303 391 306 327 306
326 9 327 289 492 289 492 303 433 303 391 303 327 303 327 297 327 293 327 290
327 15 319 297 327 297 327 303 327 306 327 309 327 310 327 317 324 317 319 317 319 312 319 307 319 305 319 301 319 300 319 299
328 5 315 312 319 312 319 317 319 322 315 322
329 5 314 312 315 312 315 322 314 322 314 320
330 7 313 320 314 320 314 322 314 323 314 330 314 339 313 339
331 5 307 320 313 320 313 339 313 467 307 467
332 7 307 312 308 312 310 312 314 312 314 320 313 320 307 320
333 8 310 307 311 307 312 307 319 307 319 312 315 312 314 312 310 312
334 5 312 305 318 305 319 305 319 307 312 307
335 4 318 301 319 301 319 305 318 305
336 6 312 301 318 301 318 305 312 305 312 304 312 302
337 5 311 304 312 304 312 305 312 307 311 307
338 4 310 304 311 304 311 307 310 307
339 6 308 304 310 304 310 307 310 312 308 312 308 311
340 4 307 311 308 311 308 312 307 312
341 6 303 311 307 311 307 312 307 320 307 467 303 467
342 6 303 304 305 304 308 304 308 311 307 311 303 311
343 7 305 302 312 302 312 304 311 304 310 304 308 304 305 304
344 4 303 302 305 302 305 304 303 304
345 6 302 302 303 302 303 304 303 311 303 467 302 467
346 6 302 301 312 301 312 302 305 302 303 302 302 302
347 6 302 300 319 300 319 301 318 301 312 301 302 301
348 10 300 300 302 300 302 301 302 302 302 467 300 467 300 454 300 441 300 430 300 367
349 5 300 299 319 299 319 300 302 300 300 300
350 7 282 454 283 454 296 454 299 454 300 454 300 467 282 467
351 4 299 441 300 441 300 454 299 454
352 4 299 430 300 430 300 441 299 441
353 4 299 367 300 367 300 430 299 430
354 5 299 299 300 299 300 300 300 367 299 367
355 9 296 299 298 299 299 299 299 367 299 430 299 441 299 454 296 454 296 387
356 6 283 387 285 387 289 387 296 387 296 454 283 454
357 5 289 299 291 299 296 299 296 387 289 387
358 7 298 297 316 297 319 297 319 299 300 299 299 299 298 299
359 6 291 297 292 297 298 297 298 299 296 299 291 299
360 7 316 293 327 293 327 297 319 297 316 297 316 296 316 295
361 8 292 296 293 296 297 296 304 296 316 296 316 297 298 297 292 297
362 4 304 295 316 295 316 296 304 296
363 4 304 293 316 293 316 295 304 295
364 5 297 293 304 293 304 295 304 296 297 296
365 6 297 290 327 290 327 293 316 293 304 293 297 293
366 4 297 289 327 289 327 290 297 290
367 6 293 289 297 289 297 290 297 293 297 296 293 296
368 6 293 288 492 288 492 289 327 289 297 289 293 289
369 5 292 288 293 288 293 289 293 296 292 296
370 5 292 287 492 287 492 288 293 288 292 288
371 8 291 287 292 287 292 288 292 296 292 297 291 297 291 294 291 291
372 5 289 294 291 294 291 297 291 299 289 299
373 4 289 291 291 291 291 294 289 294
374 6 285 291 289 291 289 294 289 299 289 387 285 387
375 5 285 287 291 287 291 291 289 291 285 291
376 10 285 275 492 275 492 287 292 287 291 287 285 287 285 286 285 281 285 280 285 279
377 8 283 286 285 286 285 287 285 291 285 387 283 387 283 379 283 324
378 6 283 281 285 281 285 286 283 286 283 285 283 283
379 5 282 379 283 379 283 387 283 454 282 454
380 6 281 379 282 379 282 454 282 467 281 467 281 391
381 6 278 391 279 391 281 391 281 467 281 507 278 507
382 4 274 391 278 391 278 507 274 507
383 4 279 379 281 379 281 391 279 391
384 6 279 324 283 324 283 379 282 379 281 379 279 379
385 6 274 324 279 324 279 379 279 391 278 391 274 391
386 5 272 324 274 324 274 391 274 507 272 507
387 4 268 324 272 324 272 507 268 507
388 10 268 285 269 285 271 285 283 285 283 286 283 324 279 324 274 324 272 324 268 324
389 7 265 285 267 285 268 285 268 324 268 507 265 507 265 298
390 6 271 283 273 283 277 283 283 283 283 285 271 285
391 4 277 281 283 281 283 283 277 283
392 5 277 280 285 280 285 281 283 281 277 281
393 5 277 279 280 279 285 279 285 280 277 280
394 5 280 275 285 275 285 279 280 279 280 276
395 6 280 274 329 274 492 274 492 275 285 275 280 275
396 6 277 276 280 276 280 279 277 279 277 278 277 277
397 8 273 278 276 278 277 278 277 279 277 280 277 281 277 283 273 283
398 4 271 278 273 278 273 283 271 283
399 5 269 278 271 278 271 283 271 285 269 285
400 4 276 277 277 277 277 278 276 278
401 6 269 277 276 277 276 278 273 278 271 278 269 278
402 5 269 276 277 276 277 277 276 277 269 277
403 7 267 276 269 276 269 277 269 278 269 285 268 285 267 285
404 7 267 274 280 274 280 275 280 276 277 276 269 276 267 276
405 4 329 273 492 273 492 274 329 274
406 5 329 272 470 272 492 272 492 273 329 273
407 8 470 263 492 263 492 272 470 272 470 271 470 270 470 269 470 268
408 5 329 271 355 271 470 271 470 272 329 272
409 4 355 270 470 270 470 271 355 271
410 4 329 270 355 270 355 271 329 271
411 8 267 270 329 270 329 271 329 272 329 273 329 274 280 274 267 274
412 8 267 269 309 269 392 269 470 269 470 270 355 270 329 270 267 270
413 8 265 269 267 269 267 270 267 274 267 276 267 285 265 285 265 284
414 6 255 298 256 298 258 298 265 298 265 507 255 507
415 6 258 284 260 284 265 284 265 285 265 298 258 298
416 7 260 269 261 269 262 269 264 269 265 269 265 284 260 284
417 4 392 268 470 268 470 269 392 269
418 4 309 268 392 268 392 269 309 269
419 5 309 263 470 263 470 268 392 268 309 268
420 9 264 263 275 263 309 263 309 268 309 269 267 269 265 269 264 269 264 267
421 7 275 262 301 262 492 262 492 263 470 263 309 263 275 263
422 5 301 258 492 258 492 262 301 262 301 260
423 5 275 260 288 260 301 260 301 262 275 262
424 5 288 258 301 258 301 260 288 260 288 259
425 4 275 259 288 259 288 260 275 260
426 7 264 259 266 259 275 259 275 260 275 262 275 263 264 263
427 5 262 267 263 267 264 267 264 269 262 269
428 5 263 259 264 259 264 263 264 267 263 267
429 6 266 258 270 258 288 258 288 259 275 259 266 259
430 8 270 256 286 256 373 256 492 256 492 258 301 258 288 258 270 258
431 6 373 252 492 252 492 256 373 256 373 255 373 254
432 5 373 249 492 249 492 252 373 252 373 251
433 6 286 255 321 255 322 255 373 255 373 256 286 256
434 4 322 254 373 254 373 255 322 255
435 7 322 251 345 251 373 251 373 252 373 254 322 254 322 253
436 5 321 253 322 253 322 254 322 255 321 255
437 4 321 251 322 251 322 253 321 253
438 4 345 249 373 249 373 251 345 251
439 6 345 247 492 247 492 249 373 249 345 249 345 248
440 4 345 246 492 246 492 247 345 247
441 7 321 248 340 248 345 248 345 249 345 251 322 251 321 251
442 6 286 248 321 248 321 251 321 253 321 255 286 255
443 5 340 246 345 246 345 247 345 248 340 248
444 5 340 245 492 245 492 246 345 246 340 246
445 6 340 242 492 242 492 245 340 245 340 244 340 243
446 6 340 240 453 240 492 240 492 242 340 242 340 241
447 7 286 244 340 244 340 245 340 246 340 248 321 248 286 248
448 5 286 243 294 243 340 243 340 244 286 244
449 5 294 241 340 241 340 242 340 243 294 243
450 4 286 241 294 241 294 243 286 243
451 8 270 241 286 241 286 243 286 244 286 248 286 255 286 256 270 256
452 6 270 240 340 240 340 241 294 241 286 241 270 241
453 6 453 237 492 237 492 240 453 240 453 239 453 238
454 5 270 239 453 239 453 240 340 240 270 240
455 4 270 238 453 238 453 239 270 239
456 8 266 238 270 238 270 239 270 240 270 241 270 256 270 258 266 258
457 5 266 237 453 237 453 238 270 238 266 238
458 5 266 232 492 232 492 237 453 237 266 237
459 8 263 232 266 232 266 237 266 238 266 258 266 259 264 259 263 259
460 5 262 232 263 232 263 259 263 267 262 267
461 11 262 207 287 207 492 207 492 232 266 232 263 232 262 232 262 217 262 212 262 209 262 208
462 6 261 217 262 217 262 232 262 267 262 269 261 269
463 7 260 217 261 217 261 269 260 269 260 228 260 220 260 218
464 7 258 228 259 228 260 228 260 269 260 284 258 284 258 250
465 5 256 250 258 250 258 284 258 298 256 298
466 4 255 250 256 250 256 298 255 298
467 6 255 228 258 228 258 250 256 250 255 250 255 234
468 7 253 234 255 234 255 250 255 298 255 507 253 507 253 235
469 5 252 235 253 235 253 507 252 507 252 236
470 5 243 236 244 236 252 236 252 507 243 507
471 5 244 235 246 235 252 235 252 236 244 236
472 7 246 234 248 234 250 234 253 234 253 235 252 235 246 235
473 5 250 228 255 228 255 234 253 234 250 234
474 5 259 220 260 220 260 228 259 228 259 221
475 7 250 221 251 221 259 221 259 228 258 228 255 228 250 228
476 7 248 221 250 221 250 228 250 234 248 234 248 233 248 222
477 4 246 233 248 233 248 234 246 234
478 5 246 222 248 222 248 233 246 233 246 224
479 6 244 224 246 224 246 233 246 234 246 235 244 235
480 6 243 224 244 224 244 235 244 236 243 236 243 226
481 5 242 226 243 226 243 236 243 507 242 507
482 4 239 226 242 226 242 507 239 507
483 6 238 226 239 226 239 507 238 507 238 231 238 230
484 4 237 231 238 231 238 507 237 507
485 4 237 230 238 230 238 231 237 231
486 7 235 230 237 230 237 231 237 507 235 507 235 490 235 473
487 5 235 226 238 226 238 230 237 230 235 230
488 8 235 224 243 224 243 226 242 226 239 226 238 226 235 226 235 225
489 4 234 490 235 490 235 507 234 507
490 4 233 490 234 490 234 507 233 507
491 4 231 490 233 490 233 507 231 507
492 7 231 473 232 473 235 473 235 490 234 490 233 490 231 490
493 7 218 473 220 473 221 473 231 473 231 490 231 507 218 507
494 7 232 225 235 225 235 226 235 230 235 473 232 473 232 265
495 8 221 265 222 265 227 265 230 265 232 265 232 473 231 473 221 473
496 4 230 225 232 225 232 265 230 265
497 6 227 225 230 225 230 265 227 265 227 229 227 227
498 6 227 224 235 224 235 225 232 225 230 225 227 225
499 7 227 222 246 222 246 224 244 224 243 224 235 224 227 224
500 5 227 221 248 221 248 222 246 222 227 222
501 6 222 229 223 229 226 229 227 229 227 265 222 265
502 4 226 227 227 227 227 229 226 229
503 5 223 227 225 227 226 227 226 229 223 229
504 4 222 227 223 227 223 229 222 229
505 8 225 221 227 221 227 222 227 224 227 225 227 227 226 227 225 227
506 4 251 220 259 220 259 221 251 221
507 5 251 218 260 218 260 220 259 220 251 220
508 10 225 218 229 218 249 218 251 218 251 220 251 221 250 221 248 221 227 221 225 221
509 5 249 217 260 217 260 218 251 218 249 218
510 6 249 212 262 212 262 217 261 217 260 217 249 217
511 5 249 209 257 209 262 209 262 212 249 212
512 8 229 209 249 209 249 212 249 217 249 218 229 218 229 211 229 210
513 4 225 211 229 211 229 218 225 218
514 8 222 211 225 211 225 218 225 221 225 227 223 227 222 227 222 213
515 7 221 213 222 213 222 227 222 229 222 265 221 265 221 214
516 6 220 214 221 214 221 265 221 473 220 473 220 215
517 4 218 215 220 215 220 473 218 473
518 7 217 215 218 215 218 473 218 507 217 507 217 418 217 316
519 4 214 418 217 418 217 507 214 507
520 5 214 316 215 316 217 316 217 418 214 418
521 6 212 316 214 316 214 418 214 507 212 507 212 357
522 5 205 357 207 357 212 357 212 507 205 507
523 5 207 316 211 316 212 316 212 357 207 357
524 4 215 215 217 215 217 316 215 316
525 6 211 215 215 215 215 316 214 316 212 316 211 316
526 7 211 214 220 214 220 215 218 215 217 215 215 215 211 215
527 5 211 213 221 213 221 214 220 214 211 214
528 6 207 213 211 213 211 214 211 215 211 316 207 316
529 6 207 211 222 211 222 213 221 213 211 213 207 213
530 7 207 210 228 210 229 210 229 211 225 211 222 211 207 211
531 7 205 210 207 210 207 211 207 213 207 316 207 357 205 357
532 5 204 210 205 210 205 357 205 507 204 507
533 4 228 209 229 209 229 210 228 210
534 4 257 208 262 208 262 209 257 209
535 4 257 207 262 207 262 208 257 208
536 8 228 207 254 207 257 207 257 208 257 209 249 209 229 209 228 209
537 5 287 202 492 202 492 207 287 207 287 204
538 6 254 204 287 204 287 207 262 207 257 207 254 207
539 5 254 202 287 202 287 204 254 204 254 203
540 5 254 201 492 201 492 202 287 202 254 202
541 6 228 203 254 203 254 204 254 207 228 207 228 206
542 10 204 206 210 206 216 206 228 206 228 207 228 209 228 210 207 210 205 210 204 210
543 5 216 203 228 203 228 206 216 206 216 205
544 6 216 201 254 201 254 202 254 203 228 203 216 203
545 5 216 200 492 200 492 201 254 201 216 201
546 5 210 205 213 205 216 205 216 206 210 206
547 4 204 205 210 205 210 206 204 206
548 10 195 205 196 205 199 205 203 205 204 205 204 206 204 210 204 507 195 507 195 432
549 6 213 200 216 200 216 201 216 203 216 205 213 205
550 8 213 199 240 199 241 199 317 199 492 199 492 200 216 200 213 200
551 5 317 194 492 194 492 199 317 199 317 195
552 6 241 195 317 195 317 199 241 199 241 198 241 196
553 4 240 198 241 198 241 199 240 199
554 4 240 196 241 196 241 198 240 198
555 5 213 196 240 196 240 198 240 199 213 199
556 8 203 196 213 196 213 199 213 200 213 205 210 205 204 205 203 205
557 7 203 195 219 195 241 195 241 196 240 196 213 196 203 196
558 6 219 194 290 194 317 194 317 195 241 195 219 195
559 6 290 193 435 193 492 193 492 194 317 194 290 194
560 5 435 188 474 188 492 188 492 193 435 193
561 5 474 182 492 182 492 188 474 188 474 187
562 4 435 187 474 187 474 188 435 188
563 6 290 187 435 187 435 188 435 193 290 193 290 192
564 7 219 192 224 192 245 192 290 192 290 193 290 194 219 194
565 4 245 187 290 187 290 192 245 192
566 7 245 182 474 182 474 187 435 187 290 187 245 187 245 184
567 5 245 179 492 179 492 182 474 182 245 182
568 7 245 172 492 172 492 179 245 179 245 176 245 174 245 173
569 8 224 184 245 184 245 187 245 192 224 192 224 191 224 186 224 185
570 6 224 176 245 176 245 179 245 182 245 184 224 184
571 4 219 191 224 191 224 192 219 192
572 4 219 186 224 186 224 191 219 191
573 7 203 186 219 186 219 191 219 192 219 194 219 195 203 195
574 8 199 186 201 186 202 186 203 186 203 195 203 196 203 205 199 205
575 7 202 185 208 185 224 185 224 186 219 186 203 186 202 186
576 5 208 176 224 176 224 184 224 185 208 185
577 5 208 174 245 174 245 176 224 176 208 176
578 5 202 174 208 174 208 176 208 185 202 185
579 6 201 174 202 174 202 185 202 186 201 186 201 178
580 6 201 173 245 173 245 174 208 174 202 174 201 174
581 6 199 178 200 178 201 178 201 186 199 186 199 181
582 7 196 181 197 181 198 181 199 181 199 186 199 205 196 205
583 4 198 178 199 178 199 181 198 181
584 4 197 178 198 178 198 181 197 181
585 5 200 173 201 173 201 174 201 178 200 178
586 6 197 173 200 173 200 178 199 178 198 178 197 178
587 6 197 172 245 172 245 173 201 173 200 173 197 173
588 5 197 171 492 171 492 172 245 172 197 172
589 7 196 171 197 171 197 172 197 173 197 178 197 181 196 181
590 5 196 169 492 169 492 171 197 171 196 171
591 6 195 169 196 169 196 171 196 181 196 205 195 205
592 6 195 158 492 158 492 169 196 169 195 169 195 161
593 4 194 432 195 432 195 507 194 507
594 10 194 161 195 161 195 169 195 205 195 432 194 432 194 166 194 165 194 163 194 162
595 6 193 166 194 166 194 432 194 507 193 507 193 437
596 6 190 437 191 437 192 437 193 437 193 507 190 507
597 8 192 166 193 166 193 437 192 437 192 189 192 177 192 170 192 168
598 4 191 189 192 189 192 437 191 437
599 5 191 177 192 177 192 189 191 189 191 180
600 6 190 180 191 180 191 189 191 437 190 437 190 183
601 5 189 183 190 183 190 437 190 507 189 507
602 5 188 183 189 183 189 507 188 507 188 197
603 4 187 197 188 197 188 507 187 507
604 6 184 197 186 197 187 197 187 507 184 507 184 292
605 5 186 183 188 183 188 197 187 197 186 197
606 4 184 183 186 183 186 197 184 197
607 4 180 292 184 292 184 507 180 507
608 7 180 183 181 183 182 183 184 183 184 197 184 292 180 292
609 9 182 180 183 180 190 180 190 183 189 183 188 183 186 183 184 183 182 183
610 6 183 177 185 177 191 177 191 180 190 180 183 180
611 5 185 170 192 170 192 177 191 177 185 177
612 4 185 168 192 168 192 170 185 170
613 4 185 166 192 166 192 168 185 168
614 6 185 165 194 165 194 166 193 166 192 166 185 166
615 7 183 165 185 165 185 166 185 168 185 170 185 177 183 177
616 5 183 163 194 163 194 165 185 165 183 165
617 4 183 162 194 162 194 163 183 163
618 8 182 162 183 162 183 163 183 165 183 177 183 180 182 180 182 167
619 5 182 161 194 161 194 162 183 162 182 162
620 5 181 167 182 167 182 180 182 183 181 183
621 4 180 167 181 167 181 183 180 183
622 7 179 167 180 167 180 183 180 292 180 507 179 507 179 264
623 5 175 264 176 264 179 264 179 507 175 507
624 5 176 167 177 167 179 167 179 264 176 264
625 9 177 161 178 161 182 161 182 162 182 167 181 167 180 167 179 167 177 167
626 6 178 158 195 158 195 161 194 161 182 161 178 161
627 5 178 155 492 155 492 158 195 158 178 158
628 4 178 153 492 153 492 155 178 155
629 7 177 153 178 153 178 155 178 158 178 161 177 161 177 160
630 5 177 151 492 151 492 153 178 153 177 153
631 6 177 146 383 146 492 146 492 151 177 151 177 147
632 5 176 160 177 160 177 161 177 167 176 167
633 5 175 160 176 160 176 167 176 264 175 264
634 5 174 160 175 160 175 264 175 507 174 507
635 9 174 147 177 147 177 151 177 153 177 160 176 160 175 160 174 160 174 149
636 6 173 149 174 149 174 160 174 507 173 507 173 159
637 6 172 159 173 159 173 507 172 507 172 216 172 164
638 4 171 216 172 216 172 507 171 507
639 5 169 216 171 216 171 507 169 507 169 223
640 4 168 223 169 223 169 507 168 507
641 4 166 223 168 223 168 507 166 507
642 4 165 223 166 223 166 507 165 507
643 5 159 223 163 223 165 223 165 507 159 507
644 7 154 223 155 223 156 223 158 223 159 223 159 507 154 507
645 8 163 216 164 216 169 216 169 223 168 223 166 223 165 223 163 223
646 7 164 164 172 164 172 216 171 216 169 216 164 216 164 190
647 4 163 190 164 190 164 216 163 216
648 4 163 164 164 164 164 190 163 190
649 7 158 164 163 164 163 190 163 216 163 223 159 223 158 223
650 7 158 159 170 159 172 159 172 164 164 164 163 164 158 164
651 5 156 159 158 159 158 164 158 223 156 223
652 8 170 149 173 149 173 159 172 159 170 159 170 154 170 152 170 150
653 5 156 154 170 154 170 159 158 159 156 159
654 6 155 154 156 154 156 159 156 223 155 223 155 156
655 4 154 156 155 156 155 223 154 223
656 5 152 156 154 156 154 223 154 507 152 507
657 6 151 156 152 156 152 507 151 507 151 481 151 157
658 4 150 481 151 481 151 507 150 507
659 6 150 157 151 157 151 481 150 481 150 333 150 175
660 5 147 333 150 333 150 481 150 507 147 507
661 9 138 333 139 333 140 333 144 333 146 333 147 333 147 507 138 507 138 336
662 5 146 175 150 175 150 333 147 333 146 333
663 4 146 157 150 157 150 175 146 175
664 6 146 156 149 156 151 156 151 157 150 157 146 157
665 8 144 156 146 156 146 157 146 175 146 333 144 333 144 266 144 257
666 7 149 154 155 154 155 156 154 156 152 156 151 156 149 156
667 5 144 154 149 154 149 156 146 156 144 156
668 7 144 152 170 152 170 154 156 154 155 154 149 154 144 154
669 5 140 266 143 266 144 266 144 333 140 333
670 4 143 257 144 257 144 266 143 266
671 6 143 152 144 152 144 154 144 156 144 257 143 257
672 5 143 150 170 150 170 152 144 152 143 152
673 6 140 150 143 150 143 152 143 257 143 266 140 266
674 5 139 150 140 150 140 266 140 333 139 333
675 7 139 149 157 149 170 149 170 150 143 150 140 150 139 150
676 5 138 149 139 149 139 150 139 333 138 333
677 7 157 147 174 147 174 149 173 149 170 149 157 149 157 148
678 5 138 148 157 148 157 149 139 149 138 149
679 5 137 336 138 336 138 507 137 507 137 347
680 4 135 347 137 347 137 507 135 507
681 4 131 347 135 347 135 507 131 507
682 4 130 347 131 347 131 507 130 507
683 6 130 336 137 336 137 347 135 347 131 347 130 347
684 6 128 336 130 336 130 347 130 507 128 507 128 346
685 8 128 148 138 148 138 149 138 333 138 336 137 336 130 336 128 336
686 6 115 346 116 346 127 346 128 346 128 507 115 507
687 5 127 148 128 148 128 336 128 346 127 346
688 5 116 148 118 148 127 148 127 346 116 346
689 8 118 147 136 147 157 147 157 148 138 148 128 148 127 148 118 148
690 6 136 146 177 146 177 147 174 147 157 147 136 147
691 4 383 145 492 145 492 146 383 146
692 5 136 145 383 145 383 146 177 146 136 146
693 5 136 144 492 144 492 145 383 145 136 145
694 4 136 143 492 143 492 144 136 144
695 8 118 143 120 143 136 143 136 144 136 145 136 146 136 147 118 147
696 8 120 142 124 142 126 142 129 142 492 142 492 143 136 143 120 143
697 4 129 141 492 141 492 142 129 142
698 5 129 140 284 140 492 140 492 141 129 141
699 4 284 139 492 139 492 140 284 140
700 5 129 139 133 139 284 139 284 140 129 140
701 8 133 138 142 138 148 138 167 138 492 138 492 139 284 139 133 139
702 4 167 137 492 137 492 138 167 138
703 4 167 132 492 132 492 137 167 137
704 6 148 132 167 132 167 137 167 138 148 138 148 136
705 6 148 131 439 131 492 131 492 132 167 132 148 132
706 7 439 121 492 121 492 131 439 131 439 130 439 125 439 122
707 4 148 130 439 130 439 131 148 131
708 7 148 125 162 125 439 125 439 130 148 130 148 129 148 127
709 4 142 136 148 136 148 138 142 138
710 8 142 129 148 129 148 130 148 131 148 132 148 136 142 136 142 134
711 5 133 134 142 134 142 136 142 138 133 138
712 5 129 134 133 134 133 138 133 139 129 139
713 7 126 134 129 134 129 139 129 140 129 141 129 142 126 142
714 5 124 134 126 134 126 142 124 142 124 135
715 7 124 129 142 129 142 134 133 134 129 134 126 134 124 134
716 5 120 135 122 135 124 135 124 142 120 142
717 5 122 129 124 129 124 134 124 135 122 135
718 6 122 127 148 127 148 129 142 129 124 129 122 129
719 5 120 127 122 127 122 129 122 135 120 135
720 6 120 125 148 125 148 127 122 127 120 127 120 126
721 7 118 126 120 126 120 127 120 135 120 142 120 143 118 143
722 6 116 126 118 126 118 143 118 147 118 148 116 148
723 5 115 126 116 126 116 148 116 346 115 346
724 6 108 126 109 126 115 126 115 346 115 507 108 507
725 8 109 125 111 125 120 125 120 126 118 126 116 126 115 126 109 126
726 7 162 122 209 122 439 122 439 125 162 125 162 124 162 123
727 7 111 124 112 124 162 124 162 125 148 125 120 125 111 125
728 4 112 123 162 123 162 124 112 124
729 6 112 122 114 122 123 122 162 122 162 123 112 123
730 4 209 121 439 121 439 122 209 122
731 6 209 120 306 120 492 120 492 121 439 121 209 121
732 5 306 119 393 119 492 119 492 120 306 120
733 4 393 118 492 118 492 119 393 119
734 4 393 117 492 117 492 118 393 118
735 4 393 116 492 116 492 117 393 117
736 4 393 115 492 115 492 116 393 116
737 7 393 109 446 109 492 109 492 115 393 115 393 112 393 111
738 8 306 112 393 112 393 115 393 116 393 117 393 118 393 119 306 119
739 4 306 111 393 111 393 112 306 112
740 6 209 111 306 111 306 112 306 119 306 120 209 120
741 7 123 111 209 111 209 120 209 121 209 122 162 122 123 122
742 7 123 109 295 109 393 109 393 111 306 111 209 111 123 111
743 5 446 103 492 103 492 109 446 109 446 104
744 7 295 104 402 104 446 104 446 109 393 109 295 109 295 108
745 6 123 108 141 108 206 108 295 108 295 109 123 109
746 4 206 104 295 104 295 108 206 108
747 4 402 103 446 103 446 104 402 104
748 5 402 100 492 100 492 103 446 103 402 103
749 6 206 100 402 100 402 103 402 104 295 104 206 104
750 5 141 100 206 100 206 104 206 108 141 108
751 6 141 97 492 97 492 100 402 100 206 100 141 100
752 4 141 95 492 95 492 97 141 97
753 6 123 95 141 95 141 97 141 100 141 108 123 108
754 5 123 94 492 94 492 95 141 95 123 95
755 8 114 94 123 94 123 95 123 108 123 109 123 111 123 122 114 122
756 5 112 94 114 94 114 122 112 122 112 110
757 6 112 88 492 88 492 94 123 94 114 94 112 94
758 6 111 110 112 110 112 122 112 123 112 124 111 124
759 7 109 110 110 110 111 110 111 124 111 125 109 125 109 113
760 5 108 113 109 113 109 125 109 126 108 126
761 6 107 113 108 113 108 126 108 507 107 507 107 261
762 4 106 261 107 261 107 507 106 507
763 5 104 261 105 261 106 261 106 507 104 507
764 4 103 261 104 261 104 507 103 507
765 4 101 261 103 261 103 507 101 507
766 7 84 261 89 261 90 261 91 261 101 261 101 507 84 507
767 5 105 113 107 113 107 261 106 261 105 261
768 8 91 113 98 113 105 113 105 261 104 261 103 261 101 261 91 261
769 9 98 110 99 110 100 110 109 110 109 113 108 113 107 113 105 113 98 113
770 9 110 88 112 88 112 94 112 110 111 110 110 110 110 93 110 92 110 91
771 5 100 93 110 93 110 110 109 110 100 110
772 4 100 92 110 92 110 93 100 93
773 4 100 91 110 91 110 92 100 92
774 6 99 91 100 91 100 92 100 93 100 110 99 110
775 6 98 91 99 91 99 110 98 110 98 107 98 98
776 6 98 88 110 88 110 91 100 91 99 91 98 91
777 6 98 87 492 87 492 88 112 88 110 88 98 88
778 6 91 107 97 107 98 107 98 110 98 113 91 113
779 5 97 98 98 98 98 107 97 107 97 102
780 4 91 102 97 102 97 107 91 107
781 6 90 102 91 102 91 107 91 113 91 261 90 261
782 7 90 98 93 98 96 98 97 98 97 102 91 102 90 102
783 5 89 98 90 98 90 102 90 261 89 261
784 7 96 87 98 87 98 88 98 91 98 98 97 98 96 98
785 5 96 86 492 86 492 87 98 87 96 87
786 4 96 85 492 85 492 86 96 86
787 7 93 85 96 85 96 86 96 87 96 98 93 98 93 90
788 5 89 90 93 90 93 98 90 98 89 98
789 9 84 90 85 90 86 90 87 90 88 90 89 90 89 98 89 261 84 261
790 5 88 85 93 85 93 90 89 90 88 90
791 6 88 83 492 83 492 85 96 85 93 85 88 85
792 6 88 81 153 81 160 81 492 81 492 83 88 83
793 4 160 79 492 79 492 81 160 81
794 4 153 79 160 79 160 81 153 81
795 14 153 63 492 63 492 79 160 79 153 79 153 78 153 77 153 74 153 73 153 72 153 71 153 70 153 67 153 64
796 6 88 78 113 78 153 78 153 79 153 81 88 81
797 8 87 78 88 78 88 81 88 83 88 85 88 90 87 90 87 80
798 4 113 77 153 77 153 78 113 78
799 5 87 77 113 77 113 78 88 78 87 78
800 4 86 80 87 80 87 90 86 90
801 5 86 77 87 77 87 78 87 80 86 80
802 8 86 74 132 74 153 74 153 77 113 77 87 77 86 77 86 76
803 8 85 76 86 76 86 77 86 80 86 90 85 90 85 89 85 84
804 4 84 89 85 89 85 90 84 90
805 6 82 89 84 89 84 90 84 261 84 507 82 507
806 5 82 84 85 84 85 89 84 89 82 89
807 5 81 84 82 84 82 89 82 507 81 507
808 4 80 84 81 84 81 507 80 507
809 7 80 76 83 76 85 76 85 84 82 84 81 84 80 84
810 5 79 76 80 76 80 84 80 507 79 507
811 6 83 74 86 74 86 76 85 76 83 76 83 75
812 5 79 75 83 75 83 76 80 76 79 76
813 5 78 75 79 75 79 76 79 507 78 507
814 4 77 75 78 75 78 507 77 507
815 4 76 75 77 75 77 507 76 507
816 7 76 74 83 74 83 75 79 75 78 75 77 75 76 75
817 4 132 73 153 73 153 74 132 74
818 4 132 72 153 72 153 73 132 73
819 9 76 72 92 72 102 72 132 72 132 73 132 74 86 74 83 74 76 74
820 8 75 72 76 72 76 74 76 75 76 507 75 507 75 282 75 101
821 5 102 71 153 71 153 72 132 72 102 72
822 4 92 71 102 71 102 72 92 72
823 6 92 70 95 70 153 70 153 71 102 71 92 71
824 4 95 67 153 67 153 70 95 70
825 6 95 64 125 64 134 64 153 64 153 67 95 67
826 4 134 63 153 63 153 64 134 64
827 5 134 62 492 62 492 63 153 63 134 63
828 5 125 62 134 62 134 63 134 64 125 64
829 5 125 61 492 61 492 62 134 62 125 62
830 5 95 61 125 61 125 62 125 64 95 64
831 7 92 61 95 61 95 64 95 67 95 70 92 70 92 65
832 6 92 60 492 60 492 61 125 61 95 61 92 61
833 7 75 65 92 65 92 70 92 71 92 72 76 72 75 72
834 5 75 60 92 60 92 61 92 65 75 65
835 11 64 282 66 282 67 282 69 282 71 282 72 282 73 282 74 282 75 282 75 507 64 507
836 4 74 101 75 101 75 282 74 282
837 4 73 101 74 101 74 282 73 282
838 7 73 60 75 60 75 65 75 72 75 101 74 101 73 101
839 7 73 56 323 56 492 56 492 60 92 60 75 60 73 60
840 6 72 56 73 56 73 60 73 101 73 282 72 282
841 6 71 56 72 56 72 282 71 282 71 219 71 59
842 4 323 55 492 55 492 56 323 56
843 4 323 54 492 54 492 55 323 55
844 7 71 54 323 54 323 55 323 56 73 56 72 56 71 56
845 6 71 53 416 53 492 53 492 54 323 54 71 54
846 4 69 219 71 219 71 282 69 282
847 5 67 219 68 219 69 219 69 282 67 282
848 6 68 59 70 59 71 59 71 219 69 219 68 219
849 5 67 59 68 59 68 219 67 219 67 66
850 8 70 53 71 53 71 54 71 56 71 59 70 59 70 58 70 57
851 5 67 58 70 58 70 59 68 59 67 59
852 6 66 66 67 66 67 219 67 282 66 282 66 105
853 4 64 105 66 105 66 282 64 282
854 10 58 105 60 105 62 105 63 105 64 105 64 282 64 507 58 507 58 128 58 114
855 7 63 66 66 66 66 105 64 105 63 105 63 82 63 69
856 4 62 82 63 82 63 105 62 105
857 4 60 82 62 82 62 105 60 105
858 5 60 69 63 69 63 82 62 82 60 82
859 5 58 69 60 69 60 82 60 105 58 105
860 5 57 128 58 128 58 507 57 507 57 133
861 4 49 133 57 133 57 507 49 507
862 6 49 128 52 128 55 128 57 128 57 133 49 133
863 6 55 114 56 114 58 114 58 128 57 128 55 128
864 5 56 69 58 69 58 105 58 114 56 114
865 6 56 66 63 66 63 69 60 69 58 69 56 69
866 5 55 66 56 66 56 69 56 114 55 114
867 9 55 58 61 58 67 58 67 59 67 66 66 66 63 66 56 66 55 66
868 7 52 58 55 58 55 66 55 114 55 128 52 128 52 96
869 5 61 57 70 57 70 58 67 58 61 58
870 4 61 53 70 53 70 57 61 57
871 5 416 50 492 50 492 53 416 53 416 51
872 6 61 51 416 51 416 53 71 53 70 53 61 53
873 7 52 51 61 51 61 53 61 57 61 58 55 58 52 58
874 5 52 50 416 50 416 51 61 51 52 51
875 6 52 49 476 49 492 49 492 50 416 50 52 50
876 4 49 96 52 96 52 128 49 128
877 8 48 96 49 96 49 128 49 133 49 507 48 507 48 459 48 99
878 4 47 459 48 459 48 507 47 507
879 5 44 459 45 459 47 459 47 507 44 507
880 6 45 99 46 99 48 99 48 459 47 459 45 459
881 4 44 99 45 99 45 459 44 459
882 4 46 96 48 96 48 99 46 99
883 9 46 49 52 49 52 50 52 51 52 58 52 96 49 96 48 96 46 96
884 4 476 48 492 48 492 49 476 49
885 4 476 47 492 47 492 48 476 48
886 4 476 46 492 46 492 47 476 47
887 4 476 44 492 44 492 46 476 46
888 8 46 44 476 44 476 46 476 47 476 48 476 49 52 49 46 49
889 9 46 37 50 37 94 37 492 37 492 44 476 44 46 44 46 39 46 38
890 9 44 39 46 39 46 44 46 49 46 96 46 99 45 99 44 99 44 40
891 6 43 40 44 40 44 99 44 459 44 507 43 507
892 4 42 40 43 40 43 507 42 507
893 7 40 40 42 40 42 507 40 507 40 45 40 43 40 42
894 5 39 45 40 45 40 507 39 507 39 52
895 5 38 52 39 52 39 507 38 507 38 106
896 7 30 106 32 106 34 106 37 106 38 106 38 507 30 507
897 4 37 52 38 52 38 106 37 106
898 5 34 52 37 52 37 106 34 106 34 68
899 4 32 68 34 68 34 106 32 106
900 4 32 52 34 52 34 68 32 68
901 7 32 45 39 45 39 52 38 52 37 52 34 52 32 52
902 6 30 45 32 45 32 52 32 68 32 106 30 106
903 7 30 43 33 43 40 43 40 45 39 45 32 45 30 45
904 6 29 43 30 43 30 45 30 106 30 507 29 507
905 4 33 42 40 42 40 43 33 43
906 5 33 40 40 40 40 42 33 42 33 41
907 8 33 39 41 39 44 39 44 40 43 40 42 40 40 40 33 40
908 6 29 41 33 41 33 42 33 43 30 43 29 43
909 5 29 39 33 39 33 40 33 41 29 41
910 6 25 39 29 39 29 41 29 43 29 507 25 507
911 5 41 38 46 38 46 39 44 39 41 39
912 6 25 38 41 38 41 39 33 39 29 39 25 39
913 5 20 38 25 38 25 39 25 507 20 507
914 7 20 37 21 37 46 37 46 38 41 38 25 38 20 38
915 4 94 36 492 36 492 37 94 37
916 5 50 36 51 36 94 36 94 37 50 37
917 6 51 35 469 35 492 35 492 36 94 36 51 36
918 5 469 33 492 33 492 35 469 35 469 34
919 7 51 34 54 34 119 34 417 34 469 34 469 35 51 35
920 4 417 33 469 33 469 34 417 34
921 4 119 33 417 33 417 34 119 34
922 8 119 32 236 32 365 32 492 32 492 33 469 33 417 33 119 33
923 5 54 32 119 32 119 33 119 34 54 34
924 7 365 27 492 27 492 32 365 32 365 31 365 29 365 28
925 4 236 31 365 31 365 32 236 32
926 5 236 29 365 29 365 31 236 31 236 30
927 6 54 30 236 30 236 31 236 32 119 32 54 32
928 5 51 30 54 30 54 32 54 34 51 34
929 6 50 30 51 30 51 34 51 35 51 36 50 36
930 6 50 29 236 29 236 30 54 30 51 30 50 30
931 5 50 28 365 28 365 29 236 29 50 29
932 8 21 28 50 28 50 29 50 30 50 36 50 37 46 37 21 37
933 6 21 27 22 27 365 27 365 28 50 28 21 28
934 6 22 26 23 26 492 26 492 27 365 27 22 27
935 4 23 25 492 25 492 26 23 26
936 7 23 24 24 24 26 24 36 24 492 24 492 25 23 25
937 6 36 18 492 18 492 24 36 24 36 23 36 19
938 7 36 14 53 14 59 14 492 14 492 18 36 18 36 15
939 6 26 23 31 23 35 23 36 23 36 24 26 24
940 6 35 19 36 19 36 23 35 23 35 21 35 20
941 4 31 21 35 21 35 23 31 23
942 4 26 21 31 21 31 23 26 23
943 5 26 20 35 20 35 21 31 21 26 21
944 7 24 20 26 20 26 21 26 23 26 24 24 24 24 22
945 4 23 22 24 22 24 24 23 24
946 4 23 20 24 20 24 22 23 22
947 6 23 19 35 19 35 20 26 20 24 20 23 20
948 8 22 19 23 19 23 20 23 22 23 24 23 25 23 26 22 26
949 8 22 15 36 15 36 18 36 19 35 19 23 19 22 19 22 17
950 6 21 17 22 17 22 19 22 26 22 27 21 27
951 6 20 17 21 17 21 27 21 28 21 37 20 37
952 6 19 17 20 17 20 37 20 38 20 507 19 507
953 6 14 17 15 17 18 17 19 17 19 507 14 507
954 8 18 15 22 15 22 17 21 17 20 17 19 17 18 17 18 16
955 5 15 16 17 16 18 16 18 17 15 17
956 4 17 15 18 15 18 16 17 16
957 6 17 14 36 14 36 15 22 15 18 15 17 15
958 6 59 13 65 13 121 13 492 13 492 14 59 14
959 5 121 12 161 12 492 12 492 13 121 13
960 7 161 5 492 5 492 12 161 12 161 10 161 8 161 7
961 5 121 10 161 10 161 12 121 12 121 11
962 4 121 8 161 8 161 10 121 10
963 5 65 11 121 11 121 12 121 13 65 13
964 4 59 11 65 11 65 13 59 13
965 6 59 8 121 8 121 10 121 11 65 11 59 11
966 5 59 7 161 7 161 8 121 8 59 8
967 7 53 7 59 7 59 8 59 11 59 13 59 14 53 14
968 7 53 5 117 5 161 5 161 7 59 7 53 7 53 6
969 6 117 4 247 4 492 4 492 5 161 5 117 5
970 5 247 1 492 1 492 4 247 4 247 3
971 4 117 3 247 3 247 4 117 4
972 6 117 1 145 1 247 1 247 3 117 3 117 2
973 5 145 0 492 0 492 1 247 1 145 1
974 4 117 0 145 0 145 1 117 1
975 6 53 2 117 2 117 3 117 4 117 5 53 5
976 7 17 6 53 6 53 7 53 14 36 14 17 14 17 9
977 7 15 9 16 9 17 9 17 14 17 15 17 16 15 16
978 5 14 9 15 9 15 16 15 17 14 17
979 5 13 9 14 9 14 17 14 507 13 507
980 4 12 9 13 9 13 507 12 507
981 4 11 9 12 9 12 507 11 507
982 4 16 6 17 6 17 9 16 9
983 8 16 2 27 2 28 2 53 2 53 5 53 6 17 6 16 6
984 6 28 0 117 0 117 1 117 2 53 2 28 2
985 4 27 0 28 0 28 2 27 2
986 4 16 0 27 0 27 2 16 2
987 10 11 0 16 0 16 2 16 6 16 9 15 9 14 9 13 9 12 9 11 9
988 6 10 0 11 0 11 9 11 507 10 507 10 434
989 4 9 434 10 434 10 507 9 507
990 4 8 434 9 434 9 507 8 507
991 4 7 434 8 434 8 507 7 507
992 6 7 0 10 0 10 434 9 434 8 434 7 434
993 5 6 0 7 0 7 434 7 507 6 507
994 4 5 0 6 0 6 507 5 507
995 5 4 0 5 0 5 507 4 507 4 413
996 4 3 413 4 413 4 507 3 507
997 4 2 413 3 413 3 507 2 507
998 5 2 0 4 0 4 413 3 413 2 413
999 5 1 0 2 0 2 413 2 507 1 507
1000 4 0 0 1 0 1 507 0 507
1000
1 97 515 0 516 0 516 485 515 485 515 484 515 483 515 479 515 478 515 475 515 472 515 471 515 433 515 431 515 423 515 421 515 420 515 419 515 418 515 417 515 416 515 414 515 411 515 410 515 401 515 400 515 399 515 262 515 260 515 259 515 254 515 248 515 246 515 245 515 243 515 242 515 241 515 238 515 231 515 221 515 215 515 214 515 213 515 207 515 206 515 177 515 176 515 167 515 166 515 164 515 163 515 162 515 160 515 158 515 142 515 141 515 140 515 134 515 124 515 116 515 108 515 107 515 106 515 104 515 103 515 99 515 96 515 94 515 89 515 87 515 86 515 85 515 84 515 83 515 80 515 66 515 61 515 60 515 59 515 54 515 49 515 48 515 41 515 29 515 18 515 17 515 16 515 15 515 11 515 10 515 9 515 8 515 7 515 6 515 5 515 4 515 3 515 2
2 165 0 484 1 484 8 484 9 484 10 484 11 484 17 484 18 484 19 484 20 484 24 484 25 484 26 484 27 484 28 484 29 484 31 484 32 484 35 484 37 484 39 484 40 484 53 484 54 484 57 484 60 484 72 484 80 484 81 484 82 484 83 484 84 484 95 484 116 484 118 484 138 484 140 484 144 484 147 484 155 484 175 484 178 484 181 484 187 484 189 484 190 484 191 484 194 484 196 484 197 484 198 484 201 484 204 484 205 484 206 484 207 484 217 484 218 484 220 484 223 484 225 484 227 484 232 484 233 484 234 484 239 484 240 484 242 484 243 484 244 484 246 484 247 484 251 484 252 484 253 484 255 484 256 484 258 484 265 484 266 484 277 484 281 484 282 484 284 484 291 484 292 484 293 484 294 484 295 484 298 484 299 484 300 484 302 484 307 484 339 484 340 484 343 484 346 484 348 484 359 484 361 484 362 484 363 484 372 484 374 484 375 484 376 484 377 484 378 484 380 484 381 484 382 484 385 484 386 484 387 484 388 484 392 484 405 484 408 484 410 484 411 484 412 484 414 484 415 484 428 484 429 484 431 484 432 484 434 484 435 484 436 484 437 484 440 484 442 484 444 484 445 484 446 484 448 484 449 484 450 484 451 484 452 484 453 484 471 484 476 484 478 484 479 484 480 484 481 484 485 484 488 484 491 484 492 484 493 484 494 484 495 484 497 484 498 484 500 484 501 484 512 484 513 484 515 484 515 485 0 485
3 4 513 483 515 483 515 484 513 484
4 4 512 483 513 483 513 484 512 484
5 7 501 483 502 483 503 483 510 483 512 483 512 484 501 484
6 7 510 479 515 479 515 483 513 483 512 483 510 483 510 482
7 4 510 478 515 478 515 479 510 479
8 5 503 482 507 482 510 482 510 483 503 483
9 5 507 478 510 478 510 479 510 482 507 482
10 6 507 475 509 475 515 475 515 478 510 478 507 478
11 6 503 475 505 475 507 475 507 478 507 482 503 482
12 4 509 472 515 472 515 475 509 475
13 5 509 471 511 471 515 471 515 472 509 472
14 6 505 471 509 471 509 472 509 475 507 475 505 475
15 11 511 433 515 433 515 471 511 471 511 470 511 463 511 442 511 439 511 437 511 436 511 435
16 5 505 470 511 470 511 471 509 471 505 471
17 4 505 463 511 463 511 470 505 470
18 8 505 442 511 442 511 463 505 463 505 448 505 447 505 445 505 444
19 8 503 448 505 448 505 463 505 470 505 471 505 475 503 475 503 458
20 6 502 458 503 458 503 475 503 482 503 483 502 483
21 6 501 458 502 458 502 483 501 483 501 466 501 460
22 5 500 466 501 466 501 483 501 484 500 484
23 4 500 460 501 460 501 466 500 466
24 5 498 460 500 460 500 466 500 484 498 484
25 4 497 460 498 460 498 484 497 484
26 4 495 460 497 460 497 484 495 484
27 7 495 458 501 458 501 460 500 460 498 460 497 460 495 460
28 6 494 458 495 458 495 460 495 484 494 484 494 461
29 9 494 448 503 448 503 458 502 458 501 458 495 458 494 458 494 450 494 449
30 5 493 461 494 461 494 484 493 484 493 468
31 4 492 468 493 468 493 484 492 484
32 4 492 461 493 461 493 468 492 468
33 6 492 450 494 450 494 458 494 461 493 461 492 461
34 8 491 450 492 450 492 461 492 468 492 484 491 484 491 453 491 451
35 5 488 453 491 453 491 484 488 484 488 455
36 6 485 455 488 455 488 484 485 484 485 467 485 456
37 4 481 467 485 467 485 484 481 484
38 4 480 467 481 467 481 484 480 484
39 4 479 467 480 467 480 484 479 484
40 5 478 467 479 467 479 484 478 484 478 481
41 4 476 481 478 481 478 484 476 484
42 4 476 467 478 467 478 481 476 481
43 9 476 456 482 456 485 456 485 467 481 467 480 467 479 467 478 467 476 467
44 7 471 456 476 456 476 467 476 481 476 484 471 484 471 457
45 4 482 455 485 455 485 456 482 456
46 5 482 453 488 453 488 455 485 455 482 455
47 7 482 451 486 451 487 451 491 451 491 453 488 453 482 453
48 5 487 450 489 450 491 450 491 451 487 451
49 6 489 449 494 449 494 450 492 450 491 450 489 450
50 4 487 449 489 449 489 450 487 450
51 5 487 448 494 448 494 449 489 449 487 449
52 6 486 448 487 448 487 449 487 450 487 451 486 451
53 7 486 447 505 447 505 448 503 448 494 448 487 448 486 448
54 4 486 445 505 445 505 447 486 447
55 4 486 444 505 444 505 445 486 445
56 7 482 444 486 444 486 445 486 447 486 448 486 451 482 451
57 8 471 444 482 444 482 451 482 453 482 455 482 456 476 456 471 456
58 6 471 442 505 442 505 444 486 444 482 444 471 444
59 5 453 457 454 457 471 457 471 484 453 484
60 7 454 442 457 442 471 442 471 444 471 456 471 457 454 457
61 6 457 439 511 439 511 442 505 442 471 442 457 442
62 6 457 437 461 437 504 437 511 437 511 439 457 439
63 5 504 436 508 436 511 436 511 437 504 437
64 4 508 435 511 435 511 436 508 436
65 4 504 435 508 435 508 436 504 436
66 8 461 435 466 435 469 435 484 435 504 435 504 436 504 437 461 437
67 6 484 433 511 433 511 435 508 435 504 435 484 435
68 7 484 431 514 431 515 431 515 433 511 433 484 433 484 432
69 9 514 423 515 423 515 431 514 431 514 430 514 429 514 428 514 427 514 426
70 5 484 430 490 430 514 430 514 431 484 431
71 5 490 429 499 429 514 429 514 430 490 430
72 4 484 429 490 429 490 430 484 430
73 5 469 432 484 432 484 433 484 435 469 435
74 6 469 429 484 429 484 430 484 431 484 432 469 432
75 4 499 428 514 428 514 429 499 429
76 7 469 428 474 428 499 428 499 429 490 429 484 429 469 429
77 5 474 427 514 427 514 428 499 428 474 428
78 4 474 426 514 426 514 427 474 427
79 4 474 423 514 423 514 426 474 426
80 5 474 421 515 421 515 423 514 423 474 423
81 8 469 421 474 421 474 423 474 426 474 427 474 428 469 428 469 424
82 5 469 420 515 420 515 421 474 421 469 421
83 8 466 424 469 424 469 428 469 429 469 432 469 435 466 435 466 434
84 5 466 420 469 420 469 421 469 424 466 424
85 5 466 419 515 419 515 420 469 420 466 420
86 5 466 418 468 418 515 418 515 419 466 419
87 4 461 434 466 434 466 435 461 435
88 7 461 418 466 418 466 419 466 420 466 424 466 434 461 434
89 4 468 417 515 417 515 418 468 418
90 5 468 416 475 416 515 416 515 417 468 417
91 4 475 414 515 414 515 416 475 416
92 5 475 411 477 411 515 411 515 414 475 414
93 4 477 410 515 410 515 411 477 411
94 4 477 401 515 401 515 410 477 410
95 9 475 401 477 401 477 410 477 411 475 411 475 408 475 407 475 405 475 404
96 7 468 408 475 408 475 411 475 414 475 416 468 416 468 412
97 7 461 412 468 412 468 416 468 417 468 418 466 418 461 418
98 7 457 412 461 412 461 418 461 434 461 435 461 437 457 437
99 7 457 408 462 408 464 408 468 408 468 412 461 412 457 412
100 9 454 408 455 408 456 408 457 408 457 412 457 437 457 439 457 442 454 442
101 5 464 407 475 407 475 408 468 408 464 408
102 4 464 405 475 405 475 407 464 407
103 5 464 404 467 404 475 404 475 405 464 405
104 6 462 404 464 404 464 405 464 407 464 408 462 408
105 5 467 401 475 401 475 404 467 404 467 403
106 6 467 400 515 400 515 401 477 401 475 401 467 401
107 5 462 403 467 403 467 404 464 404 462 404
108 5 462 400 467 400 467 401 467 403 462 403
109 7 462 399 463 399 465 399 515 399 515 400 467 400 462 400
110 9 456 399 458 399 462 399 462 400 462 403 462 404 462 408 457 408 456 408
111 10 465 262 515 262 515 399 465 399 465 318 465 299 465 298 465 297 465 296 465 263
112 11 463 318 465 318 465 399 463 399 463 352 463 349 463 346 463 344 463 343 463 341 463 322
113 6 458 352 463 352 463 399 462 399 458 399 458 392
114 4 456 392 458 392 458 399 456 399
115 9 455 392 456 392 456 399 456 408 455 408 455 402 455 397 455 395 455 394
116 4 454 402 455 402 455 408 454 408
117 6 453 402 454 402 454 408 454 442 454 457 453 457
118 5 452 402 453 402 453 457 453 484 452 484
119 4 451 402 452 402 452 484 451 484
120 7 451 397 455 397 455 402 454 402 453 402 452 402 451 402
121 5 450 397 451 397 451 402 451 484 450 484
122 4 449 397 450 397 450 484 449 484
123 6 449 395 455 395 455 397 451 397 450 397 449 397
124 4 449 394 455 394 455 395 449 395
125 6 448 394 449 394 449 395 449 397 449 484 448 484
126 4 446 394 448 394 448 484 446 484
127 4 445 394 446 394 446 484 445 484
128 7 445 392 455 392 455 394 449 394 448 394 446 394 445 394
129 8 445 352 458 352 458 392 456 392 455 392 445 392 445 356 445 355
130 8 444 356 445 356 445 392 445 394 445 484 444 484 444 476 444 357
131 4 442 476 444 476 444 484 442 484
132 6 442 357 444 357 444 476 442 476 442 364 442 358
133 7 440 364 442 364 442 476 442 484 440 484 440 413 440 365
134 5 437 413 439 413 440 413 440 484 437 484
135 4 439 365 440 365 440 413 439 413
136 7 437 365 439 365 439 413 437 413 437 374 437 371 437 370
137 8 436 374 437 374 437 413 437 484 436 484 436 385 436 380 436 378
138 5 435 385 436 385 436 484 435 484 435 388
139 5 434 388 435 388 435 484 434 484 434 446
140 4 432 446 434 446 434 484 432 484
141 5 432 388 434 388 434 446 432 446 432 391
142 5 431 391 432 391 432 446 432 484 431 484
143 5 429 391 430 391 431 391 431 484 429 484
144 7 428 391 429 391 429 484 428 484 428 474 428 396 428 393
145 6 415 474 420 474 421 474 428 474 428 484 415 484
146 6 421 396 423 396 427 396 428 396 428 474 421 474
147 4 427 393 428 393 428 396 427 396
148 4 427 391 428 391 428 393 427 393
149 5 423 391 427 391 427 393 427 396 423 396
150 6 430 388 432 388 432 391 431 391 430 391 430 390
151 6 430 385 435 385 435 388 434 388 432 388 430 388
152 7 423 390 430 390 430 391 429 391 428 391 427 391 423 391
153 5 421 390 423 390 423 391 423 396 421 396
154 6 420 390 421 390 421 396 421 474 420 474 420 409
155 5 415 409 416 409 420 409 420 474 415 474
156 6 414 409 415 409 415 474 415 484 414 484 414 440
157 4 416 390 420 390 420 409 416 409
158 8 416 385 430 385 430 388 430 390 423 390 421 390 420 390 416 390
159 7 414 385 416 385 416 390 416 409 415 409 414 409 414 387
160 4 412 440 414 440 414 484 412 484
161 5 412 387 414 387 414 409 414 440 412 440
162 6 411 387 412 387 412 440 412 484 411 484 411 459
163 5 410 459 411 459 411 484 410 484 410 465
164 4 408 465 410 465 410 484 408 484
165 4 408 459 410 459 410 465 408 465
166 5 405 459 408 459 408 465 408 484 405 484
167 4 392 459 405 459 405 484 392 484
168 10 392 387 394 387 395 387 411 387 411 459 410 459 408 459 405 459 392 459 392 425
169 13 395 385 397 385 399 385 400 385 401 385 403 385 404 385 413 385 414 385 414 387 412 387 411 387 395 387
170 8 413 380 436 380 436 385 435 385 430 385 416 385 414 385 413 385
171 6 404 380 409 380 413 380 413 385 404 385 404 381
172 5 409 378 436 378 436 380 413 380 409 380
173 4 409 374 436 374 436 378 409 378
174 6 409 371 422 371 437 371 437 374 436 374 409 374
175 9 404 371 407 371 409 371 409 374 409 378 409 380 404 380 404 377 404 373
176 5 403 381 404 381 404 385 403 385 403 382
177 5 401 382 403 382 403 385 401 385 401 384
178 4 401 381 403 381 403 382 401 382
179 4 400 384 401 384 401 385 400 385
180 5 400 381 401 381 401 382 401 384 400 384
181 7 400 377 404 377 404 380 404 381 403 381 401 381 400 381
182 4 400 373 404 373 404 377 400 377
183 9 399 373 400 373 400 377 400 381 400 384 400 385 399 385 399 379 399 376
184 4 397 379 399 379 399 385 397 385
185 5 395 379 396 379 397 379 397 385 395 385
186 5 396 376 399 376 399 379 397 379 396 379
187 4 396 373 399 373 399 376 396 376
188 5 395 373 396 373 396 376 396 379 395 379
189 6 394 373 395 373 395 379 395 385 395 387 394 387
190 9 394 371 398 371 404 371 404 373 400 373 399 373 396 373 395 373 394 373
191 5 422 370 433 370 437 370 437 371 422 371
192 5 407 370 422 370 422 371 409 371 407 371
193 5 398 370 407 370 407 371 404 371 398 371
194 4 433 365 437 365 437 370 433 370
195 6 433 364 440 364 440 365 439 365 437 365 433 365
196 7 398 364 433 364 433 365 433 370 422 370 407 370 398 370
197 7 394 364 398 364 398 370 398 371 394 371 394 368 394 367
198 6 392 368 394 368 394 371 394 373 394 387 392 387
199 7 388 425 390 425 391 425 392 425 392 459 392 484 388 484
200 5 391 368 392 368 392 387 392 425 391 425
201 5 391 367 394 367 394 368 392 368 391 368
202 5 390 367 391 367 391 368 391 425 390 425
203 5 390 364 394 364 394 367 391 367 390 367
204 8 390 358 442 358 442 364 440 364 433 364 398 364 394 364 390 364
205 6 388 358 390 358 390 364 390 367 390 425 388 425
206 7 388 357 419 357 441 357 442 357 442 358 390 358 388 358
207 6 387 357 388 357 388 358 388 425 388 484 387 484
208 5 441 356 444 356 444 357 442 357 441 357
209 5 441 355 445 355 445 356 444 356 441 356
210 4 441 352 445 352 445 355 441 355
211 6 419 352 441 352 441 355 441 356 441 357 419 357
212 7 419 349 463 349 463 352 458 352 445 352 441 352 419 352
213 5 419 346 443 346 463 346 463 349 419 349
214 5 443 344 459 344 463 344 463 346 443 346
215 5 419 344 425 344 443 344 443 346 419 346
216 8 387 344 419 344 419 346 419 349 419 352 419 357 388 357 387 357
217 8 386 344 387 344 387 357 387 484 386 484 386 454 386 398 386 347
218 4 459 343 463 343 463 344 459 344
219 5 425 343 459 343 459 344 443 344 425 344
220 5 425 341 463 341 463 343 459 343 425 343
221 6 425 322 463 322 463 341 425 341 425 331 425 328
222 9 386 331 425 331 425 341 425 343 425 344 419 344 387 344 386 344 386 334
223 4 385 454 386 454 386 484 385 484
224 4 382 454 385 454 385 484 382 484
225 4 381 454 382 454 382 484 381 484
226 4 380 454 381 454 381 484 380 484
227 7 380 398 386 398 386 454 385 454 382 454 381 454 380 454
228 5 378 398 380 398 380 454 380 484 378 484
229 4 377 398 378 398 378 484 377 484
230 7 377 347 379 347 386 347 386 398 380 398 378 398 377 398
231 6 376 347 377 347 377 398 377 484 376 484 376 350
232 5 375 350 376 350 376 484 375 484 375 366
233 5 374 366 375 366 375 484 374 484 374 375
234 6 372 375 374 375 374 484 372 484 372 477 372 386
235 9 363 477 364 477 365 477 366 477 367 477 368 477 372 477 372 484 363 484
236 6 368 386 369 386 371 386 372 386 372 477 368 477
237 4 367 386 368 386 368 477 367 477
238 4 371 375 372 375 372 386 371 386
239 4 369 375 371 375 371 386 369 386
240 5 367 375 369 375 369 386 368 386 367 386
241 7 367 366 374 366 374 375 372 375 371 375 369 375 367 375
242 5 367 350 375 350 375 366 374 366 367 366
243 7 366 350 367 350 367 366 367 375 367 386 367 477 366 477
244 4 365 350 366 350 366 477 365 477
245 7 365 347 376 347 376 350 375 350 367 350 366 350 365 350
246 6 364 347 365 347 365 350 365 477 364 477 364 415
247 7 379 334 386 334 386 344 386 347 379 347 379 338 379 336
248 7 364 338 379 338 379 347 377 347 376 347 365 347 364 347
249 4 363 415 364 415 364 477 363 477
250 6 362 415 363 415 363 477 363 484 362 484 362 462
251 4 361 462 362 462 362 484 361 484
252 4 359 462 361 462 361 484 359 484
253 4 348 462 359 462 359 484 348 484
254 7 348 415 350 415 362 415 362 462 361 462 359 462 348 462
255 11 350 338 357 338 360 338 364 338 364 347 364 415 363 415 362 415 350 415 350 362 350 361
256 5 360 336 379 336 379 338 364 338 360 338
257 4 360 334 379 334 379 336 360 336
258 6 360 331 386 331 386 334 379 334 360 334 360 333
259 7 357 333 360 333 360 334 360 336 360 338 357 338 357 335
260 4 350 335 357 335 357 338 350 338
261 7 350 333 351 333 353 333 355 333 357 333 357 335 350 335
262 5 355 331 360 331 360 333 357 333 355 333
263 6 355 328 425 328 425 331 386 331 360 331 355 331
264 5 353 328 355 328 355 331 355 333 353 333
265 9 353 322 373 322 425 322 425 328 355 328 353 328 353 325 353 324 353 323
266 6 351 325 353 325 353 328 353 333 351 333 351 329
267 4 351 324 353 324 353 325 351 325
268 6 350 329 351 329 351 333 350 333 350 332 350 330
269 4 348 362 350 362 350 415 348 415
270 6 346 362 348 362 348 415 348 462 348 484 346 484
271 4 343 362 346 362 346 484 343 484
272 4 340 362 343 362 343 484 340 484
273 5 339 362 340 362 340 484 339 484 339 464
274 11 339 361 341 361 344 361 345 361 350 361 350 362 348 362 346 362 343 362 340 362 339 362
275 9 345 332 350 332 350 333 350 335 350 338 350 361 345 361 345 359 345 348
276 4 344 359 345 359 345 361 344 361
277 4 341 359 344 359 344 361 341 361
278 4 339 359 341 359 341 361 339 361
279 10 307 464 309 464 319 464 325 464 327 464 334 464 335 464 339 464 339 484 307 484
280 7 335 359 337 359 339 359 339 361 339 362 339 464 335 464
281 8 337 348 338 348 345 348 345 359 344 359 341 359 339 359 337 359
282 4 338 332 345 332 345 348 338 348
283 5 337 332 338 332 338 348 337 348 337 337
284 5 335 337 337 337 337 348 337 359 335 359
285 5 334 337 335 337 335 359 335 464 334 464
286 4 327 337 334 337 334 464 327 464
287 6 327 332 337 332 337 337 335 337 334 337 327 337
288 5 325 332 327 332 327 337 327 464 325 464
289 8 325 330 350 330 350 332 345 332 338 332 337 332 327 332 325 332
290 6 319 330 320 330 325 330 325 332 325 464 319 464
291 5 320 329 350 329 350 330 325 330 320 330
292 9 320 324 321 324 323 324 351 324 351 325 351 329 350 329 320 329 320 327
293 8 323 323 330 323 333 323 336 323 353 323 353 324 351 324 323 324
294 4 336 322 353 322 353 323 336 323
295 7 373 318 463 318 463 322 425 322 373 322 373 321 373 320
296 9 373 299 465 299 465 318 463 318 373 318 373 316 373 315 373 301 373 300
297 5 336 321 373 321 373 322 353 322 336 322
298 4 336 320 373 320 373 321 336 321
299 6 333 320 336 320 336 321 336 322 336 323 333 323
300 6 333 316 373 316 373 318 373 320 336 320 333 320
301 5 330 316 333 316 333 320 333 323 330 323
302 6 330 315 356 315 373 315 373 316 333 316 330 316
303 5 323 315 330 315 330 316 330 323 323 323
304 8 356 301 373 301 373 315 356 315 356 314 356 311 356 307 356 303
305 5 323 314 356 314 356 315 330 315 323 315
306 5 323 311 347 311 356 311 356 314 323 314
307 7 321 311 323 311 323 314 323 315 323 323 323 324 321 324
308 5 347 307 356 307 356 311 347 311 347 310
309 5 321 310 347 310 347 311 323 311 321 311
310 6 321 307 347 307 347 310 321 310 321 309 321 308
311 7 320 309 321 309 321 310 321 311 321 324 320 324 320 317
312 5 319 327 320 327 320 329 320 330 319 330
313 7 309 327 315 327 316 327 319 327 319 330 319 464 309 464
314 6 316 317 320 317 320 324 320 327 319 327 316 327
315 4 315 317 316 317 316 327 315 327
316 6 315 309 318 309 320 309 320 317 316 317 315 317
317 5 318 308 321 308 321 309 320 309 318 309
318 4 315 308 318 308 318 309 315 309
319 10 309 308 310 308 311 308 312 308 314 308 315 308 315 309 315 317 315 327 309 327
320 6 314 307 321 307 321 308 318 308 315 308 314 308
321 8 314 303 356 303 356 307 347 307 321 307 314 307 314 306 314 305
322 5 312 306 314 306 314 307 314 308 312 308
323 4 312 305 314 305 314 306 312 306
324 4 312 303 314 303 314 305 312 305
325 6 311 303 312 303 312 305 312 306 312 308 311 308
326 6 311 301 356 301 356 303 314 303 312 303 311 303
327 6 311 300 349 300 373 300 373 301 356 301 311 301
328 4 349 299 373 299 373 300 349 300
329 9 349 298 352 298 358 298 402 298 418 298 465 298 465 299 373 299 349 299
330 4 418 297 465 297 465 298 418 298
331 4 418 296 465 296 465 297 418 297
332 5 402 296 418 296 418 297 418 298 402 298
333 7 402 263 465 263 465 296 418 296 402 296 402 289 402 279
334 6 358 289 402 289 402 296 402 298 358 298 358 290
335 4 352 290 358 290 358 298 352 298
336 7 349 290 352 290 352 298 349 298 349 295 349 294 349 292
337 6 311 295 349 295 349 298 349 299 349 300 311 300
338 7 310 295 311 295 311 300 311 301 311 303 311 308 310 308
339 5 310 294 349 294 349 295 311 295 310 295
340 5 310 292 329 292 349 292 349 294 310 294
341 6 309 292 310 292 310 294 310 295 310 308 309 308
342 8 307 292 309 292 309 308 309 327 309 464 307 464 307 406 307 312
343 5 329 290 349 290 349 292 329 292 329 291
344 7 329 289 354 289 358 289 358 290 352 290 349 290 329 290
345 7 307 291 313 291 329 291 329 292 310 292 309 292 307 292
346 6 302 406 306 406 307 406 307 464 307 484 302 484
347 5 306 312 307 312 307 406 306 406 306 351
348 4 302 351 306 351 306 406 302 406
349 5 302 312 305 312 306 312 306 351 302 351
350 7 300 312 301 312 302 312 302 351 302 406 302 484 300 484
351 4 299 312 300 312 300 484 299 484
352 6 305 291 307 291 307 292 307 312 306 312 305 312
353 5 313 289 329 289 329 290 329 291 313 291
354 8 354 279 402 279 402 289 358 289 354 289 354 287 354 285 354 282
355 5 313 287 354 287 354 289 329 289 313 289
356 6 305 287 313 287 313 289 313 291 307 291 305 291
357 6 305 285 342 285 354 285 354 287 313 287 305 287
358 7 301 285 305 285 305 287 305 291 305 312 302 312 301 312
359 7 299 285 301 285 301 312 300 312 299 312 299 304 299 288
360 7 298 304 299 304 299 312 299 484 298 484 298 353 298 345
361 5 295 353 296 353 298 353 298 484 295 484
362 4 294 353 295 353 295 484 294 484
363 5 296 345 297 345 298 345 298 353 296 353
364 4 297 304 298 304 298 345 297 345
365 5 296 304 297 304 297 345 296 345 296 339
366 6 296 288 299 288 299 304 298 304 297 304 296 304
367 6 294 339 296 339 296 345 296 353 295 353 294 353
368 5 294 288 296 288 296 304 296 339 294 339
369 6 293 288 294 288 294 339 294 353 294 484 293 484
370 4 292 288 293 288 293 484 292 484
371 4 291 288 292 288 292 484 291 484
372 8 291 285 299 285 299 288 296 288 294 288 293 288 292 288 291 288
373 4 342 282 354 282 354 285 342 285
374 7 291 282 342 282 342 285 305 285 301 285 299 285 291 285
375 9 284 282 285 282 287 282 289 282 291 282 291 285 291 288 291 484 284 484
376 9 289 279 290 279 324 279 332 279 354 279 354 282 342 282 291 282 289 282
377 10 332 263 402 263 402 279 354 279 332 279 332 270 332 269 332 268 332 266 332 265
378 6 324 270 332 270 332 279 324 279 324 275 324 271
379 4 290 275 324 275 324 279 290 279
380 5 290 271 324 271 324 275 290 275 290 273
381 5 289 273 290 273 290 275 290 279 289 279
382 5 287 273 289 273 289 279 289 282 287 282
383 5 287 271 290 271 290 273 289 273 287 273
384 6 285 271 287 271 287 273 287 282 285 282 285 272
385 6 284 272 285 272 285 282 284 282 284 276 284 274
386 5 282 276 284 276 284 282 284 484 282 484
387 8 281 276 282 276 282 484 281 484 281 284 281 280 281 278 281 277
388 7 277 284 278 284 280 284 281 284 281 484 277 484 277 473
389 7 266 473 267 473 269 473 270 473 277 473 277 484 266 484
390 10 270 284 272 284 273 284 274 284 275 284 276 284 277 284 277 473 270 473 270 469
391 5 280 280 281 280 281 284 280 284 280 283
392 4 280 278 281 278 281 280 280 280
393 4 280 277 281 277 281 278 280 278
394 4 278 283 280 283 280 284 278 284
395 7 278 277 279 277 280 277 280 278 280 280 280 283 278 283
396 6 276 277 278 277 278 283 278 284 277 284 276 284
397 4 275 277 276 277 276 284 275 284
398 5 279 276 281 276 281 277 280 277 279 277
399 6 275 276 279 276 279 277 278 277 276 277 275 277
400 7 275 274 284 274 284 276 282 276 281 276 279 276 275 276
401 6 274 274 275 274 275 276 275 277 275 284 274 284
402 5 274 272 284 272 284 274 275 274 274 274
403 5 274 271 285 271 285 272 284 272 274 272
404 7 274 270 324 270 324 271 290 271 287 271 285 271 274 271
405 7 273 270 274 270 274 271 274 272 274 274 274 284 273 284
406 4 272 270 273 270 273 284 272 284
407 7 272 269 332 269 332 270 324 270 274 270 273 270 272 270
408 5 270 269 272 269 272 270 272 284 270 284
409 4 269 469 270 469 270 473 269 473
410 5 267 469 268 469 269 469 269 473 267 473
411 4 266 469 267 469 267 473 266 473
412 6 268 269 270 269 270 284 270 469 269 469 268 469
413 6 268 268 332 268 332 269 272 269 270 269 268 269
414 4 268 266 332 266 332 268 268 268
415 9 266 266 268 266 268 268 268 269 268 469 267 469 266 469 266 441 266 281
416 6 265 441 266 441 266 469 266 473 266 484 265 484
417 5 258 441 264 441 265 441 265 484 258 484
418 6 264 281 266 281 266 441 265 441 264 441 264 438
419 5 258 438 263 438 264 438 264 441 258 441
420 5 263 281 264 281 264 438 263 438 263 354
421 5 258 354 261 354 263 354 263 438 258 438
422 7 256 354 258 354 258 438 258 441 258 484 256 484 256 363
423 4 255 363 256 363 256 484 255 484
424 4 253 363 255 363 255 484 253 484
425 5 253 354 256 354 256 363 255 363 253 363
426 5 252 354 253 354 253 363 253 484 252 484
427 4 261 281 263 281 263 354 261 354
428 10 252 281 260 281 261 281 261 354 258 354 256 354 253 354 252 354 252 302 252 286
429 5 251 302 252 302 252 354 252 484 251 484
430 5 247 302 251 302 251 484 247 484 247 422
431 4 246 422 247 422 247 484 246 484
432 5 244 422 246 422 246 484 244 484 244 452
433 5 244 302 247 302 247 422 246 422 244 422
434 6 244 286 252 286 252 302 251 302 247 302 244 302
435 4 243 452 244 452 244 484 243 484
436 4 242 452 243 452 243 484 242 484
437 4 240 452 242 452 242 484 240 484
438 4 239 452 240 452 240 484 239 484
439 4 234 452 239 452 239 484 234 484
440 11 234 286 235 286 244 286 244 302 244 422 244 452 243 452 242 452 240 452 239 452 234 452
441 5 235 281 252 281 252 286 244 286 235 286
442 7 260 266 266 266 266 281 264 281 263 281 261 281 260 281
443 6 260 265 332 265 332 266 268 266 266 266 260 266
444 7 235 265 236 265 260 265 260 266 260 281 252 281 235 281
445 5 236 263 332 263 332 265 260 265 236 265
446 8 236 262 241 262 248 262 465 262 465 263 402 263 332 263 236 263
447 7 248 260 250 260 262 260 515 260 515 262 465 262 248 262
448 5 262 259 473 259 515 259 515 260 262 260
449 4 473 254 515 254 515 259 473 259
450 6 262 254 438 254 473 254 473 259 262 259 262 255
451 7 438 248 515 248 515 254 473 254 438 254 438 253 438 252
452 4 262 253 438 253 438 254 262 254
453 8 250 255 254 255 262 255 262 259 262 260 250 260 250 258 250 256
454 4 248 258 250 258 250 260 248 260
455 4 248 256 250 256 250 258 248 258
456 7 241 256 245 256 248 256 248 258 248 260 248 262 241 262
457 5 236 256 237 256 241 256 241 262 236 262
458 5 245 255 250 255 250 256 248 256 245 256
459 5 237 255 245 255 245 256 241 256 237 256
460 6 254 253 259 253 262 253 262 254 262 255 254 255
461 5 259 252 438 252 438 253 262 253 259 253
462 4 259 248 438 248 438 252 259 252
463 5 254 248 259 248 259 252 259 253 254 253
464 6 254 246 515 246 515 248 438 248 259 248 254 248
465 4 254 245 515 245 515 246 254 246
466 5 254 243 424 243 515 243 515 245 254 245
467 10 237 243 254 243 254 245 254 246 254 248 254 253 254 255 250 255 245 255 237 255
468 5 424 242 470 242 515 242 515 243 424 243
469 5 237 242 424 242 424 243 254 243 237 243
470 4 470 241 515 241 515 242 470 242
471 4 470 238 515 238 515 241 470 241
472 7 470 231 515 231 515 238 470 238 470 237 470 236 470 235
473 8 237 237 470 237 470 238 470 241 470 242 424 242 237 242 237 239
474 7 236 239 237 239 237 242 237 243 237 255 237 256 236 256
475 9 235 239 236 239 236 256 236 262 236 263 236 265 235 265 235 249 235 244
476 6 234 249 235 249 235 265 235 281 235 286 234 286
477 7 233 249 234 249 234 286 234 452 234 484 233 484 233 319
478 4 232 319 233 319 233 484 232 484
479 4 227 319 232 319 232 484 227 484
480 4 225 319 227 319 227 484 225 484
481 4 223 319 225 319 225 484 223 484
482 9 223 249 228 249 230 249 233 249 233 319 232 319 227 319 225 319 223 319
483 5 220 249 223 249 223 319 223 484 220 484
484 6 230 244 235 244 235 249 234 249 233 249 230 249
485 4 228 244 230 244 230 249 228 249
486 7 220 244 224 244 226 244 228 244 228 249 223 249 220 249
487 7 218 244 220 244 220 249 220 484 218 484 218 267 218 264
488 6 226 239 235 239 235 244 230 244 228 244 226 244
489 6 226 237 237 237 237 239 236 239 235 239 226 239
490 6 226 236 370 236 470 236 470 237 237 237 226 237
491 6 224 236 226 236 226 237 226 239 226 244 224 244
492 5 370 235 460 235 470 235 470 236 370 236
493 5 224 235 370 235 370 236 226 236 224 236
494 5 460 231 470 231 470 235 460 235 460 232
495 9 460 221 506 221 515 221 515 231 470 231 460 231 460 230 460 223 460 222
496 7 224 232 249 232 460 232 460 235 370 235 224 235 224 234
497 9 218 234 219 234 221 234 224 234 224 235 224 236 224 244 220 244 218 244
498 4 217 267 218 267 218 484 217 484
499 6 207 267 210 267 211 267 217 267 217 484 207 484
500 6 211 264 212 264 218 264 218 267 217 267 211 267
501 6 212 234 218 234 218 244 218 264 212 264 212 240
502 5 221 232 224 232 224 234 221 234 221 233
503 6 249 230 271 230 460 230 460 231 460 232 249 232
504 5 221 230 249 230 249 232 224 232 221 232
505 4 219 233 221 233 221 234 219 234
506 5 212 233 219 233 219 234 218 234 212 234
507 7 212 230 214 230 221 230 221 232 221 233 219 233 212 233
508 6 271 223 460 223 460 230 271 230 271 229 271 226
509 7 214 229 257 229 271 229 271 230 249 230 221 230 214 230
510 4 257 226 271 226 271 229 257 229
511 4 214 226 257 226 257 229 214 229
512 6 214 223 215 223 271 223 271 226 257 226 214 226
513 5 215 222 460 222 460 223 271 223 215 223
514 5 215 221 216 221 460 221 460 222 215 222
515 8 506 215 515 215 515 221 506 221 506 219 506 218 506 217 506 216
516 6 216 219 283 219 506 219 506 221 460 221 216 221
517 5 283 218 308 218 506 218 506 219 283 219
518 5 216 218 231 218 283 218 283 219 216 219
519 4 308 217 506 217 506 218 308 218
520 4 308 216 506 216 506 217 308 217
521 4 308 215 506 215 506 216 308 216
522 7 231 215 308 215 308 216 308 217 308 218 283 218 231 218
523 6 231 214 515 214 515 215 506 215 308 215 231 215
524 5 216 214 231 214 231 215 231 218 216 218
525 6 215 214 216 214 216 218 216 219 216 221 215 221
526 6 215 213 515 213 515 214 231 214 216 214 215 214
527 4 215 207 515 207 515 213 215 213
528 4 215 206 515 206 515 207 215 207
529 10 214 206 215 206 215 207 215 213 215 214 215 221 215 222 215 223 214 223 214 208
530 12 214 177 303 177 515 177 515 206 215 206 214 206 214 191 214 189 214 186 214 180 214 179 214 178
531 8 212 208 213 208 214 208 214 223 214 226 214 229 214 230 212 230
532 4 211 240 212 240 212 264 211 264
533 7 211 208 212 208 212 230 212 233 212 234 212 240 211 240
534 7 210 208 211 208 211 240 211 264 211 267 210 267 210 251
535 6 213 191 214 191 214 206 214 208 213 208 213 196
536 6 210 196 213 196 213 208 212 208 211 208 210 208
537 4 207 251 210 251 210 267 207 267
538 5 206 251 207 251 207 267 207 484 206 484
539 6 205 251 206 251 206 484 205 484 205 293 205 261
540 8 205 196 210 196 210 208 210 251 207 251 206 251 205 251 205 197
541 6 204 293 205 293 205 484 204 484 204 360 204 340
542 4 204 261 205 261 205 293 204 293
543 5 204 197 205 197 205 251 205 261 204 261
544 6 201 360 203 360 204 360 204 484 201 484 201 443
545 5 198 443 199 443 201 443 201 484 198 484
546 4 199 360 201 360 201 443 199 443
547 4 203 340 204 340 204 360 203 360
548 5 199 340 203 340 203 360 201 360 199 360
549 5 198 340 199 340 199 360 199 443 198 443
550 10 198 197 204 197 204 261 204 293 204 340 203 340 199 340 198 340 198 200 198 199
551 8 197 200 198 200 198 340 198 443 198 484 197 484 197 212 197 205
552 6 196 212 197 212 197 484 196 484 196 383 196 257
553 4 194 383 196 383 196 484 194 484
554 4 191 383 194 383 194 484 191 484
555 5 191 257 196 257 196 383 194 383 191 383
556 6 190 257 191 257 191 383 191 484 190 484 190 369
557 4 189 369 190 369 190 484 189 484
558 4 187 369 189 369 189 484 187 484
559 6 181 369 182 369 185 369 187 369 187 484 181 484
560 6 185 257 190 257 190 369 189 369 187 369 185 369
561 4 182 257 185 257 185 369 182 369
562 9 182 212 183 212 186 212 196 212 196 257 191 257 190 257 185 257 182 257
563 8 186 205 188 205 197 205 197 212 196 212 186 212 186 210 186 209
564 6 183 210 184 210 186 210 186 212 183 212 183 211
565 4 184 209 186 209 186 210 184 210
566 4 184 205 186 205 186 209 184 209
567 4 188 200 197 200 197 205 188 205
568 6 184 200 188 200 188 205 186 205 184 205 184 204
569 6 183 204 184 204 184 205 184 209 184 210 183 210
570 4 182 211 183 211 183 212 182 212
571 6 181 211 182 211 182 212 182 257 182 369 181 369
572 6 181 204 183 204 183 210 183 211 182 211 181 211
573 7 178 204 180 204 181 204 181 211 181 369 181 484 178 484
574 5 175 204 176 204 178 204 178 484 175 484
575 5 155 204 156 204 175 204 175 484 155 484
576 8 180 200 184 200 184 204 183 204 181 204 180 204 180 202 180 201
577 5 176 202 180 202 180 204 178 204 176 204
578 4 176 201 180 201 180 202 176 202
579 8 156 201 157 201 164 201 176 201 176 202 176 204 175 204 156 204
580 7 164 200 166 200 167 200 180 200 180 201 176 201 164 201
581 11 167 199 168 199 170 199 171 199 198 199 198 200 197 200 188 200 184 200 180 200 167 200
582 6 171 197 172 197 173 197 198 197 198 199 171 199
583 8 173 196 195 196 202 196 205 196 205 197 204 197 198 197 173 197
584 8 202 191 209 191 213 191 213 196 210 196 205 196 202 196 202 195
585 4 195 195 202 195 202 196 195 196
586 5 195 191 200 191 202 191 202 195 195 195
587 6 173 191 177 191 195 191 195 195 195 196 173 196
588 5 209 189 214 189 214 191 213 191 209 191
589 5 200 189 209 189 209 191 202 191 200 191
590 5 200 186 214 186 214 189 209 189 200 189
591 6 177 186 200 186 200 189 200 191 195 191 177 191
592 6 177 180 214 180 214 186 200 186 177 186 177 183
593 6 173 183 177 183 177 186 177 191 173 191 173 184
594 11 172 184 173 184 173 191 173 196 173 197 172 197 172 193 172 192 172 190 172 188 172 185
595 4 171 193 172 193 172 197 171 197
596 6 170 193 171 193 171 197 171 199 170 199 170 198
597 4 168 198 170 198 170 199 168 199
598 4 167 198 168 198 168 199 167 199
599 5 167 193 170 193 170 198 168 198 167 198
600 6 166 193 167 193 167 198 167 199 167 200 166 200
601 7 166 192 172 192 172 193 171 193 170 193 167 193 166 193
602 5 164 192 166 192 166 193 166 200 164 200
603 6 157 192 158 192 164 192 164 200 164 201 157 201
604 6 158 190 172 190 172 192 166 192 164 192 158 192
605 7 158 188 160 188 162 188 165 188 172 188 172 190 158 190
606 5 157 188 158 188 158 190 158 192 157 192
607 4 165 185 172 185 172 188 165 188
608 5 162 185 165 185 165 188 162 188 162 187
609 4 160 187 162 187 162 188 160 188
610 4 160 185 162 185 162 187 160 187
611 6 157 185 160 185 160 187 160 188 158 188 157 188
612 6 156 185 157 185 157 188 157 192 157 201 156 201
613 8 156 184 172 184 172 185 165 185 162 185 160 185 157 185 156 185
614 6 155 184 156 184 156 185 156 201 156 204 155 204
615 7 147 184 149 184 152 184 155 184 155 204 155 484 147 484
616 8 152 183 154 183 173 183 173 184 172 184 156 184 155 184 152 184
617 5 154 180 177 180 177 183 173 183 154 183
618 6 154 179 179 179 214 179 214 180 177 180 154 180
619 5 179 178 208 178 214 178 214 179 179 179
620 4 154 178 179 178 179 179 154 179
621 6 152 178 154 178 154 179 154 180 154 183 152 183
622 5 149 178 152 178 152 183 152 184 149 184
623 4 208 177 214 177 214 178 208 178
624 4 303 176 515 176 515 177 303 177
625 4 303 167 515 167 515 176 303 176
626 11 208 167 303 167 303 176 303 177 214 177 208 177 208 175 208 174 208 172 208 170 208 168
627 8 149 175 208 175 208 177 208 178 179 178 154 178 152 178 149 178
628 4 149 174 208 174 208 175 149 175
629 6 147 174 149 174 149 175 149 178 149 184 147 184
630 6 144 174 147 174 147 184 147 484 144 484 144 228
631 4 140 228 144 228 144 484 140 484
632 4 138 228 140 228 140 484 138 484
633 5 138 174 144 174 144 228 140 228 138 228
634 12 138 172 139 172 141 172 151 172 159 172 193 172 208 172 208 174 149 174 147 174 144 174 138 174
635 8 118 172 119 172 130 172 138 172 138 174 138 228 138 484 118 484
636 5 193 170 208 170 208 172 193 172 193 171
637 4 159 171 193 171 193 172 159 172
638 5 159 170 163 170 193 170 193 171 159 171
639 5 151 170 159 170 159 171 159 172 151 172
640 6 163 168 174 168 208 168 208 170 193 170 163 170
641 4 174 167 208 167 208 168 174 168
642 7 174 166 192 166 515 166 515 167 303 167 208 167 174 167
643 7 192 164 288 164 322 164 383 164 515 164 515 166 192 166
644 6 383 163 406 163 472 163 515 163 515 164 383 164
645 4 472 162 515 162 515 163 472 163
646 4 406 162 472 162 472 163 406 163
647 5 406 160 515 160 515 162 472 162 406 162
648 4 406 158 515 158 515 160 406 160
649 7 406 142 515 142 515 158 406 158 406 151 406 150 406 148
650 9 383 151 393 151 406 151 406 158 406 160 406 162 406 163 383 163 383 157
651 5 322 157 383 157 383 163 383 164 322 164
652 4 288 157 322 157 322 164 288 164
653 6 288 151 383 151 383 157 322 157 288 157 288 152
654 6 192 152 288 152 288 157 288 164 192 164 192 154
655 5 174 154 192 154 192 164 192 166 174 166
656 7 163 154 174 154 174 166 174 167 174 168 163 168 163 161
657 7 151 161 163 161 163 168 163 170 159 170 151 170 151 165
658 4 151 154 163 154 163 161 151 161
659 9 141 165 143 165 148 165 150 165 151 165 151 170 151 172 141 172 141 169
660 5 150 154 151 154 151 161 151 165 150 165
661 6 148 154 150 154 150 165 148 165 148 159 148 155
662 8 148 152 192 152 192 154 174 154 163 154 151 154 150 154 148 154
663 4 143 159 148 159 148 165 143 165
664 4 141 159 143 159 143 165 141 165
665 5 141 155 148 155 148 159 143 159 141 159
666 4 139 169 141 169 141 172 139 172
667 5 130 169 139 169 139 172 138 172 130 172
668 9 130 155 136 155 141 155 141 159 141 165 141 169 139 169 130 169 130 156
669 6 119 156 120 156 130 156 130 169 130 172 119 172
670 7 120 155 121 155 122 155 124 155 130 155 130 156 120 156
671 7 136 152 137 152 148 152 148 154 148 155 141 155 136 155
672 7 124 152 126 152 128 152 136 152 136 155 130 155 124 155
673 6 137 151 288 151 288 152 192 152 148 152 137 152
674 4 393 150 406 150 406 151 393 151
675 8 137 150 142 150 169 150 393 150 393 151 383 151 288 151 137 151
676 5 169 148 406 148 406 150 393 150 169 150
677 5 169 142 406 142 406 148 169 148 169 147
678 5 169 141 515 141 515 142 406 142 169 142
679 4 169 140 515 140 515 141 169 141
680 6 169 134 515 134 515 140 169 140 169 139 169 136
681 5 142 147 169 147 169 148 169 150 142 150
682 9 142 139 146 139 169 139 169 140 169 141 169 142 169 147 142 147 142 144
683 5 137 144 142 144 142 147 142 150 137 150
684 8 128 144 134 144 137 144 137 150 137 151 137 152 136 152 128 152
685 5 126 144 128 144 128 152 126 152 126 146
686 5 134 139 142 139 142 144 137 144 134 144
687 5 146 136 161 136 169 136 169 139 146 139
688 4 161 134 169 134 169 136 161 136
689 5 161 124 515 124 515 134 169 134 161 134
690 6 146 124 161 124 161 134 161 136 146 136 146 133
691 7 146 116 515 116 515 124 161 124 146 124 146 121 146 118
692 8 134 133 146 133 146 136 146 139 142 139 134 139 134 138 134 135
693 8 126 138 129 138 132 138 134 138 134 139 134 144 128 144 126 144
694 4 132 135 134 135 134 138 132 138
695 5 132 133 133 133 134 133 134 135 132 135
696 10 133 121 135 121 145 121 146 121 146 124 146 133 134 133 133 133 133 123 133 122
697 6 132 123 133 123 133 133 132 133 132 129 132 128
698 7 129 129 132 129 132 133 132 135 132 138 129 138 129 130
699 4 129 128 132 128 132 129 129 129
700 4 129 123 132 123 132 128 129 128
701 5 126 130 129 130 129 138 126 138 126 132
702 7 126 123 129 123 129 128 129 129 129 130 126 130 126 126
703 5 124 146 125 146 126 146 126 152 124 152
704 6 122 146 123 146 124 146 124 152 124 155 122 155
705 4 121 146 122 146 122 155 121 155
706 6 125 132 126 132 126 138 126 144 126 146 125 146
707 5 125 126 126 126 126 130 126 132 125 132
708 6 123 126 125 126 125 132 125 146 124 146 123 146
709 5 123 123 126 123 126 126 125 126 123 126
710 8 123 122 127 122 133 122 133 123 132 123 129 123 126 123 123 123
711 7 121 122 123 122 123 123 123 126 123 146 122 146 121 146
712 6 120 122 121 122 121 146 121 155 120 155 120 153
713 4 127 121 133 121 133 122 127 122
714 4 145 118 146 118 146 121 145 121
715 5 135 118 145 118 145 121 135 121 135 119
716 5 135 116 146 116 146 118 145 118 135 118
717 5 135 108 515 108 515 116 146 116 135 116
718 5 127 119 135 119 135 121 133 121 127 121
719 6 127 108 135 108 135 116 135 118 135 119 127 119
720 6 127 107 447 107 515 107 515 108 135 108 127 108
721 11 120 107 127 107 127 108 127 119 127 121 127 122 123 122 121 122 120 122 120 115 120 114
722 5 119 153 120 153 120 155 120 156 119 156
723 5 118 153 119 153 119 156 119 172 118 172
724 6 118 115 120 115 120 122 120 153 119 153 118 153
725 7 116 115 118 115 118 153 118 172 118 484 116 484 116 389
726 12 95 389 101 389 105 389 108 389 110 389 111 389 113 389 114 389 115 389 116 389 116 484 95 484
727 5 115 115 116 115 116 389 115 389 115 313
728 7 115 114 117 114 120 114 120 115 118 115 116 115 115 115
729 5 117 107 120 107 120 114 117 114 117 110
730 4 447 106 515 106 515 107 447 107
731 5 447 104 515 104 515 106 447 106 447 105
732 7 117 105 447 105 447 106 447 107 127 107 120 107 117 107
733 4 115 110 117 110 117 114 115 114
734 4 114 313 115 313 115 389 114 389
735 6 114 110 115 110 115 114 115 115 115 313 114 313
736 6 114 105 117 105 117 107 117 110 115 110 114 110
737 6 113 105 114 105 114 110 114 313 114 389 113 389
738 6 113 104 447 104 447 105 117 105 114 105 113 105
739 5 111 104 113 104 113 105 113 389 111 389
740 6 111 103 515 103 515 104 447 104 113 104 111 104
741 11 110 103 111 103 111 104 111 389 110 389 110 173 110 145 110 125 110 120 110 113 110 112
742 8 110 99 222 99 515 99 515 103 111 103 110 103 110 102 110 100
743 4 108 173 110 173 110 389 108 389
744 5 105 173 107 173 108 173 108 389 105 389
745 5 107 145 110 145 110 173 108 173 107 173
746 4 107 125 110 125 110 145 107 145
747 6 105 125 106 125 107 125 107 145 107 173 105 173
748 5 106 120 110 120 110 125 107 125 106 125
749 5 106 113 110 113 110 120 106 120 106 117
750 4 106 112 110 112 110 113 106 113
751 6 106 102 110 102 110 103 110 112 106 112 106 111
752 5 105 117 106 117 106 120 106 125 105 125
753 6 101 117 105 117 105 125 105 173 105 389 101 389
754 5 95 117 100 117 101 117 101 389 95 389
755 8 84 117 85 117 88 117 90 117 95 117 95 389 95 484 84 484
756 8 100 111 106 111 106 112 106 113 106 117 105 117 101 117 100 117
757 5 100 102 103 102 106 102 106 111 100 111
758 7 103 100 109 100 110 100 110 102 106 102 103 102 103 101
759 4 109 99 110 99 110 100 109 100
760 7 222 96 496 96 515 96 515 99 222 99 222 98 222 97
761 5 496 94 515 94 515 96 496 96 496 95
762 6 496 89 515 89 515 94 496 94 496 91 496 90
763 5 222 95 426 95 496 95 496 96 222 96
764 5 109 98 222 98 222 99 110 99 109 99
765 5 103 98 109 98 109 99 109 100 103 100
766 4 100 101 103 101 103 102 100 102
767 9 90 101 91 101 92 101 100 101 100 102 100 111 100 117 95 117 90 117
768 6 92 98 103 98 103 100 103 101 100 101 92 101
769 8 92 97 93 97 94 97 222 97 222 98 109 98 103 98 92 98
770 5 94 95 222 95 222 96 222 97 94 97
771 6 426 91 496 91 496 94 496 95 426 95 426 92
772 5 94 92 426 92 426 95 222 95 94 95
773 4 94 91 426 91 426 92 94 92
774 6 94 90 96 90 496 90 496 91 426 91 94 91
775 5 96 89 97 89 496 89 496 90 96 90
776 7 97 87 98 87 99 87 515 87 515 89 496 89 97 89
777 4 99 86 515 86 515 87 99 87
778 4 99 85 515 85 515 86 99 86
779 6 99 84 104 84 331 84 515 84 515 85 99 85
780 4 331 83 515 83 515 84 331 84
781 4 331 80 515 80 515 83 331 83
782 7 331 66 515 66 515 80 331 80 331 72 331 71 331 67
783 6 104 72 331 72 331 80 331 83 331 84 104 84
784 4 99 72 104 72 104 84 99 84
785 9 98 72 99 72 99 84 99 85 99 86 99 87 98 87 98 74 98 73
786 6 97 74 98 74 98 87 97 87 97 77 97 76
787 5 96 77 97 77 97 87 97 89 96 89
788 5 94 77 96 77 96 89 96 90 94 90
789 9 93 77 94 77 94 90 94 91 94 92 94 95 94 97 93 97 93 79
790 4 92 79 93 79 93 97 92 97
791 7 91 79 92 79 92 97 92 98 92 101 91 101 91 88
792 4 90 88 91 88 91 101 90 101
793 6 88 88 90 88 90 101 90 117 88 117 88 109
794 5 88 79 91 79 91 88 90 88 88 88
795 4 85 109 88 109 88 117 85 117
796 6 85 79 87 79 88 79 88 88 88 109 85 109
797 7 87 77 93 77 93 79 92 79 91 79 88 79 87 79
798 7 87 76 97 76 97 77 96 77 94 77 93 77 87 77
799 6 87 74 89 74 97 74 97 76 87 76 87 75
800 5 89 73 98 73 98 74 97 74 89 74
801 4 87 73 89 73 89 74 87 74
802 6 85 75 87 75 87 76 87 77 87 79 85 79
803 6 84 75 85 75 85 79 85 109 85 117 84 117
804 5 83 75 84 75 84 117 84 484 83 484
805 4 82 75 83 75 83 484 82 484
806 6 81 75 82 75 82 484 81 484 81 342 81 250
807 9 81 73 87 73 87 74 87 75 85 75 84 75 83 75 82 75 81 75
808 5 80 342 81 342 81 484 80 484 80 480
809 8 72 480 73 480 76 480 78 480 79 480 80 480 80 484 72 484
810 4 79 342 80 342 80 480 79 480
811 5 79 250 81 250 81 342 80 342 79 342
812 5 78 250 79 250 79 342 79 480 78 480
813 5 76 250 77 250 78 250 78 480 76 480
814 5 73 250 75 250 76 250 76 480 73 480
815 7 77 73 81 73 81 75 81 250 79 250 78 250 77 250
816 7 77 72 98 72 98 73 89 73 87 73 81 73 77 73
817 8 77 71 153 71 331 71 331 72 104 72 99 72 98 72 77 72
818 7 75 71 77 71 77 72 77 73 77 250 76 250 75 250
819 4 153 67 331 67 331 71 153 71
820 6 75 67 153 67 153 71 77 71 75 71 75 68
821 5 75 66 331 66 331 67 153 67 75 67
822 9 73 68 74 68 75 68 75 71 75 250 73 250 73 82 73 78 73 69
823 6 72 82 73 82 73 250 73 480 72 480 72 224
824 11 60 224 61 224 62 224 63 224 64 224 65 224 72 224 72 480 72 484 60 484 60 227
825 6 65 82 68 82 71 82 72 82 72 224 65 224
826 5 71 78 73 78 73 82 72 82 71 82
827 5 68 78 70 78 71 78 71 82 68 82
828 6 70 69 73 69 73 78 71 78 70 78 70 70
829 4 70 68 73 68 73 69 70 69
830 5 74 66 75 66 75 67 75 68 74 68
831 7 74 61 515 61 515 66 331 66 75 66 74 66 74 64
832 7 70 64 74 64 74 66 74 68 73 68 70 68 70 65
833 4 68 70 70 70 70 78 68 78
834 5 65 70 68 70 68 78 68 82 65 82
835 6 64 70 65 70 65 82 65 224 64 224 64 203
836 11 64 65 66 65 67 65 69 65 70 65 70 68 70 69 70 70 68 70 65 70 64 70
837 4 69 64 70 64 70 65 69 65
838 4 67 64 69 64 69 65 67 65
839 4 66 64 67 64 67 65 66 65
840 9 66 61 74 61 74 64 70 64 69 64 67 64 66 64 66 63 66 62
841 5 64 63 66 63 66 64 66 65 64 65
842 4 63 203 64 203 64 224 63 224
843 4 62 203 63 203 63 224 62 224
844 7 62 63 64 63 64 65 64 70 64 203 63 203 62 203
845 7 61 63 62 63 62 203 62 224 61 224 61 93 61 81
846 6 61 62 66 62 66 63 64 63 62 63 61 63
847 5 60 93 61 93 61 224 60 224 60 143
848 5 57 227 59 227 60 227 60 484 57 484
849 4 54 227 57 227 57 484 54 484
850 5 53 227 54 227 54 484 53 484 53 372
851 6 40 372 46 372 47 372 53 372 53 484 40 484
852 4 47 227 53 227 53 372 47 372
853 7 59 143 60 143 60 224 60 227 59 227 59 182 59 149
854 4 59 93 60 93 60 143 59 143
855 13 47 182 48 182 49 182 50 182 51 182 52 182 55 182 59 182 59 227 57 227 54 227 53 227 47 227
856 4 55 149 59 149 59 182 55 182
857 5 55 93 59 93 59 143 59 149 55 149
858 6 52 93 55 93 55 149 55 182 52 182 52 127
859 7 52 81 61 81 61 93 60 93 59 93 55 93 52 93
860 5 52 62 61 62 61 63 61 81 52 81
861 4 51 127 52 127 52 182 51 182
862 6 51 62 52 62 52 81 52 93 52 127 51 127
863 6 51 61 66 61 66 62 61 62 52 62 51 62
864 7 51 60 229 60 515 60 515 61 74 61 66 61 51 61
865 7 50 60 51 60 51 61 51 62 51 127 51 182 50 182
866 4 49 60 50 60 50 182 49 182
867 6 229 59 384 59 483 59 515 59 515 60 229 60
868 5 483 54 515 54 515 59 483 59 483 56
869 5 483 49 515 49 515 54 483 54 483 51
870 6 384 56 483 56 483 59 384 59 384 58 384 57
871 6 384 51 483 51 483 54 483 56 384 56 384 52
872 5 229 58 238 58 384 58 384 59 229 59
873 7 49 58 229 58 229 59 229 60 51 60 50 60 49 60
874 5 48 58 49 58 49 60 49 182 48 182
875 5 238 57 317 57 384 57 384 58 238 58
876 7 317 52 326 52 384 52 384 56 384 57 317 57 317 53
877 5 238 53 317 53 317 57 238 57 238 55
878 9 48 55 56 55 58 55 238 55 238 57 238 58 229 58 49 58 48 58
879 5 47 55 48 55 48 58 48 182 47 182
880 7 46 55 47 55 47 182 47 227 47 372 46 372 46 225
881 4 58 53 238 53 238 55 58 55
882 5 58 52 317 52 317 53 238 53 58 53
883 5 56 52 58 52 58 53 58 55 56 55
884 5 326 51 328 51 384 51 384 52 326 52
885 5 328 49 483 49 483 51 384 51 328 51
886 5 328 48 515 48 515 49 483 49 328 49
887 6 326 48 328 48 328 49 328 51 326 51 326 50
888 8 326 41 515 41 515 48 328 48 326 48 326 47 326 46 326 44
889 7 56 50 326 50 326 51 326 52 317 52 58 52 56 52
890 7 46 50 56 50 56 52 56 55 48 55 47 55 46 55
891 7 40 225 41 225 42 225 45 225 46 225 46 372 40 372
892 6 45 50 46 50 46 55 46 225 45 225 45 194
893 7 45 47 326 47 326 48 326 50 56 50 46 50 45 50
894 6 42 194 43 194 44 194 45 194 45 225 42 225
895 5 44 47 45 47 45 50 45 194 44 194
896 4 43 47 44 47 44 194 43 194
897 6 43 46 326 46 326 47 45 47 44 47 43 47
898 4 43 44 326 44 326 46 43 46
899 6 42 44 43 44 43 46 43 47 43 194 42 194
900 5 42 41 326 41 326 44 43 44 42 44
901 5 42 29 515 29 515 41 326 41 42 41
902 9 41 29 42 29 42 41 42 44 42 194 42 225 41 225 41 34 41 31
903 5 40 34 41 34 41 225 40 225 40 35
904 8 39 35 40 35 40 225 40 372 40 484 39 484 39 39 39 37
905 5 37 39 39 39 39 484 37 484 37 40
906 6 35 40 37 40 37 484 35 484 35 45 35 42
907 5 32 45 33 45 35 45 35 484 32 484
908 5 33 42 35 42 35 45 33 45 33 43
909 4 33 40 35 40 35 42 33 42
910 5 33 39 37 39 37 40 35 40 33 40
911 4 32 43 33 43 33 45 32 45
912 6 32 39 33 39 33 40 33 42 33 43 32 43
913 6 31 39 32 39 32 43 32 45 32 484 31 484
914 8 31 37 38 37 39 37 39 39 37 39 33 39 32 39 31 39
915 5 29 37 31 37 31 39 31 484 29 484
916 4 28 37 29 37 29 484 28 484
917 4 27 37 28 37 28 484 27 484
918 4 38 35 39 35 39 37 38 37
919 5 38 34 40 34 40 35 39 35 38 35
920 7 38 31 41 31 41 34 40 34 38 34 38 33 38 32
921 10 27 33 38 33 38 34 38 35 38 37 31 37 29 37 28 37 27 37 27 36
922 6 26 36 27 36 27 37 27 484 26 484 26 131
923 5 25 131 26 131 26 484 25 484 25 137
924 4 24 137 25 137 25 484 24 484
925 4 24 131 25 131 25 137 24 137
926 6 20 131 21 131 24 131 24 137 24 484 20 484
927 5 19 131 20 131 20 484 19 484 19 326
928 7 21 36 22 36 26 36 26 131 25 131 24 131 21 131
929 5 22 33 27 33 27 36 26 36 22 36
930 6 22 32 30 32 38 32 38 33 27 33 22 33
931 5 30 31 36 31 38 31 38 32 30 32
932 5 36 29 41 29 41 31 38 31 36 31
933 9 36 18 112 18 515 18 515 29 42 29 41 29 36 29 36 20 36 19
934 8 30 20 36 20 36 29 36 31 30 31 30 25 30 24 30 21
935 6 22 25 30 25 30 31 30 32 22 32 22 30
936 6 21 30 22 30 22 32 22 33 22 36 21 36
937 7 19 30 21 30 21 36 21 131 20 131 19 131 19 38
938 5 19 25 22 25 22 30 21 30 19 30
939 4 18 326 19 326 19 484 18 484
940 4 17 326 18 326 18 484 17 484
941 6 17 38 19 38 19 131 19 326 18 326 17 326
942 7 11 38 12 38 16 38 17 38 17 326 17 484 11 484
943 9 16 25 19 25 19 30 19 38 17 38 16 38 16 28 16 27 16 26
944 5 12 28 15 28 16 28 16 38 12 38
945 4 11 28 12 28 12 38 11 38
946 5 10 28 11 28 11 38 11 484 10 484
947 6 9 28 10 28 10 484 9 484 9 247 9 220
948 4 15 27 16 27 16 28 15 28
949 7 9 27 15 27 15 28 12 28 11 28 10 28 9 28
950 4 8 247 9 247 9 484 8 484
951 5 1 247 2 247 8 247 8 484 1 484
952 7 2 220 4 220 5 220 9 220 9 247 8 247 2 247
953 5 5 27 9 27 9 28 9 220 5 220
954 7 5 26 14 26 16 26 16 27 15 27 9 27 5 27
955 4 14 25 16 25 16 26 14 26
956 7 14 24 30 24 30 25 22 25 19 25 16 25 14 25
957 6 5 24 13 24 14 24 14 25 14 26 5 26
958 7 4 24 5 24 5 26 5 27 5 220 4 220 4 181
959 6 13 21 30 21 30 24 14 24 13 24 13 22
960 6 4 22 13 22 13 24 5 24 4 24 4 23
961 5 2 181 3 181 4 181 4 220 2 220
962 5 3 23 4 23 4 24 4 181 3 181
963 4 2 23 3 23 3 181 2 181
964 6 1 23 2 23 2 181 2 220 2 247 1 247
965 5 0 23 1 23 1 247 1 484 0 484
966 7 0 22 4 22 4 23 3 23 2 23 1 23 0 23
967 6 0 21 6 21 13 21 13 22 4 22 0 22
968 5 6 20 30 20 30 21 13 21 6 21
969 6 6 19 34 19 36 19 36 20 30 20 6 20
970 4 34 18 36 18 36 19 34 19
971 5 112 17 286 17 515 17 515 18 112 18
972 5 34 17 112 17 112 18 36 18 34 18
973 5 6 17 34 17 34 18 34 19 6 19
974 5 286 16 389 16 515 16 515 17 286 17
975 4 389 15 515 15 515 16 389 16
976 8 389 11 417 11 515 11 515 15 389 15 389 14 389 13 389 12
977 5 286 14 389 14 389 15 389 16 286 16
978 9 6 14 86 14 102 14 286 14 286 16 286 17 112 17 34 17 6 17
979 7 0 14 6 14 6 17 6 19 6 20 6 21 0 21
980 5 102 13 389 13 389 14 286 14 102 14
981 4 102 12 389 12 389 13 102 13
982 5 102 11 304 11 389 11 389 12 102 12
983 4 417 10 515 10 515 11 417 11
984 4 417 9 515 9 515 10 417 10
985 4 417 8 515 8 515 9 417 9
986 4 417 7 515 7 515 8 417 8
987 4 417 6 515 6 515 7 417 7
988 9 304 6 417 6 417 7 417 8 417 9 417 10 417 11 389 11 304 11
989 4 102 6 304 6 304 11 102 11
990 6 102 5 515 5 515 6 417 6 304 6 102 6
991 8 86 5 102 5 102 6 102 11 102 12 102 13 102 14 86 14
992 6 0 5 7 5 86 5 86 14 6 14 0 14
993 6 7 4 515 4 515 5 102 5 86 5 7 5
994 6 7 3 23 3 131 3 515 3 515 4 7 4
995 4 131 2 515 2 515 3 131 3
996 5 131 0 515 0 515 2 131 2 131 1
997 5 23 1 131 1 131 2 131 3 23 3
998 4 7 1 23 1 23 3 7 3
999 5 7 0 131 0 131 1 23 1 7 1
1000 7 0 0 7 0 7 1 7 3 7 4 7 5 0 5
1000
1 110 0 513 6 513 9 513 15 513 20 513 21 513 23 513 24 513 27 513 30 513 31 513 32 513 33 513 34 513 35 513 37 513 38 513 39 513 40 513 41 513 70 513 72 513 73 513 74 513 84 513 85 513 86 513 87 513 88 513 96 513 103 513 113 513 144 513 146 513 148 513 149 513 150 513 151 513 152 513 153 513 154 513 155 513 157 513 159 513 160 513 161 513 176 513 179 513 180 513 182 513 196 513 213 513 215 513 231 513 236 513 239 513 240 513 241 513 243 513 245 513 246 513 247 513 248 513 256 513 257 513 259 513 260 513 261 513 262 513 263 513 264 513 304 513 310 513 311 513 312 513 313 513 315 513 318 513 319 513 320 513 321 513 327 513 333 513 340 513 357 513 358 513 365 513 366 513 367 513 368 513 371 513 372 513 373 513 374 513 376 513 377 513 379 513 401 513 431 513 432 513 446 513 449 513 450 513 452 513 453 513 480 513 486 513 487 513 487 514 0 514
2 154 486 0 487 0 487 513 486 513 486 511 486 510 486 506 486 505 486 504 486 503 486 500 486 499 486 498 486 497 486 496 486 495 486 492 486 491 486 490 486 467 486 444 486 442 486 439 486 436 486 432 486 430 486 429 486 423 486 422 486 412 486 411 486 410 486 409 486 406 486 399 486 398 486 397 486 395 486 393 486 390 486 378 486 376 486 375 486 374 486 371 486 370 486 367 486 366 486 361 486 359 486 356 486 355 486 354 486 353 486 352 486 351 486 337 486 336 486 335 486 326 486 318 486 317 486 316 486 315 486 314 486 311 486 310 486 309 486 307 486 303 486 302 486 300 486 299 486 298 486 296 486 295 486 293 486 289 486 288 486 287 486 286 486 283 486 282 486 281 486 280 486 271 486 269 486 268 486 264 486 262 486 257 486 241 486 239 486 238 486 235 486 205 486 204 486 203 486 201 486 195 486 191 486 185 486 184 486 183 486 182 486 181 486 180 486 178 486 177 486 172 486 168 486 167 486 166 486 164 486 163 486 162 486 161 486 160 486 159 486 158 486 157 486 152 486 151 486 150 486 145 486 142 486 141 486 140 486 139 486 138 486 136 486 110 486 109 486 107 486 106 486 105 486 97 486 96 486 95 486 94 486 93 486 90 486 89 486 88 486 86 486 85 486 84 486 57 486 51 486 34 486 33 486 26 486 24 486 3
3 4 480 511 486 511 486 513 480 513
4 6 453 511 457 511 460 511 480 511 480 513 453 513
5 8 460 510 461 510 462 510 482 510 486 510 486 511 480 511 460 511
6 5 482 506 486 506 486 510 482 510 482 507
7 4 462 507 482 507 482 510 462 510
8 4 462 506 482 506 482 507 462 507
9 6 462 505 464 505 486 505 486 506 482 506 462 506
10 7 464 504 465 504 467 504 469 504 486 504 486 505 464 505
11 5 469 503 470 503 486 503 486 504 469 504
12 5 470 500 484 500 486 500 486 503 470 503
13 4 484 499 486 499 486 500 484 500
14 4 484 498 486 498 486 499 484 499
15 5 470 498 484 498 484 499 484 500 470 500
16 6 470 497 474 497 486 497 486 498 484 498 470 498
17 4 474 496 486 496 486 497 474 497
18 5 474 495 476 495 486 495 486 496 474 496
19 8 476 492 479 492 481 492 483 492 486 492 486 495 476 495 476 493
20 4 483 491 486 491 486 492 483 492
21 4 481 491 483 491 483 492 481 492
22 4 479 491 481 491 481 492 479 492
23 6 479 490 486 490 486 491 483 491 481 491 479 491
24 7 479 467 486 467 486 490 479 490 479 486 479 485 479 468
25 6 476 486 479 486 479 490 479 491 479 492 476 492
26 5 476 485 478 485 479 485 479 486 476 486
27 7 478 468 479 468 479 485 478 485 478 483 478 481 478 474
28 4 476 483 478 483 478 485 476 485
29 4 474 493 476 493 476 495 474 495
30 8 474 483 475 483 476 483 476 485 476 486 476 492 476 493 474 493
31 10 470 483 471 483 473 483 474 483 474 493 474 495 474 496 474 497 470 497 470 484
32 7 469 484 470 484 470 497 470 498 470 500 470 503 469 503
33 4 469 483 470 483 470 484 469 484
34 5 475 481 478 481 478 483 476 483 475 483
35 4 475 474 478 474 478 481 475 481
36 7 473 474 475 474 475 481 475 483 474 483 473 483 473 476
37 6 473 468 478 468 478 474 475 474 473 474 473 472
38 7 471 476 472 476 473 476 473 483 471 483 471 482 471 477
39 5 469 482 471 482 471 483 470 483 469 483
40 4 469 477 471 477 471 482 469 482
41 8 467 477 469 477 469 482 469 483 469 484 469 503 469 504 467 504
42 5 467 476 471 476 471 477 469 477 467 477
43 6 465 476 467 476 467 477 467 504 465 504 465 487
44 5 472 472 473 472 473 474 473 476 472 476
45 4 472 468 473 468 473 472 472 472
46 6 472 467 479 467 479 468 478 468 473 468 472 468
47 6 472 444 486 444 486 467 479 467 472 467 472 462
48 9 465 462 472 462 472 467 472 468 472 472 472 476 471 476 467 476 465 476
49 4 464 487 465 487 465 504 464 504
50 6 462 487 463 487 464 487 464 504 464 505 462 505
51 7 461 487 462 487 462 505 462 506 462 507 462 510 461 510
52 6 463 462 465 462 465 476 465 487 464 487 463 487
53 7 463 444 472 444 472 462 465 462 463 462 463 449 463 447
54 6 461 449 463 449 463 462 463 487 462 487 461 487
55 9 460 449 461 449 461 487 461 510 460 510 460 457 460 455 460 452 460 450
56 6 457 457 460 457 460 510 460 511 457 511 457 470
57 7 453 470 455 470 456 470 457 470 457 511 453 511 453 479
58 5 452 479 453 479 453 511 453 513 452 513
59 4 452 470 453 470 453 479 452 479
60 4 456 457 457 457 457 470 456 470
61 5 455 457 456 457 456 470 455 470 455 458
62 7 452 458 455 458 455 470 453 470 452 470 452 461 452 459
63 7 450 461 452 461 452 470 452 479 452 513 450 513 450 475
64 5 449 475 450 475 450 513 449 513 449 494
65 4 446 494 449 494 449 513 446 513
66 4 432 494 446 494 446 513 432 513
67 11 432 475 434 475 435 475 437 475 438 475 441 475 443 475 449 475 449 494 446 494 432 494
68 5 443 461 450 461 450 475 449 475 443 475
69 7 443 459 444 459 451 459 452 459 452 461 450 461 443 461
70 4 451 458 452 458 452 459 451 459
71 5 451 457 455 457 455 458 452 458 451 458
72 7 451 455 460 455 460 457 457 457 456 457 455 457 451 457
73 5 451 452 460 452 460 455 451 455 451 454
74 8 444 454 451 454 451 455 451 457 451 458 451 459 444 459 444 456
75 5 444 452 451 452 451 454 444 454 444 453
76 6 444 450 445 450 460 450 460 452 451 452 444 452
77 4 445 449 460 449 460 450 445 450
78 6 445 447 463 447 463 449 461 449 460 449 445 449
79 5 444 447 445 447 445 449 445 450 444 450
80 4 443 456 444 456 444 459 443 459
81 7 441 456 443 456 443 459 443 461 443 475 441 475 441 460
82 6 441 453 444 453 444 454 444 456 443 456 441 456
83 4 438 460 441 460 441 475 438 475
84 4 437 460 438 460 438 475 437 475
85 4 435 460 437 460 437 475 435 475
86 7 435 453 441 453 441 456 441 460 438 460 437 460 435 460
87 8 435 447 444 447 444 450 444 452 444 453 441 453 435 453 435 448
88 6 434 448 435 448 435 453 435 460 435 475 434 475
89 4 432 448 434 448 434 475 432 475
90 9 431 448 432 448 432 475 432 494 432 513 431 513 431 512 431 502 431 451
91 7 401 512 402 512 416 512 420 512 431 512 431 513 401 513
92 6 420 502 422 502 429 502 431 502 431 512 420 512
93 5 429 451 431 451 431 502 429 502 429 480
94 5 422 480 427 480 429 480 429 502 422 502
95 5 427 451 428 451 429 451 429 480 427 480
96 5 428 448 431 448 431 451 429 451 428 451
97 7 428 447 435 447 435 448 434 448 432 448 431 448 428 448
98 9 428 444 463 444 463 447 445 447 444 447 435 447 428 447 428 446 428 445
99 9 428 442 439 442 459 442 486 442 486 444 472 444 463 444 428 444 428 443
100 6 427 446 428 446 428 447 428 448 428 451 427 451
101 4 427 445 428 445 428 446 427 446
102 5 427 443 428 443 428 444 428 445 427 445
103 9 422 443 423 443 424 443 427 443 427 445 427 446 427 451 427 480 422 480
104 5 424 442 428 442 428 443 427 443 424 443
105 5 459 439 486 439 486 442 459 442 459 441
106 5 439 441 458 441 459 441 459 442 439 442
107 5 424 441 439 441 439 442 428 442 424 442
108 4 458 439 459 439 459 441 458 441
109 5 424 439 458 439 458 441 439 441 424 441
110 7 424 436 485 436 486 436 486 439 459 439 458 439 424 439
111 8 423 436 424 436 424 439 424 441 424 442 424 443 423 443 423 440
112 4 422 440 423 440 423 443 422 443
113 9 420 440 421 440 422 440 422 443 422 480 422 502 420 502 420 473 420 466
114 6 421 436 423 436 423 440 422 440 421 440 421 437
115 5 485 432 486 432 486 436 485 436 485 435
116 4 485 430 486 430 486 432 485 432
117 7 421 435 468 435 485 435 485 436 424 436 423 436 421 436
118 4 420 437 421 437 421 440 420 440
119 7 416 473 419 473 420 473 420 502 420 512 416 512 416 509
120 4 419 466 420 466 420 473 419 473
121 5 419 437 420 437 420 440 420 466 419 466
122 5 416 437 419 437 419 466 419 473 416 473
123 7 402 509 412 509 413 509 414 509 416 509 416 512 402 512
124 5 414 437 416 437 416 473 416 509 414 509
125 9 414 435 417 435 421 435 421 436 421 437 420 437 419 437 416 437 414 437
126 5 413 435 414 435 414 437 414 509 413 509
127 5 468 430 485 430 485 432 485 435 468 435
128 5 468 429 486 429 486 430 485 430 468 430
129 9 417 429 454 429 468 429 468 430 468 435 421 435 417 435 417 434 417 431
130 6 454 423 486 423 486 429 468 429 454 429 454 425
131 6 417 425 426 425 454 425 454 429 417 429 417 426
132 6 426 423 442 423 448 423 454 423 454 425 426 425
133 4 417 423 426 423 426 425 417 425
134 5 448 422 486 422 486 423 454 423 448 423
135 4 448 412 486 412 486 422 448 422
136 8 442 412 448 412 448 422 448 423 442 423 442 416 442 414 442 413
137 6 417 416 430 416 442 416 442 423 426 423 417 423
138 5 413 434 417 434 417 435 414 435 413 435
139 5 412 434 413 434 413 435 413 509 412 509
140 4 402 434 412 434 412 509 402 509
141 8 402 431 408 431 411 431 417 431 417 434 413 434 412 434 402 434
142 6 411 426 417 426 417 429 417 431 411 431 411 427
143 6 411 416 417 416 417 423 417 425 417 426 411 426
144 4 408 427 411 427 411 431 408 431
145 6 408 416 411 416 411 426 411 427 408 427 408 418
146 4 430 414 442 414 442 416 430 416
147 7 408 414 415 414 430 414 430 416 417 416 411 416 408 416
148 6 402 418 407 418 408 418 408 427 408 431 402 431
149 9 401 418 402 418 402 431 402 434 402 509 402 512 401 512 401 469 401 421
150 13 379 469 380 469 386 469 388 469 393 469 394 469 395 469 397 469 399 469 401 469 401 512 401 513 379 513
151 6 399 421 400 421 401 421 401 469 399 469 399 424
152 4 397 424 399 424 399 469 397 469
153 5 397 421 398 421 399 421 399 424 397 424
154 6 395 421 396 421 397 421 397 424 397 469 395 469
155 4 400 418 401 418 401 421 400 421
156 5 407 414 408 414 408 416 408 418 407 418
157 5 415 413 442 413 442 414 430 414 415 414
158 4 415 412 442 412 442 413 415 413
159 7 415 411 477 411 486 411 486 412 448 412 442 412 415 412
160 7 407 411 415 411 415 412 415 413 415 414 408 414 407 414
161 9 400 411 405 411 407 411 407 414 407 418 402 418 401 418 400 418 400 417
162 4 477 410 486 410 486 411 477 411
163 7 405 410 406 410 477 410 477 411 415 411 407 411 405 411
164 5 406 409 486 409 486 410 477 410 406 410
165 5 406 406 425 406 486 406 486 409 406 409
166 7 425 399 486 399 486 406 425 406 425 405 425 404 425 400
167 4 406 405 425 405 425 406 406 406
168 4 406 404 425 404 425 405 406 405
169 7 405 404 406 404 406 405 406 406 406 409 406 410 405 410
170 7 405 400 418 400 425 400 425 404 406 404 405 404 405 403
171 6 400 403 405 403 405 404 405 410 405 411 400 411
172 6 398 417 400 417 400 418 400 421 399 421 398 421
173 6 398 403 400 403 400 411 400 417 398 417 398 408
174 6 396 408 398 408 398 417 398 421 397 421 396 421
175 4 396 403 398 403 398 408 396 408
176 6 396 400 405 400 405 403 400 403 398 403 396 403
177 6 395 400 396 400 396 403 396 408 396 421 395 421
178 4 418 399 425 399 425 400 418 400
179 5 418 398 486 398 486 399 425 399 418 399
180 7 395 398 418 398 418 399 418 400 405 400 396 400 395 400
181 7 394 398 395 398 395 400 395 421 395 469 394 469 394 415
182 6 394 397 486 397 486 398 418 398 395 398 394 398
183 5 394 395 486 395 486 397 394 397 394 396
184 4 393 415 394 415 394 469 393 469
185 7 388 415 389 415 392 415 393 415 393 469 388 469 388 438
186 8 392 396 394 396 394 397 394 398 394 415 393 415 392 415 392 407
187 4 389 407 392 407 392 415 389 415
188 4 388 407 389 407 389 415 388 415
189 5 386 438 387 438 388 438 388 469 386 469
190 5 380 438 381 438 386 438 386 469 380 469
191 5 387 407 388 407 388 415 388 438 387 438
192 6 387 396 392 396 392 407 389 407 388 407 387 407
193 6 381 396 387 396 387 407 387 438 386 438 381 438
194 6 381 395 394 395 394 396 392 396 387 396 381 396
195 6 381 393 385 393 486 393 486 395 394 395 381 395
196 6 385 390 390 390 436 390 486 390 486 393 385 393
197 8 436 378 486 378 486 390 436 390 436 388 436 387 436 386 436 379
198 5 390 388 436 388 436 390 390 390 390 389
199 4 390 387 436 387 436 388 390 388
200 4 385 389 390 389 390 390 385 390
201 6 381 389 385 389 385 390 385 393 381 393 381 391
202 8 380 391 381 391 381 393 381 395 381 396 381 438 380 438 380 394
203 5 379 394 380 394 380 438 380 469 379 469
204 5 377 394 379 394 379 469 379 513 377 513
205 5 377 391 380 391 380 394 379 394 377 394
206 7 376 391 377 391 377 394 377 513 376 513 376 420 376 392
207 5 374 420 376 420 376 513 374 513 374 428
208 4 373 428 374 428 374 513 373 513
209 4 372 428 373 428 373 513 372 513
210 4 371 428 372 428 372 513 371 513
211 6 371 420 374 420 374 428 373 428 372 428 371 428
212 5 371 392 376 392 376 420 374 420 371 420
213 8 368 392 370 392 371 392 371 420 371 428 371 513 368 513 368 463
214 4 367 463 368 463 368 513 367 513
215 5 366 463 367 463 367 513 366 513 366 501
216 6 366 392 368 392 368 463 367 463 366 463 366 402
217 4 365 501 366 501 366 513 365 513
218 5 365 402 366 402 366 463 366 501 365 501
219 5 358 402 365 402 365 501 365 513 358 513
220 6 358 392 362 392 366 392 366 402 365 402 358 402
221 5 370 391 376 391 376 392 371 392 370 392
222 7 370 389 381 389 381 391 380 391 377 391 376 391 370 391
223 8 370 387 378 387 390 387 390 388 390 389 385 389 381 389 370 389
224 8 362 387 370 387 370 389 370 391 370 392 368 392 366 392 362 392
225 5 378 386 436 386 436 387 390 387 378 387
226 6 378 379 436 379 436 386 378 386 378 385 378 384
227 6 362 385 378 385 378 386 378 387 370 387 362 387
228 5 362 384 363 384 378 384 378 385 362 385
229 7 358 384 360 384 362 384 362 385 362 387 362 392 358 392
230 6 357 384 358 384 358 392 358 402 358 513 357 513
231 6 340 384 343 384 351 384 357 384 357 513 340 513
232 4 363 379 378 379 378 384 363 384
233 5 363 378 436 378 436 379 378 379 363 379
234 5 363 376 486 376 486 378 436 378 363 378
235 7 360 376 363 376 363 378 363 379 363 384 362 384 360 384
236 5 360 375 486 375 486 376 363 376 360 376
237 5 360 374 382 374 486 374 486 375 360 375
238 8 351 374 360 374 360 375 360 376 360 384 358 384 357 384 351 384
239 4 382 371 486 371 486 374 382 374
240 7 351 371 352 371 364 371 382 371 382 374 360 374 351 374
241 6 364 370 383 370 486 370 486 371 382 371 364 371
242 6 383 367 433 367 486 367 486 370 383 370 383 369
243 4 433 366 486 366 486 367 433 367
244 6 433 361 486 361 486 366 433 366 433 364 433 362
245 5 383 364 433 364 433 366 433 367 383 367
246 4 364 369 383 369 383 370 364 370
247 6 364 364 383 364 383 367 383 369 364 369 364 365
248 8 352 365 355 365 359 365 364 365 364 369 364 370 364 371 352 371
249 4 359 364 364 364 364 365 359 365
250 6 359 362 433 362 433 364 383 364 364 364 359 364
251 6 355 362 356 362 359 362 359 364 359 365 355 365
252 6 356 361 391 361 433 361 433 362 359 362 356 362
253 6 391 359 403 359 486 359 486 361 433 361 391 361
254 5 403 356 486 356 486 359 403 359 403 358
255 4 391 358 403 358 403 359 391 359
256 4 391 356 403 356 403 358 391 358
257 5 391 355 486 355 486 356 403 356 391 356
258 8 356 355 391 355 391 356 391 358 391 359 391 361 356 361 356 360
259 5 356 354 486 354 486 355 391 355 356 355
260 4 356 353 486 353 486 354 356 354
261 5 356 352 466 352 486 352 486 353 356 353
262 5 355 360 356 360 356 361 356 362 355 362
263 7 355 352 356 352 356 353 356 354 356 355 356 360 355 360
264 6 352 352 355 352 355 360 355 362 355 365 352 365
265 4 466 351 486 351 486 352 466 352
266 7 466 337 486 337 486 351 466 351 466 348 466 339 466 338
267 7 352 348 466 348 466 351 466 352 356 352 355 352 352 352
268 6 352 339 466 339 466 348 352 348 352 344 352 343
269 8 351 344 352 344 352 348 352 352 352 365 352 371 351 371 351 350
270 7 343 350 349 350 351 350 351 371 351 374 351 384 343 384
271 4 340 350 343 350 343 384 340 384
272 6 333 350 339 350 340 350 340 384 340 513 333 513
273 7 349 344 351 344 351 350 349 350 349 349 349 346 349 345
274 7 339 349 346 349 349 349 349 350 343 350 340 350 339 350
275 4 333 349 339 349 339 350 333 350
276 7 327 349 331 349 333 349 333 350 333 513 327 513 327 471
277 5 321 471 322 471 327 471 327 513 321 513
278 6 322 349 327 349 327 471 322 471 322 380 322 372
279 4 346 346 349 346 349 349 346 349
280 10 331 346 334 346 335 346 344 346 345 346 346 346 346 349 339 349 333 349 331 349
281 5 345 345 349 345 349 346 346 346 345 346
282 5 345 344 347 344 349 344 349 345 345 345
283 5 344 344 345 344 345 345 345 346 344 346
284 6 347 343 352 343 352 344 351 344 349 344 347 344
285 7 347 339 348 339 350 339 352 339 352 343 347 343 347 342
286 5 350 338 466 338 466 339 352 339 350 339
287 4 350 337 466 337 466 338 350 338
288 7 350 336 361 336 369 336 486 336 486 337 466 337 350 337
289 6 348 336 350 336 350 337 350 338 350 339 348 339
290 4 369 335 486 335 486 336 369 336
291 7 369 326 486 326 486 335 369 335 369 333 369 332 369 331
292 4 369 318 486 318 486 326 369 326
293 5 361 333 369 333 369 335 369 336 361 336
294 6 348 333 361 333 361 336 350 336 348 336 348 334
295 5 347 334 348 334 348 336 348 339 347 339
296 6 344 342 347 342 347 343 347 344 345 344 344 344
297 5 335 342 344 342 344 344 344 346 335 346
298 6 335 334 347 334 347 339 347 342 344 342 335 342
299 6 334 334 335 334 335 342 335 346 334 346 334 340
300 6 334 333 348 333 348 334 347 334 335 334 334 334
301 7 334 332 353 332 369 332 369 333 361 333 348 333 334 333
302 4 331 340 334 340 334 346 331 346
303 6 322 340 331 340 331 346 331 349 327 349 322 349
304 7 322 332 334 332 334 333 334 334 334 340 331 340 322 340
305 4 353 331 369 331 369 332 353 332
306 6 322 331 341 331 353 331 353 332 334 332 322 332
307 5 321 380 322 380 322 471 321 471 321 419
308 5 320 419 321 419 321 471 321 513 320 513
309 4 319 419 320 419 320 513 319 513
310 5 319 380 321 380 321 419 320 419 319 419
311 5 319 372 322 372 322 380 321 380 319 380
312 7 318 372 319 372 319 380 319 419 319 513 318 513 318 383
313 8 318 331 322 331 322 332 322 340 322 349 322 372 319 372 318 372
314 4 315 383 318 383 318 513 315 513
315 5 313 383 314 383 315 383 315 513 313 513
316 8 314 331 316 331 317 331 318 331 318 372 318 383 315 383 314 383
317 8 341 318 369 318 369 326 369 331 353 331 341 331 341 330 341 320
318 9 317 330 325 330 328 330 332 330 341 330 341 331 322 331 318 331 317 331
319 8 332 320 341 320 341 330 332 330 332 325 332 324 332 323 332 321
320 5 328 325 332 325 332 330 328 330 328 329
321 4 325 329 328 329 328 330 325 330
322 4 317 329 325 329 325 330 317 330
323 5 316 329 317 329 317 330 317 331 316 331
324 8 316 325 324 325 328 325 328 329 325 329 317 329 316 329 316 328
325 5 324 324 332 324 332 325 328 325 324 325
326 4 324 323 332 323 332 324 324 324
327 6 324 321 329 321 332 321 332 323 324 323 324 322
328 6 316 322 324 322 324 323 324 324 324 325 316 325
329 5 314 328 316 328 316 329 316 331 314 331
330 5 313 328 314 328 314 331 314 383 313 383
331 5 312 328 313 328 313 383 313 513 312 513
332 4 311 328 312 328 312 513 311 513
333 8 311 322 316 322 316 325 316 328 314 328 313 328 312 328 311 328
334 5 311 321 324 321 324 322 316 322 311 322
335 7 310 321 311 321 311 322 311 328 311 513 310 513 310 373
336 4 304 373 310 373 310 513 304 513
337 9 264 373 265 373 269 373 270 373 271 373 304 373 304 513 264 513 264 489
338 7 271 321 272 321 273 321 310 321 310 373 304 373 271 373
339 4 329 320 332 320 332 321 329 321
340 7 329 318 338 318 341 318 341 320 332 320 329 320 329 319
341 6 338 317 486 317 486 318 369 318 341 318 338 318
342 4 329 317 338 317 338 318 329 318
343 12 273 319 275 319 281 319 282 319 284 319 329 319 329 320 329 321 324 321 311 321 310 321 273 321
344 7 284 317 286 317 290 317 329 317 329 318 329 319 284 319
345 11 290 316 292 316 295 316 296 316 307 316 308 316 486 316 486 317 338 317 329 317 290 317
346 6 308 315 330 315 440 315 486 315 486 316 308 316
347 4 440 314 486 314 486 315 440 315
348 4 440 311 486 311 486 314 440 314
349 6 330 311 440 311 440 314 440 315 330 315 330 312
350 4 308 312 330 312 330 315 308 315
351 7 308 311 309 311 323 311 326 311 330 311 330 312 308 312
352 7 326 310 375 310 486 310 486 311 440 311 330 311 326 311
353 4 375 309 486 309 486 310 375 310
354 4 326 309 375 309 375 310 326 310
355 5 323 309 326 309 326 310 326 311 323 311
356 6 323 307 486 307 486 309 375 309 326 309 323 309
357 4 323 303 486 303 486 307 323 307
358 7 309 303 323 303 323 307 323 309 323 311 309 311 309 308
359 4 308 308 309 308 309 311 308 311
360 7 307 308 308 308 308 311 308 312 308 315 308 316 307 316
361 5 307 303 309 303 309 308 308 308 307 308
362 6 307 302 486 302 486 303 323 303 309 303 307 303
363 5 307 300 409 300 486 300 486 302 307 302
364 7 296 300 307 300 307 302 307 303 307 308 307 316 296 316
365 4 409 299 486 299 486 300 409 300
366 5 296 299 409 299 409 300 307 300 296 300
367 5 296 298 486 298 486 299 409 299 296 299
368 4 296 296 486 296 486 298 296 298
369 7 295 296 296 296 296 298 296 299 296 300 296 316 295 316
370 8 295 295 300 295 302 295 410 295 486 295 486 296 296 296 295 296
371 4 410 293 486 293 486 295 410 295
372 7 410 289 486 289 486 293 410 293 410 292 410 291 410 290
373 6 302 292 303 292 410 292 410 293 410 295 302 295
374 5 303 291 305 291 410 291 410 292 303 292
375 4 305 290 410 290 410 291 305 291
376 5 305 289 336 289 410 289 410 290 305 290
377 5 336 288 486 288 486 289 410 289 336 289
378 4 305 288 336 288 336 289 305 289
379 5 305 287 486 287 486 288 336 288 305 288
380 5 305 286 384 286 486 286 486 287 305 287
381 5 384 283 404 283 486 283 486 286 384 286
382 4 404 282 486 282 486 283 404 283
383 4 404 281 486 281 486 282 404 282
384 4 404 280 486 280 486 281 404 281
385 9 404 271 486 271 486 280 404 280 404 279 404 277 404 276 404 273 404 272
386 7 384 279 404 279 404 280 404 281 404 282 404 283 384 283
387 4 384 277 404 277 404 279 384 279
388 4 384 276 404 276 404 277 384 277
389 4 384 273 404 273 404 276 384 276
390 8 305 273 384 273 384 276 384 277 384 279 384 283 384 286 305 286
391 10 303 273 305 273 305 286 305 287 305 288 305 289 305 290 305 291 303 291 303 274
392 5 302 274 303 274 303 291 303 292 302 292
393 6 300 274 302 274 302 292 302 295 300 295 300 275
394 4 295 275 300 275 300 295 295 295
395 5 295 274 297 274 300 274 300 275 295 275
396 8 292 274 293 274 295 274 295 275 295 295 295 296 295 316 292 316
397 6 297 273 303 273 303 274 302 274 300 274 297 274
398 8 297 272 298 272 404 272 404 273 384 273 305 273 303 273 297 273
399 6 293 272 297 272 297 273 297 274 295 274 293 274
400 4 292 272 293 272 293 274 292 274
401 5 298 271 306 271 404 271 404 272 298 272
402 6 306 269 486 269 486 271 404 271 306 271 306 270
403 5 298 270 301 270 306 270 306 271 298 271
404 4 301 269 306 269 306 270 301 270
405 6 301 268 342 268 486 268 486 269 306 269 301 269
406 5 342 264 486 264 486 268 342 268 342 267
407 4 342 262 486 262 486 264 342 264
408 4 342 257 486 257 486 262 342 262
409 4 301 267 342 267 342 268 301 268
410 6 301 257 342 257 342 262 342 264 342 267 301 267
411 11 301 241 486 241 486 257 342 257 301 257 301 256 301 253 301 252 301 251 301 247 301 244
412 12 298 256 301 256 301 257 301 267 301 268 301 269 301 270 298 270 298 265 298 263 298 261 298 259
413 8 292 265 298 265 298 270 298 271 298 272 297 272 293 272 292 272
414 8 290 265 292 265 292 272 292 274 292 316 290 316 290 306 290 294
415 6 286 306 289 306 290 306 290 316 290 317 286 317
416 5 284 306 285 306 286 306 286 317 284 317
417 4 289 294 290 294 290 306 289 306
418 5 285 294 289 294 289 306 286 306 285 306
419 4 284 294 285 294 285 306 284 306
420 7 282 294 284 294 284 306 284 317 284 319 282 319 282 297
421 7 282 265 290 265 290 294 289 294 285 294 284 294 282 294
422 7 282 263 291 263 298 263 298 265 292 265 290 265 282 265
423 4 291 261 298 261 298 263 291 263
424 4 282 261 291 261 291 263 282 263
425 4 281 297 282 297 282 319 281 319
426 7 281 261 282 261 282 263 282 265 282 294 282 297 281 297
427 6 281 259 298 259 298 261 291 261 282 261 281 261
428 6 275 259 281 259 281 261 281 297 281 319 275 319
429 5 275 256 298 256 298 259 281 259 275 259
430 8 275 253 276 253 278 253 294 253 301 253 301 256 298 256 275 256
431 4 294 252 301 252 301 253 294 253
432 4 294 251 301 251 301 252 294 252
433 4 294 247 301 247 301 251 294 251
434 7 294 244 299 244 301 244 301 247 294 247 294 246 294 245
435 4 299 241 301 241 301 244 299 244
436 5 299 239 486 239 486 241 301 241 299 241
437 4 299 238 486 238 486 239 299 239
438 5 299 235 486 235 486 238 299 238 299 237
439 12 299 205 486 205 486 235 299 235 299 234 299 233 299 226 299 216 299 215 299 212 299 210 299 209
440 8 294 237 299 237 299 238 299 239 299 241 299 244 294 244 294 243
441 7 278 246 294 246 294 247 294 251 294 252 294 253 278 253
442 4 276 246 278 246 278 253 276 253
443 5 276 245 294 245 294 246 278 246 276 246
444 5 276 243 294 243 294 244 294 245 276 245
445 6 276 237 279 237 294 237 294 243 276 243 276 240
446 7 275 240 276 240 276 243 276 245 276 246 276 253 275 253
447 8 273 240 274 240 275 240 275 253 275 256 275 259 275 319 273 319
448 5 274 237 276 237 276 240 275 240 274 240
449 7 279 234 287 234 299 234 299 235 299 237 294 237 279 237
450 4 287 233 299 233 299 234 287 234
451 4 279 233 287 233 287 234 279 234
452 6 279 226 283 226 299 226 299 233 287 233 279 233
453 8 283 216 299 216 299 226 283 226 283 221 283 220 283 218 283 217
454 5 279 221 283 221 283 226 279 226 279 222
455 8 274 222 279 222 279 226 279 233 279 234 279 237 276 237 274 237
456 6 273 222 274 222 274 237 274 240 273 240 273 225
457 7 272 225 273 225 273 240 273 319 273 321 272 321 272 305
458 5 271 305 272 305 272 321 271 321 271 313
459 6 271 225 272 225 272 305 271 305 271 236 271 232
460 5 270 313 271 313 271 321 271 373 270 373
461 4 269 313 270 313 270 373 269 373
462 6 269 236 271 236 271 305 271 313 270 313 269 313
463 4 269 232 271 232 271 236 269 236
464 8 265 232 266 232 267 232 269 232 269 236 269 313 269 373 265 373
465 5 267 225 271 225 271 232 269 232 267 232
466 6 267 222 273 222 273 225 272 225 271 225 267 225
467 5 266 222 267 222 267 225 267 232 266 232
468 7 266 221 279 221 279 222 274 222 273 222 267 222 266 222
469 5 265 221 266 221 266 222 266 232 265 232
470 6 265 220 283 220 283 221 279 221 266 221 265 221
471 9 264 220 265 220 265 221 265 232 265 373 264 373 264 341 264 255 264 223
472 5 264 218 283 218 283 220 265 220 264 220
473 4 263 489 264 489 264 513 263 513
474 4 262 489 263 489 263 513 262 513
475 7 262 341 264 341 264 373 264 489 263 489 262 489 262 357
476 5 261 357 262 357 262 489 262 513 261 513
477 4 261 341 262 341 262 357 261 357
478 5 260 341 261 341 261 357 261 513 260 513
479 4 259 341 260 341 260 513 259 513
480 7 259 255 264 255 264 341 262 341 261 341 260 341 259 341
481 5 257 255 259 255 259 341 259 513 257 513
482 4 256 255 257 255 257 513 256 513
483 6 256 223 264 223 264 255 259 255 257 255 256 255
484 11 248 223 249 223 250 223 251 223 252 223 254 223 255 223 256 223 256 255 256 513 248 513
485 6 255 218 264 218 264 220 264 223 256 223 255 223
486 4 254 218 255 218 255 223 254 223
487 6 254 217 283 217 283 218 264 218 255 218 254 218
488 4 254 216 283 216 283 217 254 217
489 6 252 216 254 216 254 217 254 218 254 223 252 223
490 6 252 215 299 215 299 216 283 216 254 216 252 216
491 5 251 215 252 215 252 216 252 223 251 223
492 5 251 212 299 212 299 215 252 215 251 215
493 4 251 210 299 210 299 212 251 212
494 6 250 210 251 210 251 212 251 215 251 223 250 223
495 6 250 209 288 209 299 209 299 210 251 210 250 210
496 7 249 209 250 209 250 210 250 223 249 223 249 214 249 213
497 5 288 205 299 205 299 209 288 209 288 208
498 6 249 208 258 208 288 208 288 209 250 209 249 209
499 4 248 214 249 214 249 223 248 223
500 5 247 214 248 214 248 223 248 513 247 513
501 5 246 214 247 214 247 513 246 513 246 464
502 4 245 464 246 464 246 513 245 513
503 4 243 464 245 464 245 513 243 513
504 7 243 214 246 214 246 464 245 464 243 464 243 284 243 250
505 8 243 213 244 213 249 213 249 214 248 214 247 214 246 214 243 214
506 6 241 284 243 284 243 464 243 513 241 513 241 488
507 4 240 488 241 488 241 513 240 513
508 4 239 488 240 488 240 513 239 513
509 5 239 284 241 284 241 488 240 488 239 488
510 6 236 284 239 284 239 488 239 513 236 513 236 347
511 4 231 347 236 347 236 513 231 513
512 9 215 347 217 347 218 347 220 347 226 347 229 347 231 347 231 513 215 513
513 7 229 284 233 284 235 284 236 284 236 347 231 347 229 347
514 7 235 250 243 250 243 284 241 284 239 284 236 284 235 284
515 7 235 213 237 213 243 213 243 214 243 250 235 250 235 227
516 5 244 208 249 208 249 209 249 213 244 213
517 5 237 208 244 208 244 213 243 213 237 213
518 4 258 205 288 205 288 208 258 208
519 6 258 204 486 204 486 205 299 205 288 205 258 205
520 4 258 203 486 203 486 204 258 204
521 4 258 201 486 201 486 203 258 203
522 4 258 195 486 195 486 201 258 201
523 15 237 195 258 195 258 201 258 203 258 204 258 205 258 208 249 208 244 208 237 208 237 202 237 200 237 199 237 197 237 196
524 5 237 191 486 191 486 195 258 195 237 195
525 5 235 202 237 202 237 208 237 213 235 213
526 5 233 227 235 227 235 250 235 284 233 284
527 4 229 227 233 227 233 284 229 284
528 6 226 227 229 227 229 284 229 347 226 347 226 254
529 7 226 202 235 202 235 213 235 227 233 227 229 227 226 227
530 6 220 254 221 254 224 254 226 254 226 347 220 347
531 6 224 202 226 202 226 227 226 254 224 254 224 219
532 6 224 200 237 200 237 202 235 202 226 202 224 202
533 5 224 199 225 199 237 199 237 200 224 200
534 4 221 219 224 219 224 254 221 254
535 7 221 199 223 199 224 199 224 200 224 202 224 219 221 219
536 4 225 197 237 197 237 199 225 199
537 4 225 196 237 196 237 197 225 197
538 5 225 191 237 191 237 195 237 196 225 196
539 7 223 191 225 191 225 196 225 197 225 199 224 199 223 199
540 7 223 185 486 185 486 191 237 191 225 191 223 191 223 186
541 5 221 186 223 186 223 191 223 199 221 199
542 8 220 186 221 186 221 199 221 219 221 254 220 254 220 188 220 187
543 7 218 188 220 188 220 254 220 347 218 347 218 190 218 189
544 4 217 190 218 190 218 347 217 347
545 6 215 190 217 190 217 347 215 347 215 207 215 193
546 7 213 207 214 207 215 207 215 347 215 513 213 513 213 401
547 10 196 401 197 401 199 401 200 401 201 401 203 401 212 401 213 401 213 513 196 513
548 5 212 207 213 207 213 401 212 401 212 301
549 6 203 301 209 301 210 301 212 301 212 401 203 401
550 5 210 207 212 207 212 301 210 301 210 258
551 5 209 258 210 258 210 301 209 301 209 260
552 6 203 260 204 260 206 260 209 260 209 301 203 301
553 5 206 258 207 258 209 258 209 260 206 260
554 8 207 207 210 207 210 258 209 258 207 258 207 230 207 229 207 211
555 6 214 193 215 193 215 207 214 207 214 198 214 194
556 7 207 198 214 198 214 207 213 207 212 207 210 207 207 207
557 4 206 230 207 230 207 258 206 258
558 6 204 230 206 230 206 258 206 260 204 260 204 242
559 4 203 242 204 242 204 260 203 260
560 6 201 242 203 242 203 260 203 301 203 401 201 401
561 5 201 230 204 230 204 242 203 242 201 242
562 5 200 230 201 230 201 242 201 401 200 401
563 6 199 230 200 230 200 401 199 401 199 381 199 231
564 8 199 229 207 229 207 230 206 230 204 230 201 230 200 230 199 230
565 4 197 381 199 381 199 401 197 401
566 4 197 231 199 231 199 381 197 381
567 5 196 231 197 231 197 381 197 401 196 401
568 10 182 231 185 231 186 231 188 231 190 231 191 231 196 231 196 401 196 513 182 513
569 7 191 229 199 229 199 230 199 231 197 231 196 231 191 231
570 9 191 211 192 211 193 211 198 211 202 211 207 211 207 229 199 229 191 229
571 5 202 198 207 198 207 207 207 211 202 211
572 4 198 198 202 198 202 211 198 211
573 4 193 198 198 198 198 211 193 211
574 4 192 198 193 198 193 211 192 211
575 8 192 194 214 194 214 198 207 198 202 198 198 198 193 198 192 198
576 4 192 193 214 193 214 194 192 194
577 6 191 193 192 193 192 194 192 198 192 211 191 211
578 6 190 193 191 193 191 211 191 229 191 231 190 231
579 5 188 193 190 193 190 231 188 231 188 228
580 8 188 190 215 190 215 193 214 193 192 193 191 193 190 193 188 193
581 4 186 228 188 228 188 231 186 231
582 5 186 190 188 190 188 193 188 228 186 228
583 7 186 189 218 189 218 190 217 190 215 190 188 190 186 190
584 6 185 189 186 189 186 190 186 228 186 231 185 231
585 5 185 188 218 188 218 189 186 189 185 189
586 5 185 187 220 187 220 188 218 188 185 188
587 7 182 187 184 187 185 187 185 188 185 189 185 231 182 231
588 5 180 187 182 187 182 231 182 513 180 513
589 5 179 187 180 187 180 513 179 513 179 465
590 7 184 186 195 186 211 186 220 186 220 187 185 187 184 187
591 6 211 185 223 185 223 186 221 186 220 186 211 186
592 6 211 184 447 184 486 184 486 185 223 185 211 185
593 6 195 184 208 184 211 184 211 185 211 186 195 186
594 4 447 183 486 183 486 184 447 184
595 4 447 182 486 182 486 183 447 183
596 4 447 181 486 181 486 182 447 182
597 4 447 180 486 180 486 181 447 181
598 11 208 180 227 180 230 180 242 180 447 180 447 181 447 182 447 183 447 184 211 184 208 184
599 7 242 178 253 178 268 178 486 178 486 180 447 180 242 180
600 5 268 177 280 177 486 177 486 178 268 178
601 4 280 172 486 172 486 177 280 177
602 5 280 168 486 168 486 172 280 172 280 169
603 5 268 169 280 169 280 172 280 177 268 177
604 8 253 169 268 169 268 177 268 178 253 178 253 174 253 171 253 170
605 5 242 174 253 174 253 178 242 178 242 176
606 6 230 176 242 176 242 178 242 180 230 180 230 179
607 5 230 174 242 174 242 176 230 176 230 175
608 5 230 171 253 171 253 174 242 174 230 174
609 4 230 170 253 170 253 171 230 171
610 4 227 179 230 179 230 180 227 180
611 4 208 179 227 179 227 180 208 180
612 6 208 175 230 175 230 176 230 179 227 179 208 179
613 6 195 175 208 175 208 179 208 180 208 184 195 184
614 5 184 175 195 175 195 184 195 186 184 186
615 7 179 175 184 175 184 186 184 187 182 187 180 187 179 187
616 4 176 465 179 465 179 513 176 513
617 4 161 465 176 465 176 513 161 513
618 7 161 175 162 175 179 175 179 187 179 465 176 465 161 465
619 10 162 170 230 170 230 171 230 174 230 175 208 175 195 175 184 175 179 175 162 175
620 9 162 169 163 169 164 169 169 169 170 169 253 169 253 170 230 170 162 170
621 7 170 168 172 168 280 168 280 169 268 169 253 169 170 169
622 5 172 167 486 167 486 168 280 168 172 168
623 7 172 166 173 166 174 166 234 166 486 166 486 167 172 167
624 4 234 164 486 164 486 166 234 166
625 4 234 163 486 163 486 164 234 164
626 5 174 163 234 163 234 164 234 166 174 166
627 6 174 162 183 162 486 162 486 163 234 163 174 163
628 4 183 161 486 161 486 162 183 162
629 4 183 160 486 160 486 161 183 161
630 4 183 159 486 159 486 160 183 160
631 4 183 158 486 158 486 159 183 159
632 6 183 157 187 157 354 157 486 157 486 158 183 158
633 5 354 152 486 152 486 157 354 157 354 156
634 5 187 156 189 156 354 156 354 157 187 157
635 6 189 152 232 152 354 152 354 156 189 156 189 153
636 5 232 151 486 151 486 152 354 152 232 152
637 4 232 150 486 150 486 151 232 151
638 4 232 145 486 145 486 150 232 150
639 4 232 142 486 142 486 145 232 145
640 10 189 142 232 142 232 145 232 150 232 151 232 152 189 152 189 149 189 147 189 143
641 4 187 153 189 153 189 156 187 156
642 5 183 153 187 153 187 156 187 157 183 157
643 9 174 153 183 153 183 157 183 158 183 159 183 160 183 161 183 162 174 162
644 9 174 149 178 149 181 149 189 149 189 152 189 153 187 153 183 153 174 153
645 5 181 147 189 147 189 149 181 149 181 148
646 6 181 143 189 143 189 147 181 147 181 146 181 144
647 4 178 148 181 148 181 149 178 149
648 5 174 148 175 148 178 148 178 149 174 149
649 8 173 148 174 148 174 149 174 153 174 162 174 163 174 166 173 166
650 4 172 148 173 148 173 166 172 166
651 6 175 146 181 146 181 147 181 148 178 148 175 148
652 6 172 146 175 146 175 148 174 148 173 148 172 148
653 7 170 146 172 146 172 148 172 166 172 167 172 168 170 168
654 6 170 144 181 144 181 146 175 146 172 146 170 146
655 6 169 144 170 144 170 146 170 168 170 169 169 169
656 5 169 143 181 143 181 144 170 144 169 144
657 6 164 143 169 143 169 144 169 169 164 169 164 155
658 10 164 142 165 142 166 142 168 142 171 142 189 142 189 143 181 143 169 143 164 143
659 8 171 141 177 141 277 141 486 141 486 142 232 142 189 142 171 142
660 4 277 140 486 140 486 141 277 141
661 4 277 139 486 139 486 140 277 140
662 5 177 139 277 139 277 140 277 141 177 141
663 5 177 138 486 138 486 139 277 139 177 139
664 5 171 138 177 138 177 139 177 141 171 141
665 5 171 136 486 136 486 138 177 138 171 138
666 5 171 110 486 110 486 136 171 136 171 119
667 9 168 119 171 119 171 136 171 138 171 141 171 142 168 142 168 135 168 122
668 5 166 135 167 135 168 135 168 142 166 142
669 9 167 122 168 122 168 135 167 135 167 133 167 128 167 127 167 126 167 124
670 4 166 133 167 133 167 135 166 135
671 4 166 128 167 128 167 133 166 133
672 7 165 128 166 128 166 133 166 135 166 142 165 142 165 131
673 5 164 131 165 131 165 142 164 142 164 132
674 4 163 155 164 155 164 169 163 169
675 4 162 155 163 155 163 169 162 169
676 6 161 155 162 155 162 169 162 170 162 175 161 175
677 6 160 155 161 155 161 175 161 465 161 513 160 513
678 9 160 132 164 132 164 142 164 143 164 155 163 155 162 155 161 155 160 155
679 5 159 132 160 132 160 155 160 513 159 513
680 5 159 131 164 131 164 132 160 132 159 132
681 5 157 131 159 131 159 132 159 513 157 513
682 6 155 131 156 131 157 131 157 513 155 513 155 137
683 9 156 128 165 128 165 131 164 131 159 131 157 131 156 131 156 130 156 129
684 4 155 130 156 130 156 131 155 131
685 5 154 137 155 137 155 513 154 513 154 224
686 4 153 224 154 224 154 513 153 513
687 5 152 224 153 224 153 513 152 513 152 327
688 5 151 327 152 327 152 513 151 513 151 478
689 4 150 478 151 478 151 513 150 513
690 4 149 478 150 478 150 513 149 513
691 4 148 478 149 478 149 513 148 513
692 8 148 327 151 327 151 478 150 478 149 478 148 478 148 433 148 368
693 5 148 224 152 224 152 327 151 327 148 327
694 5 146 433 148 433 148 478 148 513 146 513
695 4 144 433 146 433 146 513 144 513
696 11 113 433 114 433 116 433 120 433 125 433 128 433 130 433 144 433 144 513 113 513 113 508
697 10 130 368 135 368 136 368 138 368 141 368 148 368 148 433 146 433 144 433 130 433
698 5 141 224 148 224 148 327 148 368 141 368
699 7 141 137 154 137 154 224 153 224 152 224 148 224 141 224
700 7 141 130 143 130 155 130 155 131 155 137 154 137 141 137
701 8 138 130 141 130 141 137 141 224 141 368 138 368 138 249 138 154
702 5 143 129 156 129 156 130 155 130 143 130
703 4 143 128 156 128 156 129 143 129
704 8 143 127 147 127 167 127 167 128 166 128 165 128 156 128 143 128
705 7 138 127 143 127 143 128 143 129 143 130 141 130 138 130
706 4 136 249 138 249 138 368 136 368
707 5 136 154 137 154 138 154 138 249 136 249
708 5 137 127 138 127 138 130 138 154 137 154
709 4 147 126 167 126 167 127 147 127
710 7 137 126 142 126 147 126 147 127 143 127 138 127 137 127
711 5 136 126 137 126 137 127 137 154 136 154
712 6 135 126 136 126 136 154 136 249 136 368 135 368
713 7 142 124 145 124 167 124 167 126 147 126 142 126 142 125
714 6 135 125 142 125 142 126 137 126 136 126 135 126
715 5 135 124 140 124 142 124 142 125 135 125
716 6 130 124 135 124 135 125 135 126 135 368 130 368
717 4 145 122 167 122 167 124 145 124
718 5 140 122 145 122 145 124 142 124 140 124
719 7 140 119 168 119 168 122 167 122 145 122 140 122 140 121
720 8 140 110 171 110 171 119 168 119 140 119 140 116 140 113 140 112
721 10 130 121 132 121 133 121 134 121 139 121 140 121 140 122 140 124 135 124 130 124
722 6 128 121 130 121 130 124 130 368 130 433 128 433
723 5 139 116 140 116 140 119 140 121 139 121
724 4 134 116 139 116 139 121 134 121
725 6 133 116 134 116 134 121 133 121 133 118 133 117
726 5 132 118 133 118 133 121 132 121 132 120
727 4 132 117 133 117 133 118 132 118
728 5 128 120 132 120 132 121 130 121 128 121
729 8 125 120 126 120 127 120 128 120 128 121 128 433 125 433 125 285
730 8 127 117 129 117 131 117 132 117 132 118 132 120 128 120 127 120
731 4 126 117 127 117 127 120 126 120
732 5 131 116 133 116 133 117 132 117 131 117
733 7 131 113 140 113 140 116 139 116 134 116 133 116 131 116
734 5 129 113 131 113 131 116 131 117 129 117
735 7 126 113 129 113 129 117 127 117 126 117 126 115 126 114
736 5 125 115 126 115 126 117 126 120 125 120
737 5 120 285 121 285 125 285 125 433 120 433
738 5 116 285 118 285 120 285 120 433 116 433
739 6 121 115 125 115 125 120 125 285 121 285 121 192
740 5 118 192 121 192 121 285 120 285 118 285
741 5 118 115 119 115 121 115 121 192 118 192
742 5 116 115 118 115 118 192 118 285 116 285
743 6 119 114 126 114 126 115 125 115 121 115 119 115
744 4 119 113 126 113 126 114 119 114
745 7 119 112 140 112 140 113 131 113 129 113 126 113 119 113
746 7 116 112 119 112 119 113 119 114 119 115 118 115 116 115
747 6 114 112 116 112 116 115 116 285 116 433 114 433
748 6 114 110 140 110 140 112 119 112 116 112 114 112
749 7 114 109 158 109 486 109 486 110 171 110 140 110 114 110
750 4 158 107 486 107 486 109 158 109
751 6 158 106 194 106 337 106 486 106 486 107 158 107
752 5 114 106 158 106 158 107 158 109 114 109
753 8 113 106 114 106 114 109 114 110 114 112 114 433 113 433 113 382
754 4 337 105 486 105 486 106 337 106
755 5 194 105 238 105 337 105 337 106 194 106
756 10 238 97 486 97 486 105 337 105 238 105 238 102 238 101 238 100 238 99 238 98
757 6 194 102 238 102 238 105 194 105 194 104 194 103
758 7 113 104 194 104 194 105 194 106 158 106 114 106 113 106
759 6 103 508 105 508 106 508 113 508 113 513 103 513
760 9 106 382 107 382 108 382 110 382 112 382 113 382 113 433 113 508 106 508
761 6 112 104 113 104 113 106 113 382 112 382 112 278
762 4 110 278 112 278 112 382 110 382
763 5 108 278 109 278 110 278 110 382 108 382
764 5 109 104 112 104 112 278 110 278 109 278
765 6 109 103 194 103 194 104 113 104 112 104 109 104
766 4 109 102 194 102 194 103 109 103
767 5 109 101 238 101 238 102 194 102 109 102
768 7 108 101 109 101 109 102 109 103 109 104 109 278 108 278
769 5 107 101 108 101 108 278 108 382 107 382
770 6 107 100 238 100 238 101 109 101 108 101 107 101
771 5 107 99 228 99 238 99 238 100 107 100
772 7 106 99 107 99 107 100 107 101 107 382 106 382 106 266
773 5 105 266 106 266 106 382 106 508 105 508
774 4 103 266 105 266 105 508 103 508
775 5 96 266 103 266 103 508 103 513 96 513
776 6 88 266 89 266 90 266 96 266 96 513 88 513
777 10 90 99 98 99 99 99 106 99 106 266 105 266 103 266 96 266 90 266 90 248
778 4 228 98 238 98 238 99 228 99
779 7 99 98 100 98 228 98 228 99 107 99 106 99 99 99
780 6 100 97 101 97 238 97 238 98 228 98 100 98
781 7 101 96 102 96 104 96 486 96 486 97 238 97 101 97
782 4 104 95 486 95 486 96 104 96
783 7 104 94 117 94 122 94 124 94 486 94 486 95 104 95
784 4 124 93 486 93 486 94 124 94
785 5 124 90 216 90 486 90 486 93 124 93
786 6 122 90 124 90 124 93 124 94 122 94 122 91
787 4 216 89 486 89 486 90 216 90
788 5 216 88 219 88 486 88 486 89 216 89
789 5 219 86 222 86 486 86 486 88 219 88
790 4 222 85 486 85 486 86 222 86
791 4 222 84 486 84 486 85 222 85
792 11 222 57 486 57 486 84 222 84 222 79 222 77 222 76 222 75 222 68 222 66 222 58
793 8 219 79 222 79 222 84 222 85 222 86 219 86 219 82 219 81
794 5 216 82 219 82 219 86 219 88 216 88
795 8 122 82 216 82 216 88 216 89 216 90 124 90 122 90 122 83
796 4 117 91 122 91 122 94 117 94
797 4 104 91 117 91 117 94 104 94
798 6 102 91 104 91 104 94 104 95 104 96 102 96
799 4 101 91 102 91 102 96 101 96
800 9 101 83 122 83 122 90 122 91 117 91 104 91 102 91 101 91 101 87
801 6 100 87 101 87 101 91 101 96 101 97 100 97
802 5 99 87 100 87 100 97 100 98 99 98
803 5 98 87 99 87 99 98 99 99 98 99
804 6 98 83 101 83 101 87 100 87 99 87 98 87
805 5 98 82 122 82 122 83 101 83 98 83
806 7 98 81 123 81 219 81 219 82 216 82 122 82 98 82
807 9 90 81 91 81 95 81 98 81 98 82 98 83 98 87 98 99 90 99
808 4 123 79 219 79 219 81 123 81
809 8 95 79 111 79 115 79 123 79 123 81 98 81 95 81 95 80
810 6 115 77 222 77 222 79 219 79 123 79 115 79
811 4 111 77 115 77 115 79 111 79
812 4 95 77 111 77 111 79 95 79
813 7 95 76 97 76 222 76 222 77 115 77 111 77 95 77
814 4 91 80 95 80 95 81 91 81
815 4 90 80 91 80 91 81 90 81
816 4 89 248 90 248 90 266 89 266
817 6 89 80 90 80 90 81 90 99 90 248 89 248
818 8 89 76 95 76 95 77 95 79 95 80 91 80 90 80 89 80
819 6 88 76 89 76 89 80 89 248 89 266 88 266
820 4 97 75 222 75 222 76 97 76
821 8 97 68 222 68 222 75 97 75 97 74 97 72 97 71 97 70
822 9 88 74 93 74 94 74 97 74 97 75 97 76 95 76 89 76 88 76
823 6 87 74 88 74 88 76 88 266 88 513 87 513
824 4 86 74 87 74 87 513 86 513
825 6 85 74 86 74 86 513 85 513 85 377 85 78
826 5 94 72 97 72 97 74 94 74 94 73
827 4 94 71 97 71 97 72 94 72
828 4 94 70 97 70 97 71 94 71
829 4 93 73 94 73 94 74 93 74
830 7 85 73 93 73 93 74 88 74 87 74 86 74 85 74
831 4 84 377 85 377 85 513 84 513
832 7 84 78 85 78 85 377 84 377 84 304 84 165 84 92
833 6 74 304 75 304 84 304 84 377 84 513 74 513
834 8 75 165 79 165 81 165 82 165 83 165 84 165 84 304 75 304
835 4 83 92 84 92 84 165 83 165
836 4 82 92 83 92 83 165 82 165
837 4 81 92 82 92 82 165 81 165
838 5 79 92 81 92 81 165 79 165 79 134
839 7 79 78 84 78 84 92 83 92 82 92 81 92 79 92
840 6 79 73 85 73 85 74 85 78 84 78 79 78
841 5 75 134 77 134 79 134 79 165 75 165
842 5 74 134 75 134 75 165 75 304 74 304
843 5 73 134 74 134 74 304 74 513 73 513
844 6 77 73 79 73 79 78 79 92 79 134 77 134
845 10 77 70 78 70 94 70 94 71 94 72 94 73 93 73 85 73 79 73 77 73
846 7 73 70 77 70 77 73 77 134 75 134 74 134 73 134
847 6 72 70 73 70 73 134 73 513 72 513 72 111
848 6 78 68 97 68 97 70 94 70 78 70 78 69
849 7 72 69 76 69 78 69 78 70 77 70 73 70 72 70
850 4 76 68 78 68 78 69 76 69
851 6 76 66 222 66 222 68 97 68 78 68 76 68
852 5 72 66 76 66 76 68 76 69 72 69
853 5 70 111 71 111 72 111 72 513 70 513
854 13 41 111 42 111 45 111 49 111 50 111 51 111 52 111 53 111 55 111 70 111 70 513 41 513 41 206
855 8 71 66 72 66 72 69 72 70 72 111 71 111 71 108 71 67
856 8 71 58 205 58 222 58 222 66 76 66 72 66 71 66 71 63
857 8 55 108 56 108 58 108 69 108 71 108 71 111 70 111 55 111
858 4 69 67 71 67 71 108 69 108
859 8 58 67 61 67 62 67 63 67 65 67 69 67 69 108 58 108
860 7 65 63 66 63 71 63 71 66 71 67 69 67 65 67
861 6 66 58 67 58 68 58 71 58 71 63 66 63
862 4 205 57 222 57 222 58 205 58
863 7 205 51 486 51 486 57 222 57 205 57 205 55 205 54
864 6 68 55 205 55 205 57 205 58 71 58 68 58
865 4 68 54 205 54 205 55 68 55
866 5 68 51 92 51 205 51 205 54 68 54
867 8 92 34 486 34 486 51 205 51 92 51 92 49 92 37 92 36
868 4 68 49 92 49 92 51 68 51
869 7 67 49 68 49 68 51 68 54 68 55 68 58 67 58
870 10 67 37 92 37 92 49 68 49 67 49 67 44 67 43 67 41 67 39 67 38
871 6 66 44 67 44 67 49 67 58 66 58 66 47
872 6 65 47 66 47 66 58 66 63 65 63 65 48
873 5 63 48 65 48 65 63 65 67 63 67
874 4 62 48 63 48 63 67 62 67
875 5 61 48 62 48 62 67 61 67 61 50
876 7 58 50 60 50 61 50 61 67 58 67 58 65 58 52
877 4 60 48 61 48 61 50 60 50
878 7 60 47 65 47 65 48 63 48 62 48 61 48 60 48
879 5 58 47 60 47 60 48 60 50 58 50
880 5 56 65 58 65 58 67 58 108 56 108
881 4 56 52 58 52 58 65 56 65
882 5 56 47 58 47 58 50 58 52 56 52
883 8 56 44 57 44 66 44 66 47 65 47 60 47 58 47 56 47
884 7 55 44 56 44 56 47 56 52 56 65 56 108 55 108
885 5 53 44 55 44 55 108 55 111 53 111
886 5 57 43 67 43 67 44 66 44 57 44
887 5 57 41 64 41 67 41 67 43 57 43
888 7 53 41 57 41 57 43 57 44 56 44 55 44 53 44
889 5 64 39 67 39 67 41 64 41 64 40
890 6 53 40 59 40 64 40 64 41 57 41 53 41
891 6 52 40 53 40 53 41 53 44 53 111 52 111
892 4 59 39 64 39 64 40 59 40
893 6 52 39 54 39 59 39 59 40 53 40 52 40
894 6 54 38 67 38 67 39 64 39 59 39 54 39
895 4 52 38 54 38 54 39 52 39
896 6 51 38 52 38 52 39 52 40 52 111 51 111
897 6 51 37 67 37 67 38 54 38 52 38 51 38
898 6 51 36 80 36 92 36 92 37 67 37 51 37
899 9 50 36 51 36 51 37 51 38 51 111 50 111 50 62 50 60 50 53
900 4 80 34 92 34 92 36 80 36
901 5 80 33 486 33 486 34 92 34 80 34
902 4 80 26 486 26 486 33 80 33
903 7 50 26 80 26 80 33 80 34 80 36 51 36 50 36
904 5 50 24 486 24 486 26 80 26 50 26
905 4 49 62 50 62 50 111 49 111
906 4 49 60 50 60 50 62 49 62
907 7 45 60 46 60 48 60 49 60 49 62 49 111 45 111
908 5 42 60 44 60 45 60 45 111 42 111
909 5 48 53 50 53 50 60 49 60 48 60
910 5 46 53 48 53 48 60 46 60 46 59
911 7 46 24 50 24 50 26 50 36 50 53 48 53 46 53
912 10 46 3 47 3 486 3 486 24 50 24 46 24 46 17 46 10 46 6 46 4
913 5 44 59 46 59 46 60 45 60 44 60
914 10 44 17 46 17 46 24 46 53 46 59 44 59 44 56 44 42 44 20 44 19
915 6 42 56 43 56 44 56 44 59 44 60 42 60
916 4 43 42 44 42 44 56 43 56
917 4 43 20 44 20 44 42 43 42
918 8 42 20 43 20 43 42 43 56 42 56 42 25 42 23 42 22
919 8 41 25 42 25 42 56 42 60 42 111 41 111 41 28 41 27
920 4 40 206 41 206 41 513 40 513
921 5 40 28 41 28 41 111 41 206 40 206
922 6 39 28 40 28 40 206 40 513 39 513 39 29
923 4 38 29 39 29 39 513 38 513
924 7 37 29 38 29 38 513 37 513 37 35 37 32 37 30
925 4 35 35 37 35 37 513 35 513
926 4 34 35 35 35 35 513 34 513
927 5 33 35 34 35 34 513 33 513 33 46
928 5 32 46 33 46 33 513 32 513 32 64
929 4 31 64 32 64 32 513 31 513
930 4 31 46 32 46 32 64 31 64
931 6 30 46 31 46 31 64 31 513 30 513 30 61
932 4 27 61 30 61 30 513 27 513
933 6 27 46 28 46 29 46 30 46 30 61 27 61
934 8 29 35 33 35 33 46 32 46 31 46 30 46 29 46 29 45
935 4 28 45 29 45 29 46 28 46
936 4 28 35 29 35 29 45 28 45
937 8 28 32 37 32 37 35 35 35 34 35 33 35 29 35 28 35
938 6 27 32 28 32 28 35 28 45 28 46 27 46
939 8 24 32 25 32 26 32 27 32 27 46 27 61 27 513 24 513
940 8 26 30 36 30 37 30 37 32 28 32 27 32 26 32 26 31
941 4 36 29 37 29 37 30 36 30
942 6 36 28 39 28 39 29 38 29 37 29 36 29
943 6 36 27 41 27 41 28 40 28 39 28 36 28
944 6 26 27 36 27 36 28 36 29 36 30 26 30
945 5 26 25 41 25 41 27 36 27 26 27
946 5 26 23 42 23 42 25 41 25 26 25
947 4 25 31 26 31 26 32 25 32
948 4 24 31 25 31 25 32 24 32
949 5 23 31 24 31 24 32 24 513 23 513
950 4 21 31 23 31 23 513 21 513
951 11 21 23 22 23 26 23 26 25 26 27 26 30 26 31 25 31 24 31 23 31 21 31
952 5 22 22 42 22 42 23 26 23 22 23
953 5 22 20 42 20 42 22 22 22 22 21
954 5 21 21 22 21 22 22 22 23 21 23
955 6 20 21 21 21 21 23 21 31 21 513 20 513
956 6 15 21 18 21 20 21 20 513 15 513 15 363
957 6 18 20 22 20 22 21 21 21 20 21 18 21
958 7 18 19 44 19 44 20 43 20 42 20 22 20 18 20
959 5 18 17 44 17 44 19 18 19 18 18
960 7 15 18 17 18 18 18 18 19 18 20 18 21 15 21
961 4 17 17 18 17 18 18 17 18
962 12 17 10 46 10 46 17 44 17 18 17 17 17 17 16 17 15 17 14 17 13 17 12 17 11
963 5 15 16 17 16 17 17 17 18 15 18
964 6 9 363 11 363 14 363 15 363 15 513 9 513
965 6 14 16 15 16 15 18 15 21 15 363 14 363
966 5 14 15 17 15 17 16 15 16 14 16
967 7 11 15 14 15 14 16 14 363 11 363 11 173 11 123
968 5 9 173 10 173 11 173 11 363 9 363
969 5 6 173 9 173 9 363 9 513 6 513
970 4 10 123 11 123 11 173 10 173
971 5 6 123 10 123 10 173 9 173 6 173
972 6 0 123 1 123 6 123 6 173 6 513 0 513
973 8 1 15 2 15 3 15 11 15 11 123 10 123 6 123 1 123
974 10 3 14 5 14 7 14 8 14 13 14 17 14 17 15 14 15 11 15 3 15
975 4 13 13 17 13 17 14 13 14
976 4 8 13 13 13 13 14 8 14
977 6 8 12 12 12 17 12 17 13 13 13 8 13
978 5 12 11 16 11 17 11 17 12 12 12
979 4 16 10 17 10 17 11 16 11
980 4 12 10 16 10 16 11 12 11
981 5 8 10 12 10 12 11 12 12 8 12
982 9 8 6 46 6 46 10 17 10 16 10 12 10 8 10 8 8 8 7
983 7 7 8 8 8 8 10 8 12 8 13 8 14 7 14
984 4 5 8 7 8 7 14 5 14
985 5 3 8 5 8 5 14 3 14 3 9
986 5 2 9 3 9 3 14 3 15 2 15
987 4 2 8 3 8 3 9 2 9
988 7 2 7 8 7 8 8 7 8 5 8 3 8 2 8
989 6 1 7 2 7 2 8 2 9 2 15 1 15
990 6 1 6 4 6 8 6 8 7 2 7 1 7
991 6 0 6 1 6 1 7 1 15 1 123 0 123
992 7 4 4 19 4 46 4 46 6 8 6 4 6 4 5
993 4 19 3 46 3 46 4 19 4
994 6 47 0 486 0 486 3 47 3 47 2 47 1
995 5 19 2 47 2 47 3 46 3 19 3
996 5 4 2 19 2 19 3 19 4 4 4
997 5 0 5 4 5 4 6 1 6 0 6
998 5 0 2 4 2 4 4 4 5 0 5
999 6 0 1 47 1 47 2 19 2 4 2 0 2
1000 4 0 0 47 0 47 1 0 1
